subgroup,endpoint,treatment,arm_role,treatment_label,curve_id,best_dist,aic,bic,time_months,survival
dMMR,PFS,placebo_chemo,comparator,Placebo + paclitaxel-carboplatin,dMMR_PFS_placebo_chemo,loglogistic,421.22687510474,426.68165074216466,0,1
dMMR,PFS,placebo_chemo,comparator,Placebo + paclitaxel-carboplatin,dMMR_PFS_placebo_chemo,loglogistic,421.22687510474,426.68165074216466,1,0.9887556137532388
dMMR,PFS,placebo_chemo,comparator,Placebo + paclitaxel-carboplatin,dMMR_PFS_placebo_chemo,loglogistic,421.22687510474,426.68165074216466,2,0.9558800284091703
dMMR,PFS,placebo_chemo,comparator,Placebo + paclitaxel-carboplatin,dMMR_PFS_placebo_chemo,loglogistic,421.22687510474,426.68165074216466,3,0.9051900249897009
dMMR,PFS,placebo_chemo,comparator,Placebo + paclitaxel-carboplatin,dMMR_PFS_placebo_chemo,loglogistic,421.22687510474,426.68165074216466,4,0.8422229134689245
dMMR,PFS,placebo_chemo,comparator,Placebo + paclitaxel-carboplatin,dMMR_PFS_placebo_chemo,loglogistic,421.22687510474,426.68165074216466,5,0.7727466683797432
dMMR,PFS,placebo_chemo,comparator,Placebo + paclitaxel-carboplatin,dMMR_PFS_placebo_chemo,loglogistic,421.22687510474,426.68165074216466,6,0.7017011860862882
dMMR,PFS,placebo_chemo,comparator,Placebo + paclitaxel-carboplatin,dMMR_PFS_placebo_chemo,loglogistic,421.22687510474,426.68165074216466,7,0.6327126042209619
dMMR,PFS,placebo_chemo,comparator,Placebo + paclitaxel-carboplatin,dMMR_PFS_placebo_chemo,loglogistic,421.22687510474,426.68165074216466,8,0.5680754191501016
dMMR,PFS,placebo_chemo,comparator,Placebo + paclitaxel-carboplatin,dMMR_PFS_placebo_chemo,loglogistic,421.22687510474,426.68165074216466,9,0.5089896172892123
dMMR,PFS,placebo_chemo,comparator,Placebo + paclitaxel-carboplatin,dMMR_PFS_placebo_chemo,loglogistic,421.22687510474,426.68165074216466,10,0.45587199740704953
dMMR,PFS,placebo_chemo,comparator,Placebo + paclitaxel-carboplatin,dMMR_PFS_placebo_chemo,loglogistic,421.22687510474,426.68165074216466,11,0.40863878784897945
dMMR,PFS,placebo_chemo,comparator,Placebo + paclitaxel-carboplatin,dMMR_PFS_placebo_chemo,loglogistic,421.22687510474,426.68165074216466,12,0.3669215241829775
dMMR,PFS,placebo_chemo,comparator,Placebo + paclitaxel-carboplatin,dMMR_PFS_placebo_chemo,loglogistic,421.22687510474,426.68165074216466,13,0.33021482118378553
dMMR,PFS,placebo_chemo,comparator,Placebo + paclitaxel-carboplatin,dMMR_PFS_placebo_chemo,loglogistic,421.22687510474,426.68165074216466,14,0.29796930076252814
dMMR,PFS,placebo_chemo,comparator,Placebo + paclitaxel-carboplatin,dMMR_PFS_placebo_chemo,loglogistic,421.22687510474,426.68165074216466,15,0.26964547070307265
dMMR,PFS,placebo_chemo,comparator,Placebo + paclitaxel-carboplatin,dMMR_PFS_placebo_chemo,loglogistic,421.22687510474,426.68165074216466,16,0.2447419418227781
dMMR,PFS,placebo_chemo,comparator,Placebo + paclitaxel-carboplatin,dMMR_PFS_placebo_chemo,loglogistic,421.22687510474,426.68165074216466,17,0.22280779690791086
dMMR,PFS,placebo_chemo,comparator,Placebo + paclitaxel-carboplatin,dMMR_PFS_placebo_chemo,loglogistic,421.22687510474,426.68165074216466,18,0.20344572827427754
dMMR,PFS,placebo_chemo,comparator,Placebo + paclitaxel-carboplatin,dMMR_PFS_placebo_chemo,loglogistic,421.22687510474,426.68165074216466,19,0.18631015906323933
dMMR,PFS,placebo_chemo,comparator,Placebo + paclitaxel-carboplatin,dMMR_PFS_placebo_chemo,loglogistic,421.22687510474,426.68165074216466,20,0.17110291492139174
dMMR,PFS,placebo_chemo,comparator,Placebo + paclitaxel-carboplatin,dMMR_PFS_placebo_chemo,loglogistic,421.22687510474,426.68165074216466,21,0.15756794323954737
dMMR,PFS,placebo_chemo,comparator,Placebo + paclitaxel-carboplatin,dMMR_PFS_placebo_chemo,loglogistic,421.22687510474,426.68165074216466,22,0.14548591055268345
dMMR,PFS,placebo_chemo,comparator,Placebo + paclitaxel-carboplatin,dMMR_PFS_placebo_chemo,loglogistic,421.22687510474,426.68165074216466,23,0.13466910670157317
dMMR,PFS,placebo_chemo,comparator,Placebo + paclitaxel-carboplatin,dMMR_PFS_placebo_chemo,loglogistic,421.22687510474,426.68165074216466,24,0.12495684956065012
dMMR,PFS,placebo_chemo,comparator,Placebo + paclitaxel-carboplatin,dMMR_PFS_placebo_chemo,loglogistic,421.22687510474,426.68165074216466,25,0.11621145204429795
dMMR,PFS,placebo_chemo,comparator,Placebo + paclitaxel-carboplatin,dMMR_PFS_placebo_chemo,loglogistic,421.22687510474,426.68165074216466,26,0.10831474258482288
dMMR,PFS,placebo_chemo,comparator,Placebo + paclitaxel-carboplatin,dMMR_PFS_placebo_chemo,loglogistic,421.22687510474,426.68165074216466,27,0.10116509578619137
dMMR,PFS,placebo_chemo,comparator,Placebo + paclitaxel-carboplatin,dMMR_PFS_placebo_chemo,loglogistic,421.22687510474,426.68165074216466,28,0.09467491595497979
dMMR,PFS,placebo_chemo,comparator,Placebo + paclitaxel-carboplatin,dMMR_PFS_placebo_chemo,loglogistic,421.22687510474,426.68165074216466,29,0.08876851340516523
dMMR,PFS,placebo_chemo,comparator,Placebo + paclitaxel-carboplatin,dMMR_PFS_placebo_chemo,loglogistic,421.22687510474,426.68165074216466,30,0.08338031637771948
dMMR,PFS,placebo_chemo,comparator,Placebo + paclitaxel-carboplatin,dMMR_PFS_placebo_chemo,loglogistic,421.22687510474,426.68165074216466,31,0.0784533669841132
dMMR,PFS,placebo_chemo,comparator,Placebo + paclitaxel-carboplatin,dMMR_PFS_placebo_chemo,loglogistic,421.22687510474,426.68165074216466,32,0.07393805603606896
dMMR,PFS,placebo_chemo,comparator,Placebo + paclitaxel-carboplatin,dMMR_PFS_placebo_chemo,loglogistic,421.22687510474,426.68165074216466,33,0.06979105803921659
dMMR,PFS,placebo_chemo,comparator,Placebo + paclitaxel-carboplatin,dMMR_PFS_placebo_chemo,loglogistic,421.22687510474,426.68165074216466,34,0.06597443355415611
dMMR,PFS,placebo_chemo,comparator,Placebo + paclitaxel-carboplatin,dMMR_PFS_placebo_chemo,loglogistic,421.22687510474,426.68165074216466,35,0.062454871379259536
dMMR,PFS,placebo_chemo,comparator,Placebo + paclitaxel-carboplatin,dMMR_PFS_placebo_chemo,loglogistic,421.22687510474,426.68165074216466,36,0.05920304754445882
dMMR,PFS,placebo_chemo,comparator,Placebo + paclitaxel-carboplatin,dMMR_PFS_placebo_chemo,loglogistic,421.22687510474,426.68165074216466,37,0.056193081957561564
dMMR,PFS,placebo_chemo,comparator,Placebo + paclitaxel-carboplatin,dMMR_PFS_placebo_chemo,loglogistic,421.22687510474,426.68165074216466,38,0.05340207678146447
dMMR,PFS,placebo_chemo,comparator,Placebo + paclitaxel-carboplatin,dMMR_PFS_placebo_chemo,loglogistic,421.22687510474,426.68165074216466,39,0.05080972332070466
dMMR,PFS,placebo_chemo,comparator,Placebo + paclitaxel-carboplatin,dMMR_PFS_placebo_chemo,loglogistic,421.22687510474,426.68165074216466,40,0.04839796643755456
dMMR,PFS,placebo_chemo,comparator,Placebo + paclitaxel-carboplatin,dMMR_PFS_placebo_chemo,loglogistic,421.22687510474,426.68165074216466,41,0.046150717373716454
dMMR,PFS,placebo_chemo,comparator,Placebo + paclitaxel-carboplatin,dMMR_PFS_placebo_chemo,loglogistic,421.22687510474,426.68165074216466,42,0.04405360738757924
dMMR,PFS,placebo_chemo,comparator,Placebo + paclitaxel-carboplatin,dMMR_PFS_placebo_chemo,loglogistic,421.22687510474,426.68165074216466,43,0.042093775884010864
dMMR,PFS,placebo_chemo,comparator,Placebo + paclitaxel-carboplatin,dMMR_PFS_placebo_chemo,loglogistic,421.22687510474,426.68165074216466,44,0.04025968776029787
dMMR,PFS,placebo_chemo,comparator,Placebo + paclitaxel-carboplatin,dMMR_PFS_placebo_chemo,loglogistic,421.22687510474,426.68165074216466,45,0.038540975556970336
dMMR,PFS,placebo_chemo,comparator,Placebo + paclitaxel-carboplatin,dMMR_PFS_placebo_chemo,loglogistic,421.22687510474,426.68165074216466,46,0.03692830271810765
dMMR,PFS,placebo_chemo,comparator,Placebo + paclitaxel-carboplatin,dMMR_PFS_placebo_chemo,loglogistic,421.22687510474,426.68165074216466,47,0.035413244858843784
dMMR,PFS,placebo_chemo,comparator,Placebo + paclitaxel-carboplatin,dMMR_PFS_placebo_chemo,loglogistic,421.22687510474,426.68165074216466,48,0.03398818643002843
dMMR,PFS,placebo_chemo,comparator,Placebo + paclitaxel-carboplatin,dMMR_PFS_placebo_chemo,loglogistic,421.22687510474,426.68165074216466,49,0.03264623057921179
dMMR,PFS,placebo_chemo,comparator,Placebo + paclitaxel-carboplatin,dMMR_PFS_placebo_chemo,loglogistic,421.22687510474,426.68165074216466,50,0.03138112034799989
dMMR,PFS,placebo_chemo,comparator,Placebo + paclitaxel-carboplatin,dMMR_PFS_placebo_chemo,loglogistic,421.22687510474,426.68165074216466,51,0.030187169630307986
dMMR,PFS,placebo_chemo,comparator,Placebo + paclitaxel-carboplatin,dMMR_PFS_placebo_chemo,loglogistic,421.22687510474,426.68165074216466,52,0.029059202553990082
dMMR,PFS,placebo_chemo,comparator,Placebo + paclitaxel-carboplatin,dMMR_PFS_placebo_chemo,loglogistic,421.22687510474,426.68165074216466,53,0.027992500147757227
dMMR,PFS,placebo_chemo,comparator,Placebo + paclitaxel-carboplatin,dMMR_PFS_placebo_chemo,loglogistic,421.22687510474,426.68165074216466,54,0.026982753322812414
dMMR,PFS,placebo_chemo,comparator,Placebo + paclitaxel-carboplatin,dMMR_PFS_placebo_chemo,loglogistic,421.22687510474,426.68165074216466,55,0.026026021339651262
dMMR,PFS,placebo_chemo,comparator,Placebo + paclitaxel-carboplatin,dMMR_PFS_placebo_chemo,loglogistic,421.22687510474,426.68165074216466,56,0.025118695049447082
dMMR,PFS,placebo_chemo,comparator,Placebo + paclitaxel-carboplatin,dMMR_PFS_placebo_chemo,loglogistic,421.22687510474,426.68165074216466,57,0.02425746430003084
dMMR,PFS,placebo_chemo,comparator,Placebo + paclitaxel-carboplatin,dMMR_PFS_placebo_chemo,loglogistic,421.22687510474,426.68165074216466,58,0.023439288981699336
dMMR,PFS,placebo_chemo,comparator,Placebo + paclitaxel-carboplatin,dMMR_PFS_placebo_chemo,loglogistic,421.22687510474,426.68165074216466,59,0.022661373260475348
dMMR,PFS,placebo_chemo,comparator,Placebo + paclitaxel-carboplatin,dMMR_PFS_placebo_chemo,loglogistic,421.22687510474,426.68165074216466,60,0.021921142608017807
dMMR,PFS,placebo_chemo,comparator,Placebo + paclitaxel-carboplatin,dMMR_PFS_placebo_chemo,loglogistic,421.22687510474,426.68165074216466,61,0.021216223289912683
dMMR,PFS,placebo_chemo,comparator,Placebo + paclitaxel-carboplatin,dMMR_PFS_placebo_chemo,loglogistic,421.22687510474,426.68165074216466,62,0.0205444240189544
dMMR,PFS,placebo_chemo,comparator,Placebo + paclitaxel-carboplatin,dMMR_PFS_placebo_chemo,loglogistic,421.22687510474,426.68165074216466,63,0.019903719518455598
dMMR,PFS,placebo_chemo,comparator,Placebo + paclitaxel-carboplatin,dMMR_PFS_placebo_chemo,loglogistic,421.22687510474,426.68165074216466,64,0.019292235773607613
dMMR,PFS,placebo_chemo,comparator,Placebo + paclitaxel-carboplatin,dMMR_PFS_placebo_chemo,loglogistic,421.22687510474,426.68165074216466,65,0.01870823677725708
dMMR,PFS,placebo_chemo,comparator,Placebo + paclitaxel-carboplatin,dMMR_PFS_placebo_chemo,loglogistic,421.22687510474,426.68165074216466,66,0.018150112600889723
dMMR,PFS,placebo_chemo,comparator,Placebo + paclitaxel-carboplatin,dMMR_PFS_placebo_chemo,loglogistic,421.22687510474,426.68165074216466,67,0.01761636864268501
dMMR,PFS,placebo_chemo,comparator,Placebo + paclitaxel-carboplatin,dMMR_PFS_placebo_chemo,loglogistic,421.22687510474,426.68165074216466,68,0.017105615922737294
dMMR,PFS,placebo_chemo,comparator,Placebo + paclitaxel-carboplatin,dMMR_PFS_placebo_chemo,loglogistic,421.22687510474,426.68165074216466,69,0.016616562311316918
dMMR,PFS,placebo_chemo,comparator,Placebo + paclitaxel-carboplatin,dMMR_PFS_placebo_chemo,loglogistic,421.22687510474,426.68165074216466,70,0.016148004589753406
dMMR,PFS,placebo_chemo,comparator,Placebo + paclitaxel-carboplatin,dMMR_PFS_placebo_chemo,loglogistic,421.22687510474,426.68165074216466,71,0.01569882125543265
dMMR,PFS,placebo_chemo,comparator,Placebo + paclitaxel-carboplatin,dMMR_PFS_placebo_chemo,loglogistic,421.22687510474,426.68165074216466,72,0.015267965992768917
dMMR,PFS,placebo_chemo,comparator,Placebo + paclitaxel-carboplatin,dMMR_PFS_placebo_chemo,loglogistic,421.22687510474,426.68165074216466,73,0.014854461741069414
dMMR,PFS,placebo_chemo,comparator,Placebo + paclitaxel-carboplatin,dMMR_PFS_placebo_chemo,loglogistic,421.22687510474,426.68165074216466,74,0.014457395298108966
dMMR,PFS,placebo_chemo,comparator,Placebo + paclitaxel-carboplatin,dMMR_PFS_placebo_chemo,loglogistic,421.22687510474,426.68165074216466,75,0.014075912405161928
dMMR,PFS,placebo_chemo,comparator,Placebo + paclitaxel-carboplatin,dMMR_PFS_placebo_chemo,loglogistic,421.22687510474,426.68165074216466,76,0.013709213265297504
dMMR,PFS,placebo_chemo,comparator,Placebo + paclitaxel-carboplatin,dMMR_PFS_placebo_chemo,loglogistic,421.22687510474,426.68165074216466,77,0.013356548452079675
dMMR,PFS,placebo_chemo,comparator,Placebo + paclitaxel-carboplatin,dMMR_PFS_placebo_chemo,loglogistic,421.22687510474,426.68165074216466,78,0.013017215170493035
dMMR,PFS,placebo_chemo,comparator,Placebo + paclitaxel-carboplatin,dMMR_PFS_placebo_chemo,loglogistic,421.22687510474,426.68165074216466,79,0.01269055383604345
dMMR,PFS,placebo_chemo,comparator,Placebo + paclitaxel-carboplatin,dMMR_PFS_placebo_chemo,loglogistic,421.22687510474,426.68165074216466,80,0.012375944941623862
dMMR,PFS,placebo_chemo,comparator,Placebo + paclitaxel-carboplatin,dMMR_PFS_placebo_chemo,loglogistic,421.22687510474,426.68165074216466,81,0.01207280618494544
dMMR,PFS,placebo_chemo,comparator,Placebo + paclitaxel-carboplatin,dMMR_PFS_placebo_chemo,loglogistic,421.22687510474,426.68165074216466,82,0.011780589832183552
dMMR,PFS,placebo_chemo,comparator,Placebo + paclitaxel-carboplatin,dMMR_PFS_placebo_chemo,loglogistic,421.22687510474,426.68165074216466,83,0.011498780295999045
dMMR,PFS,placebo_chemo,comparator,Placebo + paclitaxel-carboplatin,dMMR_PFS_placebo_chemo,loglogistic,421.22687510474,426.68165074216466,84,0.011226891908339809
dMMR,PFS,placebo_chemo,comparator,Placebo + paclitaxel-carboplatin,dMMR_PFS_placebo_chemo,loglogistic,421.22687510474,426.68165074216466,85,0.010964466870398648
dMMR,PFS,placebo_chemo,comparator,Placebo + paclitaxel-carboplatin,dMMR_PFS_placebo_chemo,loglogistic,421.22687510474,426.68165074216466,86,0.010711073363880219
dMMR,PFS,placebo_chemo,comparator,Placebo + paclitaxel-carboplatin,dMMR_PFS_placebo_chemo,loglogistic,421.22687510474,426.68165074216466,87,0.010466303809291921
dMMR,PFS,placebo_chemo,comparator,Placebo + paclitaxel-carboplatin,dMMR_PFS_placebo_chemo,loglogistic,421.22687510474,426.68165074216466,88,0.010229773258380703
dMMR,PFS,placebo_chemo,comparator,Placebo + paclitaxel-carboplatin,dMMR_PFS_placebo_chemo,loglogistic,421.22687510474,426.68165074216466,89,0.010001117909082313
dMMR,PFS,placebo_chemo,comparator,Placebo + paclitaxel-carboplatin,dMMR_PFS_placebo_chemo,loglogistic,421.22687510474,426.68165074216466,90,0.009779993732473846
dMMR,PFS,placebo_chemo,comparator,Placebo + paclitaxel-carboplatin,dMMR_PFS_placebo_chemo,loglogistic,421.22687510474,426.68165074216466,91,0.009566075202212976
dMMR,PFS,placebo_chemo,comparator,Placebo + paclitaxel-carboplatin,dMMR_PFS_placebo_chemo,loglogistic,421.22687510474,426.68165074216466,92,0.009359054117850318
dMMR,PFS,placebo_chemo,comparator,Placebo + paclitaxel-carboplatin,dMMR_PFS_placebo_chemo,loglogistic,421.22687510474,426.68165074216466,93,0.009158638514199402
dMMR,PFS,placebo_chemo,comparator,Placebo + paclitaxel-carboplatin,dMMR_PFS_placebo_chemo,loglogistic,421.22687510474,426.68165074216466,94,0.008964551649672692
dMMR,PFS,placebo_chemo,comparator,Placebo + paclitaxel-carboplatin,dMMR_PFS_placebo_chemo,loglogistic,421.22687510474,426.68165074216466,95,0.008776531067140048
dMMR,PFS,placebo_chemo,comparator,Placebo + paclitaxel-carboplatin,dMMR_PFS_placebo_chemo,loglogistic,421.22687510474,426.68165074216466,96,0.008594327721450079
dMMR,PFS,placebo_chemo,comparator,Placebo + paclitaxel-carboplatin,dMMR_PFS_placebo_chemo,loglogistic,421.22687510474,426.68165074216466,97,0.008417705168277334
dMMR,PFS,placebo_chemo,comparator,Placebo + paclitaxel-carboplatin,dMMR_PFS_placebo_chemo,loglogistic,421.22687510474,426.68165074216466,98,0.008246438809438095
dMMR,PFS,placebo_chemo,comparator,Placebo + paclitaxel-carboplatin,dMMR_PFS_placebo_chemo,loglogistic,421.22687510474,426.68165074216466,99,0.00808031519023722
dMMR,PFS,placebo_chemo,comparator,Placebo + paclitaxel-carboplatin,dMMR_PFS_placebo_chemo,loglogistic,421.22687510474,426.68165074216466,100,0.007919131344805042
dMMR,PFS,placebo_chemo,comparator,Placebo + paclitaxel-carboplatin,dMMR_PFS_placebo_chemo,loglogistic,421.22687510474,426.68165074216466,101,0.007762694185721175
dMMR,PFS,placebo_chemo,comparator,Placebo + paclitaxel-carboplatin,dMMR_PFS_placebo_chemo,loglogistic,421.22687510474,426.68165074216466,102,0.007610819934548485
dMMR,PFS,placebo_chemo,comparator,Placebo + paclitaxel-carboplatin,dMMR_PFS_placebo_chemo,loglogistic,421.22687510474,426.68165074216466,103,0.007463333590181365
dMMR,PFS,placebo_chemo,comparator,Placebo + paclitaxel-carboplatin,dMMR_PFS_placebo_chemo,loglogistic,421.22687510474,426.68165074216466,104,0.007320068432174809
dMMR,PFS,placebo_chemo,comparator,Placebo + paclitaxel-carboplatin,dMMR_PFS_placebo_chemo,loglogistic,421.22687510474,426.68165074216466,105,0.007180865556457583
dMMR,PFS,placebo_chemo,comparator,Placebo + paclitaxel-carboplatin,dMMR_PFS_placebo_chemo,loglogistic,421.22687510474,426.68165074216466,106,0.007045573441041397
dMMR,PFS,placebo_chemo,comparator,Placebo + paclitaxel-carboplatin,dMMR_PFS_placebo_chemo,loglogistic,421.22687510474,426.68165074216466,107,0.0069140475395435
dMMR,PFS,placebo_chemo,comparator,Placebo + paclitaxel-carboplatin,dMMR_PFS_placebo_chemo,loglogistic,421.22687510474,426.68165074216466,108,0.006786149900506744
dMMR,PFS,placebo_chemo,comparator,Placebo + paclitaxel-carboplatin,dMMR_PFS_placebo_chemo,loglogistic,421.22687510474,426.68165074216466,109,0.006661748810670609
dMMR,PFS,placebo_chemo,comparator,Placebo + paclitaxel-carboplatin,dMMR_PFS_placebo_chemo,loglogistic,421.22687510474,426.68165074216466,110,0.006540718460489647
dMMR,PFS,placebo_chemo,comparator,Placebo + paclitaxel-carboplatin,dMMR_PFS_placebo_chemo,loglogistic,421.22687510474,426.68165074216466,111,0.0064229386303322755
dMMR,PFS,placebo_chemo,comparator,Placebo + paclitaxel-carboplatin,dMMR_PFS_placebo_chemo,loglogistic,421.22687510474,426.68165074216466,112,0.006308294395915515
dMMR,PFS,placebo_chemo,comparator,Placebo + paclitaxel-carboplatin,dMMR_PFS_placebo_chemo,loglogistic,421.22687510474,426.68165074216466,113,0.0061966758516442955
dMMR,PFS,placebo_chemo,comparator,Placebo + paclitaxel-carboplatin,dMMR_PFS_placebo_chemo,loglogistic,421.22687510474,426.68165074216466,114,0.006087977850621984
dMMR,PFS,placebo_chemo,comparator,Placebo + paclitaxel-carboplatin,dMMR_PFS_placebo_chemo,loglogistic,421.22687510474,426.68165074216466,115,0.005982099760201032
dMMR,PFS,placebo_chemo,comparator,Placebo + paclitaxel-carboplatin,dMMR_PFS_placebo_chemo,loglogistic,421.22687510474,426.68165074216466,116,0.005878945232021371
dMMR,PFS,placebo_chemo,comparator,Placebo + paclitaxel-carboplatin,dMMR_PFS_placebo_chemo,loglogistic,421.22687510474,426.68165074216466,117,0.005778421985566107
dMMR,PFS,placebo_chemo,comparator,Placebo + paclitaxel-carboplatin,dMMR_PFS_placebo_chemo,loglogistic,421.22687510474,426.68165074216466,118,0.005680441604335784
dMMR,PFS,placebo_chemo,comparator,Placebo + paclitaxel-carboplatin,dMMR_PFS_placebo_chemo,loglogistic,421.22687510474,426.68165074216466,119,0.005584919343811112
dMMR,PFS,placebo_chemo,comparator,Placebo + paclitaxel-carboplatin,dMMR_PFS_placebo_chemo,loglogistic,421.22687510474,426.68165074216466,120,0.0054917739504323215
dMMR,PFS,placebo_chemo,comparator,Placebo + paclitaxel-carboplatin,dMMR_PFS_placebo_chemo,loglogistic,421.22687510474,426.68165074216466,121,0.005400927490878282
dMMR,PFS,placebo_chemo,comparator,Placebo + paclitaxel-carboplatin,dMMR_PFS_placebo_chemo,loglogistic,421.22687510474,426.68165074216466,122,0.005312305190986577
dMMR,PFS,placebo_chemo,comparator,Placebo + paclitaxel-carboplatin,dMMR_PFS_placebo_chemo,loglogistic,421.22687510474,426.68165074216466,123,0.005225835283695468
dMMR,PFS,placebo_chemo,comparator,Placebo + paclitaxel-carboplatin,dMMR_PFS_placebo_chemo,loglogistic,421.22687510474,426.68165074216466,124,0.005141448865436549
dMMR,PFS,placebo_chemo,comparator,Placebo + paclitaxel-carboplatin,dMMR_PFS_placebo_chemo,loglogistic,421.22687510474,426.68165074216466,125,0.00505907976044917
dMMR,PFS,placebo_chemo,comparator,Placebo + paclitaxel-carboplatin,dMMR_PFS_placebo_chemo,loglogistic,421.22687510474,426.68165074216466,126,0.004978664392518595
dMMR,PFS,placebo_chemo,comparator,Placebo + paclitaxel-carboplatin,dMMR_PFS_placebo_chemo,loglogistic,421.22687510474,426.68165074216466,127,0.0049001416636804684
dMMR,PFS,placebo_chemo,comparator,Placebo + paclitaxel-carboplatin,dMMR_PFS_placebo_chemo,loglogistic,421.22687510474,426.68165074216466,128,0.00482345283946406
dMMR,PFS,placebo_chemo,comparator,Placebo + paclitaxel-carboplatin,dMMR_PFS_placebo_chemo,loglogistic,421.22687510474,426.68165074216466,129,0.004748541440273146
dMMR,PFS,placebo_chemo,comparator,Placebo + paclitaxel-carboplatin,dMMR_PFS_placebo_chemo,loglogistic,421.22687510474,426.68165074216466,130,0.004675353138533733
dMMR,PFS,placebo_chemo,comparator,Placebo + paclitaxel-carboplatin,dMMR_PFS_placebo_chemo,loglogistic,421.22687510474,426.68165074216466,131,0.004603835661264211
dMMR,PFS,placebo_chemo,comparator,Placebo + paclitaxel-carboplatin,dMMR_PFS_placebo_chemo,loglogistic,421.22687510474,426.68165074216466,132,0.004533938697740214
dMMR,PFS,placebo_chemo,comparator,Placebo + paclitaxel-carboplatin,dMMR_PFS_placebo_chemo,loglogistic,421.22687510474,426.68165074216466,133,0.004465613811956759
dMMR,PFS,placebo_chemo,comparator,Placebo + paclitaxel-carboplatin,dMMR_PFS_placebo_chemo,loglogistic,421.22687510474,426.68165074216466,134,0.004398814359602987
dMMR,PFS,placebo_chemo,comparator,Placebo + paclitaxel-carboplatin,dMMR_PFS_placebo_chemo,loglogistic,421.22687510474,426.68165074216466,135,0.004333495409285404
dMMR,PFS,placebo_chemo,comparator,Placebo + paclitaxel-carboplatin,dMMR_PFS_placebo_chemo,loglogistic,421.22687510474,426.68165074216466,136,0.004269613667756911
dMMR,PFS,placebo_chemo,comparator,Placebo + paclitaxel-carboplatin,dMMR_PFS_placebo_chemo,loglogistic,421.22687510474,426.68165074216466,137,0.004207127408916933
dMMR,PFS,placebo_chemo,comparator,Placebo + paclitaxel-carboplatin,dMMR_PFS_placebo_chemo,loglogistic,421.22687510474,426.68165074216466,138,0.004145996406369368
dMMR,PFS,placebo_chemo,comparator,Placebo + paclitaxel-carboplatin,dMMR_PFS_placebo_chemo,loglogistic,421.22687510474,426.68165074216466,139,0.004086181869337624
dMMR,PFS,placebo_chemo,comparator,Placebo + paclitaxel-carboplatin,dMMR_PFS_placebo_chemo,loglogistic,421.22687510474,426.68165074216466,140,0.004027646381743577
dMMR,PFS,placebo_chemo,comparator,Placebo + paclitaxel-carboplatin,dMMR_PFS_placebo_chemo,loglogistic,421.22687510474,426.68165074216466,141,0.003970353844277241
dMMR,PFS,placebo_chemo,comparator,Placebo + paclitaxel-carboplatin,dMMR_PFS_placebo_chemo,loglogistic,421.22687510474,426.68165074216466,142,0.003914269419288519
dMMR,PFS,placebo_chemo,comparator,Placebo + paclitaxel-carboplatin,dMMR_PFS_placebo_chemo,loglogistic,421.22687510474,426.68165074216466,143,0.0038593594783475904
dMMR,PFS,placebo_chemo,comparator,Placebo + paclitaxel-carboplatin,dMMR_PFS_placebo_chemo,loglogistic,421.22687510474,426.68165074216466,144,0.0038055915523248496
dMMR,PFS,placebo_chemo,comparator,Placebo + paclitaxel-carboplatin,dMMR_PFS_placebo_chemo,loglogistic,421.22687510474,426.68165074216466,145,0.003752934283854481
dMMR,PFS,placebo_chemo,comparator,Placebo + paclitaxel-carboplatin,dMMR_PFS_placebo_chemo,loglogistic,421.22687510474,426.68165074216466,146,0.0037013573820532386
dMMR,PFS,placebo_chemo,comparator,Placebo + paclitaxel-carboplatin,dMMR_PFS_placebo_chemo,loglogistic,421.22687510474,426.68165074216466,147,0.0036508315793719603
dMMR,PFS,placebo_chemo,comparator,Placebo + paclitaxel-carboplatin,dMMR_PFS_placebo_chemo,loglogistic,421.22687510474,426.68165074216466,148,0.0036013285904674674
dMMR,PFS,placebo_chemo,comparator,Placebo + paclitaxel-carboplatin,dMMR_PFS_placebo_chemo,loglogistic,421.22687510474,426.68165074216466,149,0.0035528210729858234
dMMR,PFS,placebo_chemo,comparator,Placebo + paclitaxel-carboplatin,dMMR_PFS_placebo_chemo,loglogistic,421.22687510474,426.68165074216466,150,0.003505282590157366
dMMR,PFS,placebo_chemo,comparator,Placebo + paclitaxel-carboplatin,dMMR_PFS_placebo_chemo,loglogistic,421.22687510474,426.68165074216466,151,0.00345868757510992
dMMR,PFS,placebo_chemo,comparator,Placebo + paclitaxel-carboplatin,dMMR_PFS_placebo_chemo,loglogistic,421.22687510474,426.68165074216466,152,0.0034130112968064896
dMMR,PFS,placebo_chemo,comparator,Placebo + paclitaxel-carboplatin,dMMR_PFS_placebo_chemo,loglogistic,421.22687510474,426.68165074216466,153,0.0033682298275289346
dMMR,PFS,placebo_chemo,comparator,Placebo + paclitaxel-carboplatin,dMMR_PFS_placebo_chemo,loglogistic,421.22687510474,426.68165074216466,154,0.0033243200118245886
dMMR,PFS,placebo_chemo,comparator,Placebo + paclitaxel-carboplatin,dMMR_PFS_placebo_chemo,loglogistic,421.22687510474,426.68165074216466,155,0.003281259436841877
dMMR,PFS,placebo_chemo,comparator,Placebo + paclitaxel-carboplatin,dMMR_PFS_placebo_chemo,loglogistic,421.22687510474,426.68165074216466,156,0.0032390264039845462
dMMR,PFS,placebo_chemo,comparator,Placebo + paclitaxel-carboplatin,dMMR_PFS_placebo_chemo,loglogistic,421.22687510474,426.68165074216466,157,0.003197599901819115
dMMR,PFS,placebo_chemo,comparator,Placebo + paclitaxel-carboplatin,dMMR_PFS_placebo_chemo,loglogistic,421.22687510474,426.68165074216466,158,0.003156959580171703
dMMR,PFS,placebo_chemo,comparator,Placebo + paclitaxel-carboplatin,dMMR_PFS_placebo_chemo,loglogistic,421.22687510474,426.68165074216466,159,0.003117085725353852
dMMR,PFS,placebo_chemo,comparator,Placebo + paclitaxel-carboplatin,dMMR_PFS_placebo_chemo,loglogistic,421.22687510474,426.68165074216466,160,0.003077959236464478
dMMR,PFS,placebo_chemo,comparator,Placebo + paclitaxel-carboplatin,dMMR_PFS_placebo_chemo,loglogistic,421.22687510474,426.68165074216466,161,0.0030395616027121264
dMMR,PFS,placebo_chemo,comparator,Placebo + paclitaxel-carboplatin,dMMR_PFS_placebo_chemo,loglogistic,421.22687510474,426.68165074216466,162,0.0030018748817099983
dMMR,PFS,placebo_chemo,comparator,Placebo + paclitaxel-carboplatin,dMMR_PFS_placebo_chemo,loglogistic,421.22687510474,426.68165074216466,163,0.002964881678693243
dMMR,PFS,placebo_chemo,comparator,Placebo + paclitaxel-carboplatin,dMMR_PFS_placebo_chemo,loglogistic,421.22687510474,426.68165074216466,164,0.0029285651266195423
dMMR,PFS,placebo_chemo,comparator,Placebo + paclitaxel-carboplatin,dMMR_PFS_placebo_chemo,loglogistic,421.22687510474,426.68165074216466,165,0.0028929088671025838
dMMR,PFS,placebo_chemo,comparator,Placebo + paclitaxel-carboplatin,dMMR_PFS_placebo_chemo,loglogistic,421.22687510474,426.68165074216466,166,0.0028578970321471164
dMMR,PFS,placebo_chemo,comparator,Placebo + paclitaxel-carboplatin,dMMR_PFS_placebo_chemo,loglogistic,421.22687510474,426.68165074216466,167,0.0028235142266416213
dMMR,PFS,placebo_chemo,comparator,Placebo + paclitaxel-carboplatin,dMMR_PFS_placebo_chemo,loglogistic,421.22687510474,426.68165074216466,168,0.002789745511574293
dMMR,PFS,placebo_chemo,comparator,Placebo + paclitaxel-carboplatin,dMMR_PFS_placebo_chemo,loglogistic,421.22687510474,426.68165074216466,169,0.0027565763879410232
dMMR,PFS,placebo_chemo,comparator,Placebo + paclitaxel-carboplatin,dMMR_PFS_placebo_chemo,loglogistic,421.22687510474,426.68165074216466,170,0.0027239927813088594
dMMR,PFS,placebo_chemo,comparator,Placebo + paclitaxel-carboplatin,dMMR_PFS_placebo_chemo,loglogistic,421.22687510474,426.68165074216466,171,0.0026919810270071842
dMMR,PFS,placebo_chemo,comparator,Placebo + paclitaxel-carboplatin,dMMR_PFS_placebo_chemo,loglogistic,421.22687510474,426.68165074216466,172,0.0026605278559189705
dMMR,PFS,placebo_chemo,comparator,Placebo + paclitaxel-carboplatin,dMMR_PFS_placebo_chemo,loglogistic,421.22687510474,426.68165074216466,173,0.0026296203808396923
dMMR,PFS,placebo_chemo,comparator,Placebo + paclitaxel-carboplatin,dMMR_PFS_placebo_chemo,loglogistic,421.22687510474,426.68165074216466,174,0.0025992460833840214
dMMR,PFS,placebo_chemo,comparator,Placebo + paclitaxel-carboplatin,dMMR_PFS_placebo_chemo,loglogistic,421.22687510474,426.68165074216466,175,0.0025693928014099976
dMMR,PFS,placebo_chemo,comparator,Placebo + paclitaxel-carboplatin,dMMR_PFS_placebo_chemo,loglogistic,421.22687510474,426.68165074216466,176,0.002540048716943244
dMMR,PFS,placebo_chemo,comparator,Placebo + paclitaxel-carboplatin,dMMR_PFS_placebo_chemo,loglogistic,421.22687510474,426.68165074216466,177,0.0025112023445709175
dMMR,PFS,placebo_chemo,comparator,Placebo + paclitaxel-carboplatin,dMMR_PFS_placebo_chemo,loglogistic,421.22687510474,426.68165074216466,178,0.0024828425202938487
dMMR,PFS,placebo_chemo,comparator,Placebo + paclitaxel-carboplatin,dMMR_PFS_placebo_chemo,loglogistic,421.22687510474,426.68165074216466,179,0.0024549583908084482
dMMR,PFS,placebo_chemo,comparator,Placebo + paclitaxel-carboplatin,dMMR_PFS_placebo_chemo,loglogistic,421.22687510474,426.68165074216466,180,0.0024275394032031716
dMMR,PFS,placebo_chemo,comparator,Placebo + paclitaxel-carboplatin,dMMR_PFS_placebo_chemo,loglogistic,421.22687510474,426.68165074216466,181,0.002400575295052665
dMMR,PFS,placebo_chemo,comparator,Placebo + paclitaxel-carboplatin,dMMR_PFS_placebo_chemo,loglogistic,421.22687510474,426.68165074216466,182,0.0023740560848889425
dMMR,PFS,placebo_chemo,comparator,Placebo + paclitaxel-carboplatin,dMMR_PFS_placebo_chemo,loglogistic,421.22687510474,426.68165074216466,183,0.002347972063033943
dMMR,PFS,placebo_chemo,comparator,Placebo + paclitaxel-carboplatin,dMMR_PFS_placebo_chemo,loglogistic,421.22687510474,426.68165074216466,184,0.00232231378278136
dMMR,PFS,placebo_chemo,comparator,Placebo + paclitaxel-carboplatin,dMMR_PFS_placebo_chemo,loglogistic,421.22687510474,426.68165074216466,185,0.002297072051907767
dMMR,PFS,placebo_chemo,comparator,Placebo + paclitaxel-carboplatin,dMMR_PFS_placebo_chemo,loglogistic,421.22687510474,426.68165074216466,186,0.002272237924502152
dMMR,PFS,placebo_chemo,comparator,Placebo + paclitaxel-carboplatin,dMMR_PFS_placebo_chemo,loglogistic,421.22687510474,426.68165074216466,187,0.002247802693099543
dMMR,PFS,placebo_chemo,comparator,Placebo + paclitaxel-carboplatin,dMMR_PFS_placebo_chemo,loglogistic,421.22687510474,426.68165074216466,188,0.002223757881105848
dMMR,PFS,placebo_chemo,comparator,Placebo + paclitaxel-carboplatin,dMMR_PFS_placebo_chemo,loglogistic,421.22687510474,426.68165074216466,189,0.0022000952355007986
dMMR,PFS,placebo_chemo,comparator,Placebo + paclitaxel-carboplatin,dMMR_PFS_placebo_chemo,loglogistic,421.22687510474,426.68165074216466,190,0.0021768067198103536
dMMR,PFS,placebo_chemo,comparator,Placebo + paclitaxel-carboplatin,dMMR_PFS_placebo_chemo,loglogistic,421.22687510474,426.68165074216466,191,0.0021538845073315604
dMMR,PFS,placebo_chemo,comparator,Placebo + paclitaxel-carboplatin,dMMR_PFS_placebo_chemo,loglogistic,421.22687510474,426.68165074216466,192,0.0021313209746074424
dMMR,PFS,placebo_chemo,comparator,Placebo + paclitaxel-carboplatin,dMMR_PFS_placebo_chemo,loglogistic,421.22687510474,426.68165074216466,193,0.002109108695133699
dMMR,PFS,placebo_chemo,comparator,Placebo + paclitaxel-carboplatin,dMMR_PFS_placebo_chemo,loglogistic,421.22687510474,426.68165074216466,194,0.002087240433293225
dMMR,PFS,placebo_chemo,comparator,Placebo + paclitaxel-carboplatin,dMMR_PFS_placebo_chemo,loglogistic,421.22687510474,426.68165074216466,195,0.0020657091385059
dMMR,PFS,placebo_chemo,comparator,Placebo + paclitaxel-carboplatin,dMMR_PFS_placebo_chemo,loglogistic,421.22687510474,426.68165074216466,196,0.0020445079395881027
dMMR,PFS,placebo_chemo,comparator,Placebo + paclitaxel-carboplatin,dMMR_PFS_placebo_chemo,loglogistic,421.22687510474,426.68165074216466,197,0.002023630139309174
dMMR,PFS,placebo_chemo,comparator,Placebo + paclitaxel-carboplatin,dMMR_PFS_placebo_chemo,loglogistic,421.22687510474,426.68165074216466,198,0.002003069209141728
dMMR,PFS,placebo_chemo,comparator,Placebo + paclitaxel-carboplatin,dMMR_PFS_placebo_chemo,loglogistic,421.22687510474,426.68165074216466,199,0.0019828187841934852
dMMR,PFS,placebo_chemo,comparator,Placebo + paclitaxel-carboplatin,dMMR_PFS_placebo_chemo,loglogistic,421.22687510474,426.68165074216466,200,0.001962872658317405
dMMR,PFS,placebo_chemo,comparator,Placebo + paclitaxel-carboplatin,dMMR_PFS_placebo_chemo,loglogistic,421.22687510474,426.68165074216466,201,0.0019432247793905733
dMMR,PFS,placebo_chemo,comparator,Placebo + paclitaxel-carboplatin,dMMR_PFS_placebo_chemo,loglogistic,421.22687510474,426.68165074216466,202,0.0019238692447555161
dMMR,PFS,placebo_chemo,comparator,Placebo + paclitaxel-carboplatin,dMMR_PFS_placebo_chemo,loglogistic,421.22687510474,426.68165074216466,203,0.0019048002968184985
dMMR,PFS,placebo_chemo,comparator,Placebo + paclitaxel-carboplatin,dMMR_PFS_placebo_chemo,loglogistic,421.22687510474,426.68165074216466,204,0.00188601231879848
dMMR,PFS,placebo_chemo,comparator,Placebo + paclitaxel-carboplatin,dMMR_PFS_placebo_chemo,loglogistic,421.22687510474,426.68165074216466,205,0.0018674998306187351
dMMR,PFS,placebo_chemo,comparator,Placebo + paclitaxel-carboplatin,dMMR_PFS_placebo_chemo,loglogistic,421.22687510474,426.68165074216466,206,0.0018492574849406918
dMMR,PFS,placebo_chemo,comparator,Placebo + paclitaxel-carboplatin,dMMR_PFS_placebo_chemo,loglogistic,421.22687510474,426.68165074216466,207,0.0018312800633280002
dMMR,PFS,placebo_chemo,comparator,Placebo + paclitaxel-carboplatin,dMMR_PFS_placebo_chemo,loglogistic,421.22687510474,426.68165074216466,208,0.0018135624725402755
dMMR,PFS,placebo_chemo,comparator,Placebo + paclitaxel-carboplatin,dMMR_PFS_placebo_chemo,loglogistic,421.22687510474,426.68165074216466,209,0.001796099740951962
dMMR,PFS,placebo_chemo,comparator,Placebo + paclitaxel-carboplatin,dMMR_PFS_placebo_chemo,loglogistic,421.22687510474,426.68165074216466,210,0.001778887015087438
dMMR,PFS,placebo_chemo,comparator,Placebo + paclitaxel-carboplatin,dMMR_PFS_placebo_chemo,loglogistic,421.22687510474,426.68165074216466,211,0.0017619195562732504
dMMR,PFS,placebo_chemo,comparator,Placebo + paclitaxel-carboplatin,dMMR_PFS_placebo_chemo,loglogistic,421.22687510474,426.68165074216466,212,0.0017451927373969278
dMMR,PFS,placebo_chemo,comparator,Placebo + paclitaxel-carboplatin,dMMR_PFS_placebo_chemo,loglogistic,421.22687510474,426.68165074216466,213,0.0017287020397764863
dMMR,PFS,placebo_chemo,comparator,Placebo + paclitaxel-carboplatin,dMMR_PFS_placebo_chemo,loglogistic,421.22687510474,426.68165074216466,214,0.0017124430501277432
dMMR,PFS,placebo_chemo,comparator,Placebo + paclitaxel-carboplatin,dMMR_PFS_placebo_chemo,loglogistic,421.22687510474,426.68165074216466,215,0.0016964114576316636
dMMR,PFS,placebo_chemo,comparator,Placebo + paclitaxel-carboplatin,dMMR_PFS_placebo_chemo,loglogistic,421.22687510474,426.68165074216466,216,0.0016806030510970738
dMMR,PFS,placebo_chemo,comparator,Placebo + paclitaxel-carboplatin,dMMR_PFS_placebo_chemo,loglogistic,421.22687510474,426.68165074216466,217,0.001665013716214081
dMMR,PFS,placebo_chemo,comparator,Placebo + paclitaxel-carboplatin,dMMR_PFS_placebo_chemo,loglogistic,421.22687510474,426.68165074216466,218,0.001649639432893868
dMMR,PFS,placebo_chemo,comparator,Placebo + paclitaxel-carboplatin,dMMR_PFS_placebo_chemo,loglogistic,421.22687510474,426.68165074216466,219,0.0016344762726951956
dMMR,PFS,placebo_chemo,comparator,Placebo + paclitaxel-carboplatin,dMMR_PFS_placebo_chemo,loglogistic,421.22687510474,426.68165074216466,220,0.0016195203963313975
dMMR,PFS,placebo_chemo,comparator,Placebo + paclitaxel-carboplatin,dMMR_PFS_placebo_chemo,loglogistic,421.22687510474,426.68165074216466,221,0.0016047680512564222
dMMR,PFS,placebo_chemo,comparator,Placebo + paclitaxel-carboplatin,dMMR_PFS_placebo_chemo,loglogistic,421.22687510474,426.68165074216466,222,0.001590215569327258
dMMR,PFS,placebo_chemo,comparator,Placebo + paclitaxel-carboplatin,dMMR_PFS_placebo_chemo,loglogistic,421.22687510474,426.68165074216466,223,0.001575859364537524
dMMR,PFS,placebo_chemo,comparator,Placebo + paclitaxel-carboplatin,dMMR_PFS_placebo_chemo,loglogistic,421.22687510474,426.68165074216466,224,0.001561695930823892
dMMR,PFS,placebo_chemo,comparator,Placebo + paclitaxel-carboplatin,dMMR_PFS_placebo_chemo,loglogistic,421.22687510474,426.68165074216466,225,0.0015477218399392312
dMMR,PFS,placebo_chemo,comparator,Placebo + paclitaxel-carboplatin,dMMR_PFS_placebo_chemo,loglogistic,421.22687510474,426.68165074216466,226,0.0015339337393915908
dMMR,PFS,placebo_chemo,comparator,Placebo + paclitaxel-carboplatin,dMMR_PFS_placebo_chemo,loglogistic,421.22687510474,426.68165074216466,227,0.001520328350447686
dMMR,PFS,placebo_chemo,comparator,Placebo + paclitaxel-carboplatin,dMMR_PFS_placebo_chemo,loglogistic,421.22687510474,426.68165074216466,228,0.0015069024661942265
dMMR,PFS,placebo_chemo,comparator,Placebo + paclitaxel-carboplatin,dMMR_PFS_placebo_chemo,loglogistic,421.22687510474,426.68165074216466,229,0.0014936529496630824
dMMR,PFS,placebo_chemo,comparator,Placebo + paclitaxel-carboplatin,dMMR_PFS_placebo_chemo,loglogistic,421.22687510474,426.68165074216466,230,0.0014805767320090757
dMMR,PFS,placebo_chemo,comparator,Placebo + paclitaxel-carboplatin,dMMR_PFS_placebo_chemo,loglogistic,421.22687510474,426.68165074216466,231,0.0014676708107450587
dMMR,PFS,placebo_chemo,comparator,Placebo + paclitaxel-carboplatin,dMMR_PFS_placebo_chemo,loglogistic,421.22687510474,426.68165074216466,232,0.0014549322480295057
dMMR,PFS,placebo_chemo,comparator,Placebo + paclitaxel-carboplatin,dMMR_PFS_placebo_chemo,loglogistic,421.22687510474,426.68165074216466,233,0.0014423581690052867
dMMR,PFS,placebo_chemo,comparator,Placebo + paclitaxel-carboplatin,dMMR_PFS_placebo_chemo,loglogistic,421.22687510474,426.68165074216466,234,0.0014299457601878451
dMMR,PFS,placebo_chemo,comparator,Placebo + paclitaxel-carboplatin,dMMR_PFS_placebo_chemo,loglogistic,421.22687510474,426.68165074216466,235,0.0014176922679025594
dMMR,PFS,placebo_chemo,comparator,Placebo + paclitaxel-carboplatin,dMMR_PFS_placebo_chemo,loglogistic,421.22687510474,426.68165074216466,236,0.0014055949967656245
dMMR,PFS,placebo_chemo,comparator,Placebo + paclitaxel-carboplatin,dMMR_PFS_placebo_chemo,loglogistic,421.22687510474,426.68165074216466,237,0.0013936513082123403
dMMR,PFS,placebo_chemo,comparator,Placebo + paclitaxel-carboplatin,dMMR_PFS_placebo_chemo,loglogistic,421.22687510474,426.68165074216466,238,0.0013818586190679216
dMMR,PFS,placebo_chemo,comparator,Placebo + paclitaxel-carboplatin,dMMR_PFS_placebo_chemo,loglogistic,421.22687510474,426.68165074216466,239,0.001370214400157943
dMMR,PFS,placebo_chemo,comparator,Placebo + paclitaxel-carboplatin,dMMR_PFS_placebo_chemo,loglogistic,421.22687510474,426.68165074216466,240,0.0013587161749625265
dMMR,PFS,placebo_chemo,comparator,Placebo + paclitaxel-carboplatin,dMMR_PFS_placebo_chemo,loglogistic,421.22687510474,426.68165074216466,241,0.0013473615183069443
dMMR,PFS,placebo_chemo,comparator,Placebo + paclitaxel-carboplatin,dMMR_PFS_placebo_chemo,loglogistic,421.22687510474,426.68165074216466,242,0.001336148055091635
dMMR,PFS,placebo_chemo,comparator,Placebo + paclitaxel-carboplatin,dMMR_PFS_placebo_chemo,loglogistic,421.22687510474,426.68165074216466,243,0.001325073459057191
dMMR,PFS,placebo_chemo,comparator,Placebo + paclitaxel-carboplatin,dMMR_PFS_placebo_chemo,loglogistic,421.22687510474,426.68165074216466,244,0.0013141354515856518
dMMR,PFS,placebo_chemo,comparator,Placebo + paclitaxel-carboplatin,dMMR_PFS_placebo_chemo,loglogistic,421.22687510474,426.68165074216466,245,0.0013033318005363226
dMMR,PFS,placebo_chemo,comparator,Placebo + paclitaxel-carboplatin,dMMR_PFS_placebo_chemo,loglogistic,421.22687510474,426.68165074216466,246,0.00129266031911357
dMMR,PFS,placebo_chemo,comparator,Placebo + paclitaxel-carboplatin,dMMR_PFS_placebo_chemo,loglogistic,421.22687510474,426.68165074216466,247,0.0012821188647670345
dMMR,PFS,placebo_chemo,comparator,Placebo + paclitaxel-carboplatin,dMMR_PFS_placebo_chemo,loglogistic,421.22687510474,426.68165074216466,248,0.0012717053381228194
dMMR,PFS,placebo_chemo,comparator,Placebo + paclitaxel-carboplatin,dMMR_PFS_placebo_chemo,loglogistic,421.22687510474,426.68165074216466,249,0.0012614176819462086
dMMR,PFS,placebo_chemo,comparator,Placebo + paclitaxel-carboplatin,dMMR_PFS_placebo_chemo,loglogistic,421.22687510474,426.68165074216466,250,0.001251253880128922
dMMR,PFS,placebo_chemo,comparator,Placebo + paclitaxel-carboplatin,dMMR_PFS_placebo_chemo,loglogistic,421.22687510474,426.68165074216466,251,0.001241211956710897
dMMR,PFS,placebo_chemo,comparator,Placebo + paclitaxel-carboplatin,dMMR_PFS_placebo_chemo,loglogistic,421.22687510474,426.68165074216466,252,0.0012312899749231665
dMMR,PFS,placebo_chemo,comparator,Placebo + paclitaxel-carboplatin,dMMR_PFS_placebo_chemo,loglogistic,421.22687510474,426.68165074216466,253,0.0012214860362609326
dMMR,PFS,placebo_chemo,comparator,Placebo + paclitaxel-carboplatin,dMMR_PFS_placebo_chemo,loglogistic,421.22687510474,426.68165074216466,254,0.0012117982795810667
dMMR,PFS,placebo_chemo,comparator,Placebo + paclitaxel-carboplatin,dMMR_PFS_placebo_chemo,loglogistic,421.22687510474,426.68165074216466,255,0.0012022248802234792
dMMR,PFS,placebo_chemo,comparator,Placebo + paclitaxel-carboplatin,dMMR_PFS_placebo_chemo,loglogistic,421.22687510474,426.68165074216466,256,0.0011927640491579128
dMMR,PFS,placebo_chemo,comparator,Placebo + paclitaxel-carboplatin,dMMR_PFS_placebo_chemo,loglogistic,421.22687510474,426.68165074216466,257,0.0011834140321532738
dMMR,PFS,placebo_chemo,comparator,Placebo + paclitaxel-carboplatin,dMMR_PFS_placebo_chemo,loglogistic,421.22687510474,426.68165074216466,258,0.0011741731089683904
dMMR,PFS,placebo_chemo,comparator,Placebo + paclitaxel-carboplatin,dMMR_PFS_placebo_chemo,loglogistic,421.22687510474,426.68165074216466,259,0.0011650395925668633
dMMR,PFS,placebo_chemo,comparator,Placebo + paclitaxel-carboplatin,dMMR_PFS_placebo_chemo,loglogistic,421.22687510474,426.68165074216466,260,0.0011560118283509002
dMMR,PFS,placebo_chemo,comparator,Placebo + paclitaxel-carboplatin,dMMR_PFS_placebo_chemo,loglogistic,421.22687510474,426.68165074216466,261,0.0011470881934165789
dMMR,PFS,placebo_chemo,comparator,Placebo + paclitaxel-carboplatin,dMMR_PFS_placebo_chemo,loglogistic,421.22687510474,426.68165074216466,262,0.0011382670958298702
dMMR,PFS,placebo_chemo,comparator,Placebo + paclitaxel-carboplatin,dMMR_PFS_placebo_chemo,loglogistic,421.22687510474,426.68165074216466,263,0.0011295469739190933
dMMR,PFS,placebo_chemo,comparator,Placebo + paclitaxel-carboplatin,dMMR_PFS_placebo_chemo,loglogistic,421.22687510474,426.68165074216466,264,0.001120926295589575
dMMR,PFS,placebo_chemo,comparator,Placebo + paclitaxel-carboplatin,dMMR_PFS_placebo_chemo,loglogistic,421.22687510474,426.68165074216466,265,0.0011124035576537405
dMMR,PFS,placebo_chemo,comparator,Placebo + paclitaxel-carboplatin,dMMR_PFS_placebo_chemo,loglogistic,421.22687510474,426.68165074216466,266,0.001103977285180413
dMMR,PFS,placebo_chemo,comparator,Placebo + paclitaxel-carboplatin,dMMR_PFS_placebo_chemo,loglogistic,421.22687510474,426.68165074216466,267,0.0010956460308598759
dMMR,PFS,placebo_chemo,comparator,Placebo + paclitaxel-carboplatin,dMMR_PFS_placebo_chemo,loglogistic,421.22687510474,426.68165074216466,268,0.0010874083743865892
dMMR,PFS,placebo_chemo,comparator,Placebo + paclitaxel-carboplatin,dMMR_PFS_placebo_chemo,loglogistic,421.22687510474,426.68165074216466,269,0.001079262921857116
dMMR,PFS,placebo_chemo,comparator,Placebo + paclitaxel-carboplatin,dMMR_PFS_placebo_chemo,loglogistic,421.22687510474,426.68165074216466,270,0.001071208305184146
dMMR,PFS,placebo_chemo,comparator,Placebo + paclitaxel-carboplatin,dMMR_PFS_placebo_chemo,loglogistic,421.22687510474,426.68165074216466,271,0.0010632431815253973
dMMR,PFS,placebo_chemo,comparator,Placebo + paclitaxel-carboplatin,dMMR_PFS_placebo_chemo,loglogistic,421.22687510474,426.68165074216466,272,0.001055366232727506
dMMR,PFS,placebo_chemo,comparator,Placebo + paclitaxel-carboplatin,dMMR_PFS_placebo_chemo,loglogistic,421.22687510474,426.68165074216466,273,0.0010475761647833481
dMMR,PFS,placebo_chemo,comparator,Placebo + paclitaxel-carboplatin,dMMR_PFS_placebo_chemo,loglogistic,421.22687510474,426.68165074216466,274,0.0010398717073041297
dMMR,PFS,placebo_chemo,comparator,Placebo + paclitaxel-carboplatin,dMMR_PFS_placebo_chemo,loglogistic,421.22687510474,426.68165074216466,275,0.0010322516130049086
dMMR,PFS,placebo_chemo,comparator,Placebo + paclitaxel-carboplatin,dMMR_PFS_placebo_chemo,loglogistic,421.22687510474,426.68165074216466,276,0.001024714657201109
dMMR,PFS,placebo_chemo,comparator,Placebo + paclitaxel-carboplatin,dMMR_PFS_placebo_chemo,loglogistic,421.22687510474,426.68165074216466,277,0.001017259637321799
dMMR,PFS,placebo_chemo,comparator,Placebo + paclitaxel-carboplatin,dMMR_PFS_placebo_chemo,loglogistic,421.22687510474,426.68165074216466,278,0.00100988537243063
dMMR,PFS,placebo_chemo,comparator,Placebo + paclitaxel-carboplatin,dMMR_PFS_placebo_chemo,loglogistic,421.22687510474,426.68165074216466,279,0.0010025907027619851
dMMR,PFS,placebo_chemo,comparator,Placebo + paclitaxel-carboplatin,dMMR_PFS_placebo_chemo,loglogistic,421.22687510474,426.68165074216466,280,9.953744892676752e-4
dMMR,PFS,placebo_chemo,comparator,Placebo + paclitaxel-carboplatin,dMMR_PFS_placebo_chemo,loglogistic,421.22687510474,426.68165074216466,281,9.882356131744041e-4
dMMR,PFS,placebo_chemo,comparator,Placebo + paclitaxel-carboplatin,dMMR_PFS_placebo_chemo,loglogistic,421.22687510474,426.68165074216466,282,9.811729755528908e-4
dMMR,PFS,placebo_chemo,comparator,Placebo + paclitaxel-carboplatin,dMMR_PFS_placebo_chemo,loglogistic,421.22687510474,426.68165074216466,283,9.741854968976504e-4
dMMR,PFS,placebo_chemo,comparator,Placebo + paclitaxel-carboplatin,dMMR_PFS_placebo_chemo,loglogistic,421.22687510474,426.68165074216466,284,9.672721167161002e-4
dMMR,PFS,placebo_chemo,comparator,Placebo + paclitaxel-carboplatin,dMMR_PFS_placebo_chemo,loglogistic,421.22687510474,426.68165074216466,285,9.604317931296569e-4
dMMR,PFS,placebo_chemo,comparator,Placebo + paclitaxel-carboplatin,dMMR_PFS_placebo_chemo,loglogistic,421.22687510474,426.68165074216466,286,9.536635024826046e-4
dMMR,PFS,placebo_chemo,comparator,Placebo + paclitaxel-carboplatin,dMMR_PFS_placebo_chemo,loglogistic,421.22687510474,426.68165074216466,287,9.469662389617328e-4
dMMR,PFS,placebo_chemo,comparator,Placebo + paclitaxel-carboplatin,dMMR_PFS_placebo_chemo,loglogistic,421.22687510474,426.68165074216466,288,9.403390142246337e-4
dMMR,PFS,placebo_chemo,comparator,Placebo + paclitaxel-carboplatin,dMMR_PFS_placebo_chemo,loglogistic,421.22687510474,426.68165074216466,289,9.337808570372141e-4
dMMR,PFS,placebo_chemo,comparator,Placebo + paclitaxel-carboplatin,dMMR_PFS_placebo_chemo,loglogistic,421.22687510474,426.68165074216466,290,9.272908129196455e-4
dMMR,PFS,placebo_chemo,comparator,Placebo + paclitaxel-carboplatin,dMMR_PFS_placebo_chemo,loglogistic,421.22687510474,426.68165074216466,291,9.208679438019729e-4
dMMR,PFS,placebo_chemo,comparator,Placebo + paclitaxel-carboplatin,dMMR_PFS_placebo_chemo,loglogistic,421.22687510474,426.68165074216466,292,9.145113276859407e-4
dMMR,PFS,placebo_chemo,comparator,Placebo + paclitaxel-carboplatin,dMMR_PFS_placebo_chemo,loglogistic,421.22687510474,426.68165074216466,293,9.082200583163669e-4
dMMR,PFS,placebo_chemo,comparator,Placebo + paclitaxel-carboplatin,dMMR_PFS_placebo_chemo,loglogistic,421.22687510474,426.68165074216466,294,9.019932448608436e-4
dMMR,PFS,placebo_chemo,comparator,Placebo + paclitaxel-carboplatin,dMMR_PFS_placebo_chemo,loglogistic,421.22687510474,426.68165074216466,295,8.95830011594767e-4
dMMR,PFS,placebo_chemo,comparator,Placebo + paclitaxel-carboplatin,dMMR_PFS_placebo_chemo,loglogistic,421.22687510474,426.68165074216466,296,8.897294975958037e-4
dMMR,PFS,placebo_chemo,comparator,Placebo + paclitaxel-carboplatin,dMMR_PFS_placebo_chemo,loglogistic,421.22687510474,426.68165074216466,297,8.836908564457957e-4
dMMR,PFS,placebo_chemo,comparator,Placebo + paclitaxel-carboplatin,dMMR_PFS_placebo_chemo,loglogistic,421.22687510474,426.68165074216466,298,8.777132559376621e-4
dMMR,PFS,placebo_chemo,comparator,Placebo + paclitaxel-carboplatin,dMMR_PFS_placebo_chemo,loglogistic,421.22687510474,426.68165074216466,299,8.717958777904045e-4
dMMR,PFS,placebo_chemo,comparator,Placebo + paclitaxel-carboplatin,dMMR_PFS_placebo_chemo,loglogistic,421.22687510474,426.68165074216466,300,8.659379173714399e-4
dMMR,PFS,placebo_chemo,comparator,Placebo + paclitaxel-carboplatin,dMMR_PFS_placebo_chemo,loglogistic,421.22687510474,426.68165074216466,301,8.601385834238195e-4
dMMR,PFS,placebo_chemo,comparator,Placebo + paclitaxel-carboplatin,dMMR_PFS_placebo_chemo,loglogistic,421.22687510474,426.68165074216466,302,8.543970978014404e-4
dMMR,PFS,placebo_chemo,comparator,Placebo + paclitaxel-carboplatin,dMMR_PFS_placebo_chemo,loglogistic,421.22687510474,426.68165074216466,303,8.487126952078095e-4
dMMR,PFS,placebo_chemo,comparator,Placebo + paclitaxel-carboplatin,dMMR_PFS_placebo_chemo,loglogistic,421.22687510474,426.68165074216466,304,8.430846229448008e-4
dMMR,PFS,placebo_chemo,comparator,Placebo + paclitaxel-carboplatin,dMMR_PFS_placebo_chemo,loglogistic,421.22687510474,426.68165074216466,305,8.37512140663077e-4
dMMR,PFS,placebo_chemo,comparator,Placebo + paclitaxel-carboplatin,dMMR_PFS_placebo_chemo,loglogistic,421.22687510474,426.68165074216466,306,8.319945201203938e-4
dMMR,PFS,placebo_chemo,comparator,Placebo + paclitaxel-carboplatin,dMMR_PFS_placebo_chemo,loglogistic,421.22687510474,426.68165074216466,307,8.265310449455665e-4
dMMR,PFS,placebo_chemo,comparator,Placebo + paclitaxel-carboplatin,dMMR_PFS_placebo_chemo,loglogistic,421.22687510474,426.68165074216466,308,8.211210104067668e-4
dMMR,PFS,placebo_chemo,comparator,Placebo + paclitaxel-carboplatin,dMMR_PFS_placebo_chemo,loglogistic,421.22687510474,426.68165074216466,309,8.157637231853698e-4
dMMR,PFS,placebo_chemo,comparator,Placebo + paclitaxel-carboplatin,dMMR_PFS_placebo_chemo,loglogistic,421.22687510474,426.68165074216466,310,8.104585011559085e-4
dMMR,PFS,placebo_chemo,comparator,Placebo + paclitaxel-carboplatin,dMMR_PFS_placebo_chemo,loglogistic,421.22687510474,426.68165074216466,311,8.052046731685802e-4
dMMR,PFS,placebo_chemo,comparator,Placebo + paclitaxel-carboplatin,dMMR_PFS_placebo_chemo,loglogistic,421.22687510474,426.68165074216466,312,8.000015788405257e-4
dMMR,PFS,placebo_chemo,comparator,Placebo + paclitaxel-carboplatin,dMMR_PFS_placebo_chemo,loglogistic,421.22687510474,426.68165074216466,313,7.948485683466622e-4
dMMR,PFS,placebo_chemo,comparator,Placebo + paclitaxel-carboplatin,dMMR_PFS_placebo_chemo,loglogistic,421.22687510474,426.68165074216466,314,7.89745002220732e-4
dMMR,PFS,placebo_chemo,comparator,Placebo + paclitaxel-carboplatin,dMMR_PFS_placebo_chemo,loglogistic,421.22687510474,426.68165074216466,315,7.846902511557952e-4
dMMR,PFS,placebo_chemo,comparator,Placebo + paclitaxel-carboplatin,dMMR_PFS_placebo_chemo,loglogistic,421.22687510474,426.68165074216466,316,7.796836958120501e-4
dMMR,PFS,placebo_chemo,comparator,Placebo + paclitaxel-carboplatin,dMMR_PFS_placebo_chemo,loglogistic,421.22687510474,426.68165074216466,317,7.747247266290946e-4
dMMR,PFS,placebo_chemo,comparator,Placebo + paclitaxel-carboplatin,dMMR_PFS_placebo_chemo,loglogistic,421.22687510474,426.68165074216466,318,7.698127436396307e-4
dMMR,PFS,placebo_chemo,comparator,Placebo + paclitaxel-carboplatin,dMMR_PFS_placebo_chemo,loglogistic,421.22687510474,426.68165074216466,319,7.649471562908294e-4
dMMR,PFS,placebo_chemo,comparator,Placebo + paclitaxel-carboplatin,dMMR_PFS_placebo_chemo,loglogistic,421.22687510474,426.68165074216466,320,7.601273832665845e-4
dMMR,PFS,placebo_chemo,comparator,Placebo + paclitaxel-carboplatin,dMMR_PFS_placebo_chemo,loglogistic,421.22687510474,426.68165074216466,321,7.553528523149833e-4
dMMR,PFS,placebo_chemo,comparator,Placebo + paclitaxel-carboplatin,dMMR_PFS_placebo_chemo,loglogistic,421.22687510474,426.68165074216466,322,7.506230000801084e-4
dMMR,PFS,placebo_chemo,comparator,Placebo + paclitaxel-carboplatin,dMMR_PFS_placebo_chemo,loglogistic,421.22687510474,426.68165074216466,323,7.45937271935837e-4
dMMR,PFS,placebo_chemo,comparator,Placebo + paclitaxel-carboplatin,dMMR_PFS_placebo_chemo,loglogistic,421.22687510474,426.68165074216466,324,7.412951218247477e-4
dMMR,PFS,placebo_chemo,comparator,Placebo + paclitaxel-carboplatin,dMMR_PFS_placebo_chemo,loglogistic,421.22687510474,426.68165074216466,325,7.366960120998023e-4
dMMR,PFS,placebo_chemo,comparator,Placebo + paclitaxel-carboplatin,dMMR_PFS_placebo_chemo,loglogistic,421.22687510474,426.68165074216466,326,7.321394133692483e-4
dMMR,PFS,placebo_chemo,comparator,Placebo + paclitaxel-carboplatin,dMMR_PFS_placebo_chemo,loglogistic,421.22687510474,426.68165074216466,327,7.27624804345961e-4
dMMR,PFS,placebo_chemo,comparator,Placebo + paclitaxel-carboplatin,dMMR_PFS_placebo_chemo,loglogistic,421.22687510474,426.68165074216466,328,7.231516716975639e-4
dMMR,PFS,placebo_chemo,comparator,Placebo + paclitaxel-carboplatin,dMMR_PFS_placebo_chemo,loglogistic,421.22687510474,426.68165074216466,329,7.187195099030985e-4
dMMR,PFS,placebo_chemo,comparator,Placebo + paclitaxel-carboplatin,dMMR_PFS_placebo_chemo,loglogistic,421.22687510474,426.68165074216466,330,7.143278211095838e-4
dMMR,PFS,placebo_chemo,comparator,Placebo + paclitaxel-carboplatin,dMMR_PFS_placebo_chemo,loglogistic,421.22687510474,426.68165074216466,331,7.099761149943484e-4
dMMR,PFS,placebo_chemo,comparator,Placebo + paclitaxel-carboplatin,dMMR_PFS_placebo_chemo,loglogistic,421.22687510474,426.68165074216466,332,7.05663908626919e-4
dMMR,PFS,placebo_chemo,comparator,Placebo + paclitaxel-carboplatin,dMMR_PFS_placebo_chemo,loglogistic,421.22687510474,426.68165074216466,333,7.013907263380137e-4
dMMR,PFS,placebo_chemo,comparator,Placebo + paclitaxel-carboplatin,dMMR_PFS_placebo_chemo,loglogistic,421.22687510474,426.68165074216466,334,6.97156099587537e-4
dMMR,PFS,placebo_chemo,comparator,Placebo + paclitaxel-carboplatin,dMMR_PFS_placebo_chemo,loglogistic,421.22687510474,426.68165074216466,335,6.929595668376809e-4
dMMR,PFS,placebo_chemo,comparator,Placebo + paclitaxel-carboplatin,dMMR_PFS_placebo_chemo,loglogistic,421.22687510474,426.68165074216466,336,6.888006734271368e-4
dMMR,PFS,placebo_chemo,comparator,Placebo + paclitaxel-carboplatin,dMMR_PFS_placebo_chemo,loglogistic,421.22687510474,426.68165074216466,337,6.846789714488599e-4
dMMR,PFS,placebo_chemo,comparator,Placebo + paclitaxel-carboplatin,dMMR_PFS_placebo_chemo,loglogistic,421.22687510474,426.68165074216466,338,6.805940196308313e-4
dMMR,PFS,placebo_chemo,comparator,Placebo + paclitaxel-carboplatin,dMMR_PFS_placebo_chemo,loglogistic,421.22687510474,426.68165074216466,339,6.765453832177082e-4
dMMR,PFS,placebo_chemo,comparator,Placebo + paclitaxel-carboplatin,dMMR_PFS_placebo_chemo,loglogistic,421.22687510474,426.68165074216466,340,6.725326338559157e-4
dMMR,PFS,placebo_chemo,comparator,Placebo + paclitaxel-carboplatin,dMMR_PFS_placebo_chemo,loglogistic,421.22687510474,426.68165074216466,341,6.685553494812924e-4
dMMR,PFS,placebo_chemo,comparator,Placebo + paclitaxel-carboplatin,dMMR_PFS_placebo_chemo,loglogistic,421.22687510474,426.68165074216466,342,6.646131142088452e-4
dMMR,PFS,placebo_chemo,comparator,Placebo + paclitaxel-carboplatin,dMMR_PFS_placebo_chemo,loglogistic,421.22687510474,426.68165074216466,343,6.607055182235033e-4
dMMR,PFS,placebo_chemo,comparator,Placebo + paclitaxel-carboplatin,dMMR_PFS_placebo_chemo,loglogistic,421.22687510474,426.68165074216466,344,6.568321576756464e-4
dMMR,PFS,placebo_chemo,comparator,Placebo + paclitaxel-carboplatin,dMMR_PFS_placebo_chemo,loglogistic,421.22687510474,426.68165074216466,345,6.529926345762993e-4
dMMR,PFS,placebo_chemo,comparator,Placebo + paclitaxel-carboplatin,dMMR_PFS_placebo_chemo,loglogistic,421.22687510474,426.68165074216466,346,6.49186556696324e-4
dMMR,PFS,placebo_chemo,comparator,Placebo + paclitaxel-carboplatin,dMMR_PFS_placebo_chemo,loglogistic,421.22687510474,426.68165074216466,347,6.454135374656111e-4
dMMR,PFS,placebo_chemo,comparator,Placebo + paclitaxel-carboplatin,dMMR_PFS_placebo_chemo,loglogistic,421.22687510474,426.68165074216466,348,6.41673195876602e-4
dMMR,PFS,placebo_chemo,comparator,Placebo + paclitaxel-carboplatin,dMMR_PFS_placebo_chemo,loglogistic,421.22687510474,426.68165074216466,349,6.379651563881428e-4
dMMR,PFS,placebo_chemo,comparator,Placebo + paclitaxel-carboplatin,dMMR_PFS_placebo_chemo,loglogistic,421.22687510474,426.68165074216466,350,6.342890488312269e-4
dMMR,PFS,placebo_chemo,comparator,Placebo + paclitaxel-carboplatin,dMMR_PFS_placebo_chemo,loglogistic,421.22687510474,426.68165074216466,351,6.306445083176238e-4
dMMR,PFS,placebo_chemo,comparator,Placebo + paclitaxel-carboplatin,dMMR_PFS_placebo_chemo,loglogistic,421.22687510474,426.68165074216466,352,6.270311751507274e-4
dMMR,PFS,placebo_chemo,comparator,Placebo + paclitaxel-carboplatin,dMMR_PFS_placebo_chemo,loglogistic,421.22687510474,426.68165074216466,353,6.234486947351847e-4
dMMR,PFS,placebo_chemo,comparator,Placebo + paclitaxel-carboplatin,dMMR_PFS_placebo_chemo,loglogistic,421.22687510474,426.68165074216466,354,6.198967174922965e-4
dMMR,PFS,placebo_chemo,comparator,Placebo + paclitaxel-carboplatin,dMMR_PFS_placebo_chemo,loglogistic,421.22687510474,426.68165074216466,355,6.163748987736417e-4
dMMR,PFS,placebo_chemo,comparator,Placebo + paclitaxel-carboplatin,dMMR_PFS_placebo_chemo,loglogistic,421.22687510474,426.68165074216466,356,6.128828987795876e-4
dMMR,PFS,placebo_chemo,comparator,Placebo + paclitaxel-carboplatin,dMMR_PFS_placebo_chemo,loglogistic,421.22687510474,426.68165074216466,357,6.094203824761335e-4
dMMR,PFS,placebo_chemo,comparator,Placebo + paclitaxel-carboplatin,dMMR_PFS_placebo_chemo,loglogistic,421.22687510474,426.68165074216466,358,6.059870195161965e-4
dMMR,PFS,placebo_chemo,comparator,Placebo + paclitaxel-carboplatin,dMMR_PFS_placebo_chemo,loglogistic,421.22687510474,426.68165074216466,359,6.025824841603411e-4
dMMR,PFS,placebo_chemo,comparator,Placebo + paclitaxel-carboplatin,dMMR_PFS_placebo_chemo,loglogistic,421.22687510474,426.68165074216466,360,5.992064552007292e-4
dMMR,PFS,pembro_chemo,intervention,Pembrolizumab + paclitaxel-carboplatin,dMMR_PFS_pembro_chemo,exponential,253.9224219786224,256.6409208499175,0,1
dMMR,PFS,pembro_chemo,intervention,Pembrolizumab + paclitaxel-carboplatin,dMMR_PFS_pembro_chemo,exponential,253.9224219786224,256.6409208499175,1,0.9788335882894341
dMMR,PFS,pembro_chemo,intervention,Pembrolizumab + paclitaxel-carboplatin,dMMR_PFS_pembro_chemo,exponential,253.9224219786224,256.6409208499175,2,0.9581151935635694
dMMR,PFS,pembro_chemo,intervention,Pembrolizumab + paclitaxel-carboplatin,dMMR_PFS_pembro_chemo,exponential,253.9224219786224,256.6409208499175,3,0.9378353329104545
dMMR,PFS,pembro_chemo,intervention,Pembrolizumab + paclitaxel-carboplatin,dMMR_PFS_pembro_chemo,exponential,253.9224219786224,256.6409208499175,4,0.9179847241373562
dMMR,PFS,pembro_chemo,intervention,Pembrolizumab + paclitaxel-carboplatin,dMMR_PFS_pembro_chemo,exponential,253.9224219786224,256.6409208499175,5,0.8985542815222547
dMMR,PFS,pembro_chemo,intervention,Pembrolizumab + paclitaxel-carboplatin,dMMR_PFS_pembro_chemo,exponential,253.9224219786224,256.6409208499175,6,0.879535111655263
dMMR,PFS,pembro_chemo,intervention,Pembrolizumab + paclitaxel-carboplatin,dMMR_PFS_pembro_chemo,exponential,253.9224219786224,256.6409208499175,7,0.8609185093680692
dMMR,PFS,pembro_chemo,intervention,Pembrolizumab + paclitaxel-carboplatin,dMMR_PFS_pembro_chemo,exponential,253.9224219786224,256.6409208499175,8,0.842695953749538
dMMR,PFS,pembro_chemo,intervention,Pembrolizumab + paclitaxel-carboplatin,dMMR_PFS_pembro_chemo,exponential,253.9224219786224,256.6409208499175,9,0.8248591042456473
dMMR,PFS,pembro_chemo,intervention,Pembrolizumab + paclitaxel-carboplatin,dMMR_PFS_pembro_chemo,exponential,253.9224219786224,256.6409208499175,10,0.8073997968419754
dMMR,PFS,pembro_chemo,intervention,Pembrolizumab + paclitaxel-carboplatin,dMMR_PFS_pembro_chemo,exponential,253.9224219786224,256.6409208499175,11,0.7903100403269909
dMMR,PFS,pembro_chemo,intervention,Pembrolizumab + paclitaxel-carboplatin,dMMR_PFS_pembro_chemo,exponential,253.9224219786224,256.6409208499175,12,0.7735820126344359
dMMR,PFS,pembro_chemo,intervention,Pembrolizumab + paclitaxel-carboplatin,dMMR_PFS_pembro_chemo,exponential,253.9224219786224,256.6409208499175,13,0.7572080572631273
dMMR,PFS,pembro_chemo,intervention,Pembrolizumab + paclitaxel-carboplatin,dMMR_PFS_pembro_chemo,exponential,253.9224219786224,256.6409208499175,14,0.7411806797725382
dMMR,PFS,pembro_chemo,intervention,Pembrolizumab + paclitaxel-carboplatin,dMMR_PFS_pembro_chemo,exponential,253.9224219786224,256.6409208499175,15,0.7254925443525557
dMMR,PFS,pembro_chemo,intervention,Pembrolizumab + paclitaxel-carboplatin,dMMR_PFS_pembro_chemo,exponential,253.9224219786224,256.6409208499175,16,0.7101364704658435
dMMR,PFS,pembro_chemo,intervention,Pembrolizumab + paclitaxel-carboplatin,dMMR_PFS_pembro_chemo,exponential,253.9224219786224,256.6409208499175,17,0.6951054295612754
dMMR,PFS,pembro_chemo,intervention,Pembrolizumab + paclitaxel-carboplatin,dMMR_PFS_pembro_chemo,exponential,253.9224219786224,256.6409208499175,18,0.6803925418569317
dMMR,PFS,pembro_chemo,intervention,Pembrolizumab + paclitaxel-carboplatin,dMMR_PFS_pembro_chemo,exponential,253.9224219786224,256.6409208499175,19,0.6659910731911896
dMMR,PFS,pembro_chemo,intervention,Pembrolizumab + paclitaxel-carboplatin,dMMR_PFS_pembro_chemo,exponential,253.9224219786224,256.6409208499175,20,0.6518944319404631
dMMR,PFS,pembro_chemo,intervention,Pembrolizumab + paclitaxel-carboplatin,dMMR_PFS_pembro_chemo,exponential,253.9224219786224,256.6409208499175,21,0.6380961660021859
dMMR,PFS,pembro_chemo,intervention,Pembrolizumab + paclitaxel-carboplatin,dMMR_PFS_pembro_chemo,exponential,253.9224219786224,256.6409208499175,22,0.62458995984165
dMMR,PFS,pembro_chemo,intervention,Pembrolizumab + paclitaxel-carboplatin,dMMR_PFS_pembro_chemo,exponential,253.9224219786224,256.6409208499175,23,0.6113696316013559
dMMR,PFS,pembro_chemo,intervention,Pembrolizumab + paclitaxel-carboplatin,dMMR_PFS_pembro_chemo,exponential,253.9224219786224,256.6409208499175,24,0.5984291302715447
dMMR,PFS,pembro_chemo,intervention,Pembrolizumab + paclitaxel-carboplatin,dMMR_PFS_pembro_chemo,exponential,253.9224219786224,256.6409208499175,25,0.5857625329206213
dMMR,PFS,pembro_chemo,intervention,Pembrolizumab + paclitaxel-carboplatin,dMMR_PFS_pembro_chemo,exponential,253.9224219786224,256.6409208499175,26,0.5733640419841995
dMMR,PFS,pembro_chemo,intervention,Pembrolizumab + paclitaxel-carboplatin,dMMR_PFS_pembro_chemo,exponential,253.9224219786224,256.6409208499175,27,0.5612279826115278
dMMR,PFS,pembro_chemo,intervention,Pembrolizumab + paclitaxel-carboplatin,dMMR_PFS_pembro_chemo,exponential,253.9224219786224,256.6409208499175,28,0.549348800068082
dMMR,PFS,pembro_chemo,intervention,Pembrolizumab + paclitaxel-carboplatin,dMMR_PFS_pembro_chemo,exponential,253.9224219786224,256.6409208499175,29,0.5377210571931356
dMMR,PFS,pembro_chemo,intervention,Pembrolizumab + paclitaxel-carboplatin,dMMR_PFS_pembro_chemo,exponential,253.9224219786224,256.6409208499175,30,0.526339431911145
dMMR,PFS,pembro_chemo,intervention,Pembrolizumab + paclitaxel-carboplatin,dMMR_PFS_pembro_chemo,exponential,253.9224219786224,256.6409208499175,31,0.5151987147958084
dMMR,PFS,pembro_chemo,intervention,Pembrolizumab + paclitaxel-carboplatin,dMMR_PFS_pembro_chemo,exponential,253.9224219786224,256.6409208499175,32,0.5042938066856859
dMMR,PFS,pembro_chemo,intervention,Pembrolizumab + paclitaxel-carboplatin,dMMR_PFS_pembro_chemo,exponential,253.9224219786224,256.6409208499175,33,0.4936197163502881
dMMR,PFS,pembro_chemo,intervention,Pembrolizumab + paclitaxel-carboplatin,dMMR_PFS_pembro_chemo,exponential,253.9224219786224,256.6409208499175,34,0.48317155820556523
dMMR,PFS,pembro_chemo,intervention,Pembrolizumab + paclitaxel-carboplatin,dMMR_PFS_pembro_chemo,exponential,253.9224219786224,256.6409208499175,35,0.4729445500777506
dMMR,PFS,pembro_chemo,intervention,Pembrolizumab + paclitaxel-carboplatin,dMMR_PFS_pembro_chemo,exponential,253.9224219786224,256.6409208499175,36,0.4629340110145366
dMMR,PFS,pembro_chemo,intervention,Pembrolizumab + paclitaxel-carboplatin,dMMR_PFS_pembro_chemo,exponential,253.9224219786224,256.6409208499175,37,0.4531353591425792
dMMR,PFS,pembro_chemo,intervention,Pembrolizumab + paclitaxel-carboplatin,dMMR_PFS_pembro_chemo,exponential,253.9224219786224,256.6409208499175,38,0.4435441095703523
dMMR,PFS,pembro_chemo,intervention,Pembrolizumab + paclitaxel-carboplatin,dMMR_PFS_pembro_chemo,exponential,253.9224219786224,256.6409208499175,39,0.4341558723353899
dMMR,PFS,pembro_chemo,intervention,Pembrolizumab + paclitaxel-carboplatin,dMMR_PFS_pembro_chemo,exponential,253.9224219786224,256.6409208499175,40,0.4249663503949792
dMMR,PFS,pembro_chemo,intervention,Pembrolizumab + paclitaxel-carboplatin,dMMR_PFS_pembro_chemo,exponential,253.9224219786224,256.6409208499175,41,0.41597133765938243
dMMR,PFS,pembro_chemo,intervention,Pembrolizumab + paclitaxel-carboplatin,dMMR_PFS_pembro_chemo,exponential,253.9224219786224,256.6409208499175,42,0.40716671706668917
dMMR,PFS,pembro_chemo,intervention,Pembrolizumab + paclitaxel-carboplatin,dMMR_PFS_pembro_chemo,exponential,253.9224219786224,256.6409208499175,43,0.39854845869841615
dMMR,PFS,pembro_chemo,intervention,Pembrolizumab + paclitaxel-carboplatin,dMMR_PFS_pembro_chemo,exponential,253.9224219786224,256.6409208499175,44,0.3901126179349941
dMMR,PFS,pembro_chemo,intervention,Pembrolizumab + paclitaxel-carboplatin,dMMR_PFS_pembro_chemo,exponential,253.9224219786224,256.6409208499175,45,0.3818553336502952
dMMR,PFS,pembro_chemo,intervention,Pembrolizumab + paclitaxel-carboplatin,dMMR_PFS_pembro_chemo,exponential,253.9224219786224,256.6409208499175,46,0.3737728264443776
dMMR,PFS,pembro_chemo,intervention,Pembrolizumab + paclitaxel-carboplatin,dMMR_PFS_pembro_chemo,exponential,253.9224219786224,256.6409208499175,47,0.36586139691363406
dMMR,PFS,pembro_chemo,intervention,Pembrolizumab + paclitaxel-carboplatin,dMMR_PFS_pembro_chemo,exponential,253.9224219786224,256.6409208499175,48,0.3581174239575573
dMMR,PFS,pembro_chemo,intervention,Pembrolizumab + paclitaxel-carboplatin,dMMR_PFS_pembro_chemo,exponential,253.9224219786224,256.6409208499175,49,0.3505373631213444
dMMR,PFS,pembro_chemo,intervention,Pembrolizumab + paclitaxel-carboplatin,dMMR_PFS_pembro_chemo,exponential,253.9224219786224,256.6409208499175,50,0.34311774497358194
dMMR,PFS,pembro_chemo,intervention,Pembrolizumab + paclitaxel-carboplatin,dMMR_PFS_pembro_chemo,exponential,253.9224219786224,256.6409208499175,51,0.3358551735182701
dMMR,PFS,pembro_chemo,intervention,Pembrolizumab + paclitaxel-carboplatin,dMMR_PFS_pembro_chemo,exponential,253.9224219786224,256.6409208499175,52,0.32874632464045894
dMMR,PFS,pembro_chemo,intervention,Pembrolizumab + paclitaxel-carboplatin,dMMR_PFS_pembro_chemo,exponential,253.9224219786224,256.6409208499175,53,0.32178794458478366
dMMR,PFS,pembro_chemo,intervention,Pembrolizumab + paclitaxel-carboplatin,dMMR_PFS_pembro_chemo,exponential,253.9224219786224,256.6409208499175,54,0.31497684846620533
dMMR,PFS,pembro_chemo,intervention,Pembrolizumab + paclitaxel-carboplatin,dMMR_PFS_pembro_chemo,exponential,253.9224219786224,256.6409208499175,55,0.3083099188122731
dMMR,PFS,pembro_chemo,intervention,Pembrolizumab + paclitaxel-carboplatin,dMMR_PFS_pembro_chemo,exponential,253.9224219786224,256.6409208499175,56,0.30178410413624146
dMMR,PFS,pembro_chemo,intervention,Pembrolizumab + paclitaxel-carboplatin,dMMR_PFS_pembro_chemo,exponential,253.9224219786224,256.6409208499175,57,0.2953964175403895
dMMR,PFS,pembro_chemo,intervention,Pembrolizumab + paclitaxel-carboplatin,dMMR_PFS_pembro_chemo,exponential,253.9224219786224,256.6409208499175,58,0.28914393534890337
dMMR,PFS,pembro_chemo,intervention,Pembrolizumab + paclitaxel-carboplatin,dMMR_PFS_pembro_chemo,exponential,253.9224219786224,256.6409208499175,59,0.2830237957696953
dMMR,PFS,pembro_chemo,intervention,Pembrolizumab + paclitaxel-carboplatin,dMMR_PFS_pembro_chemo,exponential,253.9224219786224,256.6409208499175,60,0.2770331975845468
dMMR,PFS,pembro_chemo,intervention,Pembrolizumab + paclitaxel-carboplatin,dMMR_PFS_pembro_chemo,exponential,253.9224219786224,256.6409208499175,61,0.2711693988669778
dMMR,PFS,pembro_chemo,intervention,Pembrolizumab + paclitaxel-carboplatin,dMMR_PFS_pembro_chemo,exponential,253.9224219786224,256.6409208499175,62,0.2654297157272526
dMMR,PFS,pembro_chemo,intervention,Pembrolizumab + paclitaxel-carboplatin,dMMR_PFS_pembro_chemo,exponential,253.9224219786224,256.6409208499175,63,0.2598115210839511
dMMR,PFS,pembro_chemo,intervention,Pembrolizumab + paclitaxel-carboplatin,dMMR_PFS_pembro_chemo,exponential,253.9224219786224,256.6409208499175,64,0.2543122434615399
dMMR,PFS,pembro_chemo,intervention,Pembrolizumab + paclitaxel-carboplatin,dMMR_PFS_pembro_chemo,exponential,253.9224219786224,256.6409208499175,65,0.2489293658133953
dMMR,PFS,pembro_chemo,intervention,Pembrolizumab + paclitaxel-carboplatin,dMMR_PFS_pembro_chemo,exponential,253.9224219786224,256.6409208499175,66,0.2436604243697389
dMMR,PFS,pembro_chemo,intervention,Pembrolizumab + paclitaxel-carboplatin,dMMR_PFS_pembro_chemo,exponential,253.9224219786224,256.6409208499175,67,0.2385030075099578
dMMR,PFS,pembro_chemo,intervention,Pembrolizumab + paclitaxel-carboplatin,dMMR_PFS_pembro_chemo,exponential,253.9224219786224,256.6409208499175,68,0.23345475465879384
dMMR,PFS,pembro_chemo,intervention,Pembrolizumab + paclitaxel-carboplatin,dMMR_PFS_pembro_chemo,exponential,253.9224219786224,256.6409208499175,69,0.22851335520589666
dMMR,PFS,pembro_chemo,intervention,Pembrolizumab + paclitaxel-carboplatin,dMMR_PFS_pembro_chemo,exponential,253.9224219786224,256.6409208499175,70,0.22367654744824594
dMMR,PFS,pembro_chemo,intervention,Pembrolizumab + paclitaxel-carboplatin,dMMR_PFS_pembro_chemo,exponential,253.9224219786224,256.6409208499175,71,0.2189421175549584
dMMR,PFS,pembro_chemo,intervention,Pembrolizumab + paclitaxel-carboplatin,dMMR_PFS_pembro_chemo,exponential,253.9224219786224,256.6409208499175,72,0.21430789855400711
dMMR,PFS,pembro_chemo,intervention,Pembrolizumab + paclitaxel-carboplatin,dMMR_PFS_pembro_chemo,exponential,253.9224219786224,256.6409208499175,73,0.20977176934038677
dMMR,PFS,pembro_chemo,intervention,Pembrolizumab + paclitaxel-carboplatin,dMMR_PFS_pembro_chemo,exponential,253.9224219786224,256.6409208499175,74,0.2053316537052743
dMMR,PFS,pembro_chemo,intervention,Pembrolizumab + paclitaxel-carboplatin,dMMR_PFS_pembro_chemo,exponential,253.9224219786224,256.6409208499175,75,0.20098551938573717
dMMR,PFS,pembro_chemo,intervention,Pembrolizumab + paclitaxel-carboplatin,dMMR_PFS_pembro_chemo,exponential,253.9224219786224,256.6409208499175,76,0.19673137713455668
dMMR,PFS,pembro_chemo,intervention,Pembrolizumab + paclitaxel-carboplatin,dMMR_PFS_pembro_chemo,exponential,253.9224219786224,256.6409208499175,77,0.1925672798097401
dMMR,PFS,pembro_chemo,intervention,Pembrolizumab + paclitaxel-carboplatin,dMMR_PFS_pembro_chemo,exponential,253.9224219786224,256.6409208499175,78,0.1884913214833034
dMMR,PFS,pembro_chemo,intervention,Pembrolizumab + paclitaxel-carboplatin,dMMR_PFS_pembro_chemo,exponential,253.9224219786224,256.6409208499175,79,0.18450163656891916
dMMR,PFS,pembro_chemo,intervention,Pembrolizumab + paclitaxel-carboplatin,dMMR_PFS_pembro_chemo,exponential,253.9224219786224,256.6409208499175,80,0.18059639896802826
dMMR,PFS,pembro_chemo,intervention,Pembrolizumab + paclitaxel-carboplatin,dMMR_PFS_pembro_chemo,exponential,253.9224219786224,256.6409208499175,81,0.1767738212340253
dMMR,PFS,pembro_chemo,intervention,Pembrolizumab + paclitaxel-carboplatin,dMMR_PFS_pembro_chemo,exponential,253.9224219786224,256.6409208499175,82,0.17303215375413594
dMMR,PFS,pembro_chemo,intervention,Pembrolizumab + paclitaxel-carboplatin,dMMR_PFS_pembro_chemo,exponential,253.9224219786224,256.6409208499175,83,0.16936968394860996
dMMR,PFS,pembro_chemo,intervention,Pembrolizumab + paclitaxel-carboplatin,dMMR_PFS_pembro_chemo,exponential,253.9224219786224,256.6409208499175,84,0.16578473548686534
dMMR,PFS,pembro_chemo,intervention,Pembrolizumab + paclitaxel-carboplatin,dMMR_PFS_pembro_chemo,exponential,253.9224219786224,256.6409208499175,85,0.16227566752022304
dMMR,PFS,pembro_chemo,intervention,Pembrolizumab + paclitaxel-carboplatin,dMMR_PFS_pembro_chemo,exponential,253.9224219786224,256.6409208499175,86,0.1588408739308831
dMMR,PFS,pembro_chemo,intervention,Pembrolizumab + paclitaxel-carboplatin,dMMR_PFS_pembro_chemo,exponential,253.9224219786224,256.6409208499175,87,0.15547878259679593
dMMR,PFS,pembro_chemo,intervention,Pembrolizumab + paclitaxel-carboplatin,dMMR_PFS_pembro_chemo,exponential,253.9224219786224,256.6409208499175,88,0.1521878546720946
dMMR,PFS,pembro_chemo,intervention,Pembrolizumab + paclitaxel-carboplatin,dMMR_PFS_pembro_chemo,exponential,253.9224219786224,256.6409208499175,89,0.1489665838827573
dMMR,PFS,pembro_chemo,intervention,Pembrolizumab + paclitaxel-carboplatin,dMMR_PFS_pembro_chemo,exponential,253.9224219786224,256.6409208499175,90,0.1458134958371783
dMMR,PFS,pembro_chemo,intervention,Pembrolizumab + paclitaxel-carboplatin,dMMR_PFS_pembro_chemo,exponential,253.9224219786224,256.6409208499175,91,0.14272714735133174
dMMR,PFS,pembro_chemo,intervention,Pembrolizumab + paclitaxel-carboplatin,dMMR_PFS_pembro_chemo,exponential,253.9224219786224,256.6409208499175,92,0.13970612578821884
dMMR,PFS,pembro_chemo,intervention,Pembrolizumab + paclitaxel-carboplatin,dMMR_PFS_pembro_chemo,exponential,253.9224219786224,256.6409208499175,93,0.1367490484112973
dMMR,PFS,pembro_chemo,intervention,Pembrolizumab + paclitaxel-carboplatin,dMMR_PFS_pembro_chemo,exponential,253.9224219786224,256.6409208499175,94,0.1338545617515957
dMMR,PFS,pembro_chemo,intervention,Pembrolizumab + paclitaxel-carboplatin,dMMR_PFS_pembro_chemo,exponential,253.9224219786224,256.6409208499175,95,0.13102134098822404
dMMR,PFS,pembro_chemo,intervention,Pembrolizumab + paclitaxel-carboplatin,dMMR_PFS_pembro_chemo,exponential,253.9224219786224,256.6409208499175,96,0.12824808934199683
dMMR,PFS,pembro_chemo,intervention,Pembrolizumab + paclitaxel-carboplatin,dMMR_PFS_pembro_chemo,exponential,253.9224219786224,256.6409208499175,97,0.12553353748189067
dMMR,PFS,pembro_chemo,intervention,Pembrolizumab + paclitaxel-carboplatin,dMMR_PFS_pembro_chemo,exponential,253.9224219786224,256.6409208499175,98,0.1228764429440653
dMMR,PFS,pembro_chemo,intervention,Pembrolizumab + paclitaxel-carboplatin,dMMR_PFS_pembro_chemo,exponential,253.9224219786224,256.6409208499175,99,0.1202755895631814
dMMR,PFS,pembro_chemo,intervention,Pembrolizumab + paclitaxel-carboplatin,dMMR_PFS_pembro_chemo,exponential,253.9224219786224,256.6409208499175,100,0.11772978691575597
dMMR,PFS,pembro_chemo,intervention,Pembrolizumab + paclitaxel-carboplatin,dMMR_PFS_pembro_chemo,exponential,253.9224219786224,256.6409208499175,101,0.11523786977529993
dMMR,PFS,pembro_chemo,intervention,Pembrolizumab + paclitaxel-carboplatin,dMMR_PFS_pembro_chemo,exponential,253.9224219786224,256.6409208499175,102,0.1127986975789873
dMMR,PFS,pembro_chemo,intervention,Pembrolizumab + paclitaxel-carboplatin,dMMR_PFS_pembro_chemo,exponential,253.9224219786224,256.6409208499175,103,0.11041115390561496
dMMR,PFS,pembro_chemo,intervention,Pembrolizumab + paclitaxel-carboplatin,dMMR_PFS_pembro_chemo,exponential,253.9224219786224,256.6409208499175,104,0.10807414596461007
dMMR,PFS,pembro_chemo,intervention,Pembrolizumab + paclitaxel-carboplatin,dMMR_PFS_pembro_chemo,exponential,253.9224219786224,256.6409208499175,105,0.10578660409585527
dMMR,PFS,pembro_chemo,intervention,Pembrolizumab + paclitaxel-carboplatin,dMMR_PFS_pembro_chemo,exponential,253.9224219786224,256.6409208499175,106,0.10354748128009972
dMMR,PFS,pembro_chemo,intervention,Pembrolizumab + paclitaxel-carboplatin,dMMR_PFS_pembro_chemo,exponential,253.9224219786224,256.6409208499175,107,0.10135575265973307
dMMR,PFS,pembro_chemo,intervention,Pembrolizumab + paclitaxel-carboplatin,dMMR_PFS_pembro_chemo,exponential,253.9224219786224,256.6409208499175,108,0.09921041506970285
dMMR,PFS,pembro_chemo,intervention,Pembrolizumab + paclitaxel-carboplatin,dMMR_PFS_pembro_chemo,exponential,253.9224219786224,256.6409208499175,109,0.09711048657836141
dMMR,PFS,pembro_chemo,intervention,Pembrolizumab + paclitaxel-carboplatin,dMMR_PFS_pembro_chemo,exponential,253.9224219786224,256.6409208499175,110,0.09505500603803041
dMMR,PFS,pembro_chemo,intervention,Pembrolizumab + paclitaxel-carboplatin,dMMR_PFS_pembro_chemo,exponential,253.9224219786224,256.6409208499175,111,0.09304303264507918
dMMR,PFS,pembro_chemo,intervention,Pembrolizumab + paclitaxel-carboplatin,dMMR_PFS_pembro_chemo,exponential,253.9224219786224,256.6409208499175,112,0.09107364550931385
dMMR,PFS,pembro_chemo,intervention,Pembrolizumab + paclitaxel-carboplatin,dMMR_PFS_pembro_chemo,exponential,253.9224219786224,256.6409208499175,113,0.0891459432324816
dMMR,PFS,pembro_chemo,intervention,Pembrolizumab + paclitaxel-carboplatin,dMMR_PFS_pembro_chemo,exponential,253.9224219786224,256.6409208499175,114,0.08725904349569613
dMMR,PFS,pembro_chemo,intervention,Pembrolizumab + paclitaxel-carboplatin,dMMR_PFS_pembro_chemo,exponential,253.9224219786224,256.6409208499175,115,0.08541208265559608
dMMR,PFS,pembro_chemo,intervention,Pembrolizumab + paclitaxel-carboplatin,dMMR_PFS_pembro_chemo,exponential,253.9224219786224,256.6409208499175,116,0.08360421534905083
dMMR,PFS,pembro_chemo,intervention,Pembrolizumab + paclitaxel-carboplatin,dMMR_PFS_pembro_chemo,exponential,253.9224219786224,256.6409208499175,117,0.08183461410623405
dMMR,PFS,pembro_chemo,intervention,Pembrolizumab + paclitaxel-carboplatin,dMMR_PFS_pembro_chemo,exponential,253.9224219786224,256.6409208499175,118,0.08010246897188622
dMMR,PFS,pembro_chemo,intervention,Pembrolizumab + paclitaxel-carboplatin,dMMR_PFS_pembro_chemo,exponential,253.9224219786224,256.6409208499175,119,0.07840698713459437
dMMR,PFS,pembro_chemo,intervention,Pembrolizumab + paclitaxel-carboplatin,dMMR_PFS_pembro_chemo,exponential,253.9224219786224,256.6409208499175,120,0.07674739256391849
dMMR,PFS,pembro_chemo,intervention,Pembrolizumab + paclitaxel-carboplatin,dMMR_PFS_pembro_chemo,exponential,253.9224219786224,256.6409208499175,121,0.07512292565519818
dMMR,PFS,pembro_chemo,intervention,Pembrolizumab + paclitaxel-carboplatin,dMMR_PFS_pembro_chemo,exponential,253.9224219786224,256.6409208499175,122,0.07353284288187811
dMMR,PFS,pembro_chemo,intervention,Pembrolizumab + paclitaxel-carboplatin,dMMR_PFS_pembro_chemo,exponential,253.9224219786224,256.6409208499175,123,0.07197641645519193
dMMR,PFS,pembro_chemo,intervention,Pembrolizumab + paclitaxel-carboplatin,dMMR_PFS_pembro_chemo,exponential,253.9224219786224,256.6409208499175,124,0.07045293399105013
dMMR,PFS,pembro_chemo,intervention,Pembrolizumab + paclitaxel-carboplatin,dMMR_PFS_pembro_chemo,exponential,253.9224219786224,256.6409208499175,125,0.06896169818397824
dMMR,PFS,pembro_chemo,intervention,Pembrolizumab + paclitaxel-carboplatin,dMMR_PFS_pembro_chemo,exponential,253.9224219786224,256.6409208499175,126,0.06750202648795645
dMMR,PFS,pembro_chemo,intervention,Pembrolizumab + paclitaxel-carboplatin,dMMR_PFS_pembro_chemo,exponential,253.9224219786224,256.6409208499175,127,0.06607325080401483
dMMR,PFS,pembro_chemo,intervention,Pembrolizumab + paclitaxel-carboplatin,dMMR_PFS_pembro_chemo,exponential,253.9224219786224,256.6409208499175,128,0.06467471717444151
dMMR,PFS,pembro_chemo,intervention,Pembrolizumab + paclitaxel-carboplatin,dMMR_PFS_pembro_chemo,exponential,253.9224219786224,256.6409208499175,129,0.06330578548346288
dMMR,PFS,pembro_chemo,intervention,Pembrolizumab + paclitaxel-carboplatin,dMMR_PFS_pembro_chemo,exponential,253.9224219786224,256.6409208499175,130,0.06196582916425919
dMMR,PFS,pembro_chemo,intervention,Pembrolizumab + paclitaxel-carboplatin,dMMR_PFS_pembro_chemo,exponential,253.9224219786224,256.6409208499175,131,0.060654234912181915
dMMR,PFS,pembro_chemo,intervention,Pembrolizumab + paclitaxel-carboplatin,dMMR_PFS_pembro_chemo,exponential,253.9224219786224,256.6409208499175,132,0.059370402404041234
dMMR,PFS,pembro_chemo,intervention,Pembrolizumab + paclitaxel-carboplatin,dMMR_PFS_pembro_chemo,exponential,253.9224219786224,256.6409208499175,133,0.058113744023335356
dMMR,PFS,pembro_chemo,intervention,Pembrolizumab + paclitaxel-carboplatin,dMMR_PFS_pembro_chemo,exponential,253.9224219786224,256.6409208499175,134,0.056883684591295
dMMR,PFS,pembro_chemo,intervention,Pembrolizumab + paclitaxel-carboplatin,dMMR_PFS_pembro_chemo,exponential,253.9224219786224,256.6409208499175,135,0.05567966110362166
dMMR,PFS,pembro_chemo,intervention,Pembrolizumab + paclitaxel-carboplatin,dMMR_PFS_pembro_chemo,exponential,253.9224219786224,256.6409208499175,136,0.05450112247279759
dMMR,PFS,pembro_chemo,intervention,Pembrolizumab + paclitaxel-carboplatin,dMMR_PFS_pembro_chemo,exponential,253.9224219786224,256.6409208499175,137,0.0533475292758504
dMMR,PFS,pembro_chemo,intervention,Pembrolizumab + paclitaxel-carboplatin,dMMR_PFS_pembro_chemo,exponential,253.9224219786224,256.6409208499175,138,0.052218353507456294
dMMR,PFS,pembro_chemo,intervention,Pembrolizumab + paclitaxel-carboplatin,dMMR_PFS_pembro_chemo,exponential,253.9224219786224,256.6409208499175,139,0.05111307833826961
dMMR,PFS,pembro_chemo,intervention,Pembrolizumab + paclitaxel-carboplatin,dMMR_PFS_pembro_chemo,exponential,253.9224219786224,256.6409208499175,140,0.050031197878367406
dMMR,PFS,pembro_chemo,intervention,Pembrolizumab + paclitaxel-carboplatin,dMMR_PFS_pembro_chemo,exponential,253.9224219786224,256.6409208499175,141,0.048972216945701086
dMMR,PFS,pembro_chemo,intervention,Pembrolizumab + paclitaxel-carboplatin,dMMR_PFS_pembro_chemo,exponential,253.9224219786224,256.6409208499175,142,0.04793565083944917
dMMR,PFS,pembro_chemo,intervention,Pembrolizumab + paclitaxel-carboplatin,dMMR_PFS_pembro_chemo,exponential,253.9224219786224,256.6409208499175,143,0.046921025118167536
dMMR,PFS,pembro_chemo,intervention,Pembrolizumab + paclitaxel-carboplatin,dMMR_PFS_pembro_chemo,exponential,253.9224219786224,256.6409208499175,144,0.04592787538263454
dMMR,PFS,pembro_chemo,intervention,Pembrolizumab + paclitaxel-carboplatin,dMMR_PFS_pembro_chemo,exponential,253.9224219786224,256.6409208499175,145,0.044955747063294194
dMMR,PFS,pembro_chemo,intervention,Pembrolizumab + paclitaxel-carboplatin,dMMR_PFS_pembro_chemo,exponential,253.9224219786224,256.6409208499175,146,0.04400419521219645
dMMR,PFS,pembro_chemo,intervention,Pembrolizumab + paclitaxel-carboplatin,dMMR_PFS_pembro_chemo,exponential,253.9224219786224,256.6409208499175,147,0.043072784299342914
dMMR,PFS,pembro_chemo,intervention,Pembrolizumab + paclitaxel-carboplatin,dMMR_PFS_pembro_chemo,exponential,253.9224219786224,256.6409208499175,148,0.04216108801334262
dMMR,PFS,pembro_chemo,intervention,Pembrolizumab + paclitaxel-carboplatin,dMMR_PFS_pembro_chemo,exponential,253.9224219786224,256.6409208499175,149,0.04126868906628689
dMMR,PFS,pembro_chemo,intervention,Pembrolizumab + paclitaxel-carboplatin,dMMR_PFS_pembro_chemo,exponential,253.9224219786224,256.6409208499175,150,0.04039517900275447
dMMR,PFS,pembro_chemo,intervention,Pembrolizumab + paclitaxel-carboplatin,dMMR_PFS_pembro_chemo,exponential,253.9224219786224,256.6409208499175,151,0.03954015801286015
dMMR,PFS,pembro_chemo,intervention,Pembrolizumab + paclitaxel-carboplatin,dMMR_PFS_pembro_chemo,exponential,253.9224219786224,256.6409208499175,152,0.038703234749259185
dMMR,PFS,pembro_chemo,intervention,Pembrolizumab + paclitaxel-carboplatin,dMMR_PFS_pembro_chemo,exponential,253.9224219786224,256.6409208499175,153,0.03788402614802566
dMMR,PFS,pembro_chemo,intervention,Pembrolizumab + paclitaxel-carboplatin,dMMR_PFS_pembro_chemo,exponential,253.9224219786224,256.6409208499175,154,0.037082157253322756
dMMR,PFS,pembro_chemo,intervention,Pembrolizumab + paclitaxel-carboplatin,dMMR_PFS_pembro_chemo,exponential,253.9224219786224,256.6409208499175,155,0.0362972610457829
dMMR,PFS,pembro_chemo,intervention,Pembrolizumab + paclitaxel-carboplatin,dMMR_PFS_pembro_chemo,exponential,253.9224219786224,256.6409208499175,156,0.03552897827452206
dMMR,PFS,pembro_chemo,intervention,Pembrolizumab + paclitaxel-carboplatin,dMMR_PFS_pembro_chemo,exponential,253.9224219786224,256.6409208499175,157,0.03477695729270769
dMMR,PFS,pembro_chemo,intervention,Pembrolizumab + paclitaxel-carboplatin,dMMR_PFS_pembro_chemo,exponential,253.9224219786224,256.6409208499175,158,0.03404085389660949
dMMR,PFS,pembro_chemo,intervention,Pembrolizumab + paclitaxel-carboplatin,dMMR_PFS_pembro_chemo,exponential,253.9224219786224,256.6409208499175,159,0.03332033116805466
dMMR,PFS,pembro_chemo,intervention,Pembrolizumab + paclitaxel-carboplatin,dMMR_PFS_pembro_chemo,exponential,253.9224219786224,256.6409208499175,160,0.03261505932021924
dMMR,PFS,pembro_chemo,intervention,Pembrolizumab + paclitaxel-carboplatin,dMMR_PFS_pembro_chemo,exponential,253.9224219786224,256.6409208499175,161,0.03192471554668297
dMMR,PFS,pembro_chemo,intervention,Pembrolizumab + paclitaxel-carboplatin,dMMR_PFS_pembro_chemo,exponential,253.9224219786224,256.6409208499175,162,0.031248983873679137
dMMR,PFS,pembro_chemo,intervention,Pembrolizumab + paclitaxel-carboplatin,dMMR_PFS_pembro_chemo,exponential,253.9224219786224,256.6409208499175,163,0.030587555015472057
dMMR,PFS,pembro_chemo,intervention,Pembrolizumab + paclitaxel-carboplatin,dMMR_PFS_pembro_chemo,exponential,253.9224219786224,256.6409208499175,164,0.02994012623279496
dMMR,PFS,pembro_chemo,intervention,Pembrolizumab + paclitaxel-carboplatin,dMMR_PFS_pembro_chemo,exponential,253.9224219786224,256.6409208499175,165,0.029306401194285292
dMMR,PFS,pembro_chemo,intervention,Pembrolizumab + paclitaxel-carboplatin,dMMR_PFS_pembro_chemo,exponential,253.9224219786224,256.6409208499175,166,0.02868608984085208
dMMR,PFS,pembro_chemo,intervention,Pembrolizumab + paclitaxel-carboplatin,dMMR_PFS_pembro_chemo,exponential,253.9224219786224,256.6409208499175,167,0.02807890825291426
dMMR,PFS,pembro_chemo,intervention,Pembrolizumab + paclitaxel-carboplatin,dMMR_PFS_pembro_chemo,exponential,253.9224219786224,256.6409208499175,168,0.027484578520449943
dMMR,PFS,pembro_chemo,intervention,Pembrolizumab + paclitaxel-carboplatin,dMMR_PFS_pembro_chemo,exponential,253.9224219786224,256.6409208499175,169,0.026902828615794627
dMMR,PFS,pembro_chemo,intervention,Pembrolizumab + paclitaxel-carboplatin,dMMR_PFS_pembro_chemo,exponential,253.9224219786224,256.6409208499175,170,0.026333392269134004
dMMR,PFS,pembro_chemo,intervention,Pembrolizumab + paclitaxel-carboplatin,dMMR_PFS_pembro_chemo,exponential,253.9224219786224,256.6409208499175,171,0.025776008846629672
dMMR,PFS,pembro_chemo,intervention,Pembrolizumab + paclitaxel-carboplatin,dMMR_PFS_pembro_chemo,exponential,253.9224219786224,256.6409208499175,172,0.025230423231126675
dMMR,PFS,pembro_chemo,intervention,Pembrolizumab + paclitaxel-carboplatin,dMMR_PFS_pembro_chemo,exponential,253.9224219786224,256.6409208499175,173,0.024696385705384905
dMMR,PFS,pembro_chemo,intervention,Pembrolizumab + paclitaxel-carboplatin,dMMR_PFS_pembro_chemo,exponential,253.9224219786224,256.6409208499175,174,0.02417365183778175
dMMR,PFS,pembro_chemo,intervention,Pembrolizumab + paclitaxel-carboplatin,dMMR_PFS_pembro_chemo,exponential,253.9224219786224,256.6409208499175,175,0.023661982370435375
dMMR,PFS,pembro_chemo,intervention,Pembrolizumab + paclitaxel-carboplatin,dMMR_PFS_pembro_chemo,exponential,253.9224219786224,256.6409208499175,176,0.023161143109694637
dMMR,PFS,pembro_chemo,intervention,Pembrolizumab + paclitaxel-carboplatin,dMMR_PFS_pembro_chemo,exponential,253.9224219786224,256.6409208499175,177,0.022670904818947513
dMMR,PFS,pembro_chemo,intervention,Pembrolizumab + paclitaxel-carboplatin,dMMR_PFS_pembro_chemo,exponential,253.9224219786224,256.6409208499175,178,0.022191043113698572
dMMR,PFS,pembro_chemo,intervention,Pembrolizumab + paclitaxel-carboplatin,dMMR_PFS_pembro_chemo,exponential,253.9224219786224,256.6409208499175,179,0.021721338358867137
dMMR,PFS,pembro_chemo,intervention,Pembrolizumab + paclitaxel-carboplatin,dMMR_PFS_pembro_chemo,exponential,253.9224219786224,256.6409208499175,180,0.021261575568258806
dMMR,PFS,pembro_chemo,intervention,Pembrolizumab + paclitaxel-carboplatin,dMMR_PFS_pembro_chemo,exponential,253.9224219786224,256.6409208499175,181,0.02081154430616572
dMMR,PFS,pembro_chemo,intervention,Pembrolizumab + paclitaxel-carboplatin,dMMR_PFS_pembro_chemo,exponential,253.9224219786224,256.6409208499175,182,0.020371038591048718
dMMR,PFS,pembro_chemo,intervention,Pembrolizumab + paclitaxel-carboplatin,dMMR_PFS_pembro_chemo,exponential,253.9224219786224,256.6409208499175,183,0.01993985680125876
dMMR,PFS,pembro_chemo,intervention,Pembrolizumab + paclitaxel-carboplatin,dMMR_PFS_pembro_chemo,exponential,253.9224219786224,256.6409208499175,184,0.019517801582753624
dMMR,PFS,pembro_chemo,intervention,Pembrolizumab + paclitaxel-carboplatin,dMMR_PFS_pembro_chemo,exponential,253.9224219786224,256.6409208499175,185,0.01910467975876795
dMMR,PFS,pembro_chemo,intervention,Pembrolizumab + paclitaxel-carboplatin,dMMR_PFS_pembro_chemo,exponential,253.9224219786224,256.6409208499175,186,0.018700302241395295
dMMR,PFS,pembro_chemo,intervention,Pembrolizumab + paclitaxel-carboplatin,dMMR_PFS_pembro_chemo,exponential,253.9224219786224,256.6409208499175,187,0.018304483945041916
dMMR,PFS,pembro_chemo,intervention,Pembrolizumab + paclitaxel-carboplatin,dMMR_PFS_pembro_chemo,exponential,253.9224219786224,256.6409208499175,188,0.017917043701711766
dMMR,PFS,pembro_chemo,intervention,Pembrolizumab + paclitaxel-carboplatin,dMMR_PFS_pembro_chemo,exponential,253.9224219786224,256.6409208499175,189,0.017537804178085148
dMMR,PFS,pembro_chemo,intervention,Pembrolizumab + paclitaxel-carboplatin,dMMR_PFS_pembro_chemo,exponential,253.9224219786224,256.6409208499175,190,0.017166591794352537
dMMR,PFS,pembro_chemo,intervention,Pembrolizumab + paclitaxel-carboplatin,dMMR_PFS_pembro_chemo,exponential,253.9224219786224,256.6409208499175,191,0.016803236644766018
dMMR,PFS,pembro_chemo,intervention,Pembrolizumab + paclitaxel-carboplatin,dMMR_PFS_pembro_chemo,exponential,253.9224219786224,256.6409208499175,192,0.016447572419872825
dMMR,PFS,pembro_chemo,intervention,Pembrolizumab + paclitaxel-carboplatin,dMMR_PFS_pembro_chemo,exponential,253.9224219786224,256.6409208499175,193,0.016099436330394457
dMMR,PFS,pembro_chemo,intervention,Pembrolizumab + paclitaxel-carboplatin,dMMR_PFS_pembro_chemo,exponential,253.9224219786224,256.6409208499175,194,0.015758669032717276
dMMR,PFS,pembro_chemo,intervention,Pembrolizumab + paclitaxel-carboplatin,dMMR_PFS_pembro_chemo,exponential,253.9224219786224,256.6409208499175,195,0.015425114555960184
dMMR,PFS,pembro_chemo,intervention,Pembrolizumab + paclitaxel-carboplatin,dMMR_PFS_pembro_chemo,exponential,253.9224219786224,256.6409208499175,196,0.015098620230586168
dMMR,PFS,pembro_chemo,intervention,Pembrolizumab + paclitaxel-carboplatin,dMMR_PFS_pembro_chemo,exponential,253.9224219786224,256.6409208499175,197,0.014779036618524088
dMMR,PFS,pembro_chemo,intervention,Pembrolizumab + paclitaxel-carboplatin,dMMR_PFS_pembro_chemo,exponential,253.9224219786224,256.6409208499175,198,0.014466217444770835
dMMR,PFS,pembro_chemo,intervention,Pembrolizumab + paclitaxel-carboplatin,dMMR_PFS_pembro_chemo,exponential,253.9224219786224,256.6409208499175,199,0.014160019530440215
dMMR,PFS,pembro_chemo,intervention,Pembrolizumab + paclitaxel-carboplatin,dMMR_PFS_pembro_chemo,exponential,253.9224219786224,256.6409208499175,200,0.013860302727229268
dMMR,PFS,pembro_chemo,intervention,Pembrolizumab + paclitaxel-carboplatin,dMMR_PFS_pembro_chemo,exponential,253.9224219786224,256.6409208499175,201,0.013566929853271681
dMMR,PFS,pembro_chemo,intervention,Pembrolizumab + paclitaxel-carboplatin,dMMR_PFS_pembro_chemo,exponential,253.9224219786224,256.6409208499175,202,0.013279766630349021
dMMR,PFS,pembro_chemo,intervention,Pembrolizumab + paclitaxel-carboplatin,dMMR_PFS_pembro_chemo,exponential,253.9224219786224,256.6409208499175,203,0.012998681622430786
dMMR,PFS,pembro_chemo,intervention,Pembrolizumab + paclitaxel-carboplatin,dMMR_PFS_pembro_chemo,exponential,253.9224219786224,256.6409208499175,204,0.012723546175515854
dMMR,PFS,pembro_chemo,intervention,Pembrolizumab + paclitaxel-carboplatin,dMMR_PFS_pembro_chemo,exponential,253.9224219786224,256.6409208499175,205,0.012454234358746485
dMMR,PFS,pembro_chemo,intervention,Pembrolizumab + paclitaxel-carboplatin,dMMR_PFS_pembro_chemo,exponential,253.9224219786224,256.6409208499175,206,0.012190622906769422
dMMR,PFS,pembro_chemo,intervention,Pembrolizumab + paclitaxel-carboplatin,dMMR_PFS_pembro_chemo,exponential,253.9224219786224,256.6409208499175,207,0.011932591163316464
dMMR,PFS,pembro_chemo,intervention,Pembrolizumab + paclitaxel-carboplatin,dMMR_PFS_pembro_chemo,exponential,253.9224219786224,256.6409208499175,208,0.01168002102597987
dMMR,PFS,pembro_chemo,intervention,Pembrolizumab + paclitaxel-carboplatin,dMMR_PFS_pembro_chemo,exponential,253.9224219786224,256.6409208499175,209,0.011432796892155817
dMMR,PFS,pembro_chemo,intervention,Pembrolizumab + paclitaxel-carboplatin,dMMR_PFS_pembro_chemo,exponential,253.9224219786224,256.6409208499175,210,0.01119080560613328
dMMR,PFS,pembro_chemo,intervention,Pembrolizumab + paclitaxel-carboplatin,dMMR_PFS_pembro_chemo,exponential,253.9224219786224,256.6409208499175,211,0.010953936407300913
dMMR,PFS,pembro_chemo,intervention,Pembrolizumab + paclitaxel-carboplatin,dMMR_PFS_pembro_chemo,exponential,253.9224219786224,256.6409208499175,212,0.010722080879452589
dMMR,PFS,pembro_chemo,intervention,Pembrolizumab + paclitaxel-carboplatin,dMMR_PFS_pembro_chemo,exponential,253.9224219786224,256.6409208499175,213,0.010495132901164106
dMMR,PFS,pembro_chemo,intervention,Pembrolizumab + paclitaxel-carboplatin,dMMR_PFS_pembro_chemo,exponential,253.9224219786224,256.6409208499175,214,0.010272988597221033
dMMR,PFS,pembro_chemo,intervention,Pembrolizumab + paclitaxel-carboplatin,dMMR_PFS_pembro_chemo,exponential,253.9224219786224,256.6409208499175,215,0.010055546291074302
dMMR,PFS,pembro_chemo,intervention,Pembrolizumab + paclitaxel-carboplatin,dMMR_PFS_pembro_chemo,exponential,253.9224219786224,256.6409208499175,216,0.009842706458302763
dMMR,PFS,pembro_chemo,intervention,Pembrolizumab + paclitaxel-carboplatin,dMMR_PFS_pembro_chemo,exponential,253.9224219786224,256.6409208499175,217,0.009634371681060072
dMMR,PFS,pembro_chemo,intervention,Pembrolizumab + paclitaxel-carboplatin,dMMR_PFS_pembro_chemo,exponential,253.9224219786224,256.6409208499175,218,0.009430446603486131
dMMR,PFS,pembro_chemo,intervention,Pembrolizumab + paclitaxel-carboplatin,dMMR_PFS_pembro_chemo,exponential,253.9224219786224,256.6409208499175,219,0.009230837888062227
dMMR,PFS,pembro_chemo,intervention,Pembrolizumab + paclitaxel-carboplatin,dMMR_PFS_pembro_chemo,exponential,253.9224219786224,256.6409208499175,220,0.009035454172889978
dMMR,PFS,pembro_chemo,intervention,Pembrolizumab + paclitaxel-carboplatin,dMMR_PFS_pembro_chemo,exponential,253.9224219786224,256.6409208499175,221,0.00884420602987468
dMMR,PFS,pembro_chemo,intervention,Pembrolizumab + paclitaxel-carboplatin,dMMR_PFS_pembro_chemo,exponential,253.9224219786224,256.6409208499175,222,0.00865700592379326
dMMR,PFS,pembro_chemo,intervention,Pembrolizumab + paclitaxel-carboplatin,dMMR_PFS_pembro_chemo,exponential,253.9224219786224,256.6409208499175,223,0.008473768172229446
dMMR,PFS,pembro_chemo,intervention,Pembrolizumab + paclitaxel-carboplatin,dMMR_PFS_pembro_chemo,exponential,253.9224219786224,256.6409208499175,224,0.008294408906356132
dMMR,PFS,pembro_chemo,intervention,Pembrolizumab + paclitaxel-carboplatin,dMMR_PFS_pembro_chemo,exponential,253.9224219786224,256.6409208499175,225,0.008118846032548421
dMMR,PFS,pembro_chemo,intervention,Pembrolizumab + paclitaxel-carboplatin,dMMR_PFS_pembro_chemo,exponential,253.9224219786224,256.6409208499175,226,0.00794699919480879
dMMR,PFS,pembro_chemo,intervention,Pembrolizumab + paclitaxel-carboplatin,dMMR_PFS_pembro_chemo,exponential,253.9224219786224,256.6409208499175,227,0.007778789737987957
dMMR,PFS,pembro_chemo,intervention,Pembrolizumab + paclitaxel-carboplatin,dMMR_PFS_pembro_chemo,exponential,253.9224219786224,256.6409208499175,228,0.007614140671783787
dMMR,PFS,pembro_chemo,intervention,Pembrolizumab + paclitaxel-carboplatin,dMMR_PFS_pembro_chemo,exponential,253.9224219786224,256.6409208499175,229,0.007452976635502595
dMMR,PFS,pembro_chemo,intervention,Pembrolizumab + paclitaxel-carboplatin,dMMR_PFS_pembro_chemo,exponential,253.9224219786224,256.6409208499175,230,0.007295223863566402
dMMR,PFS,pembro_chemo,intervention,Pembrolizumab + paclitaxel-carboplatin,dMMR_PFS_pembro_chemo,exponential,253.9224219786224,256.6409208499175,231,0.007140810151749388
dMMR,PFS,pembro_chemo,intervention,Pembrolizumab + paclitaxel-carboplatin,dMMR_PFS_pembro_chemo,exponential,253.9224219786224,256.6409208499175,232,0.006989664824130437
dMMR,PFS,pembro_chemo,intervention,Pembrolizumab + paclitaxel-carboplatin,dMMR_PFS_pembro_chemo,exponential,253.9224219786224,256.6409208499175,233,0.006841718700744015
dMMR,PFS,pembro_chemo,intervention,Pembrolizumab + paclitaxel-carboplatin,dMMR_PFS_pembro_chemo,exponential,253.9224219786224,256.6409208499175,234,0.006696904065916276
dMMR,PFS,pembro_chemo,intervention,Pembrolizumab + paclitaxel-carboplatin,dMMR_PFS_pembro_chemo,exponential,253.9224219786224,256.6409208499175,235,0.006555154637270855
dMMR,PFS,pembro_chemo,intervention,Pembrolizumab + paclitaxel-carboplatin,dMMR_PFS_pembro_chemo,exponential,253.9224219786224,256.6409208499175,236,0.006416405535392022
dMMR,PFS,pembro_chemo,intervention,Pembrolizumab + paclitaxel-carboplatin,dMMR_PFS_pembro_chemo,exponential,253.9224219786224,256.6409208499175,237,0.006280593254127886
dMMR,PFS,pembro_chemo,intervention,Pembrolizumab + paclitaxel-carboplatin,dMMR_PFS_pembro_chemo,exponential,253.9224219786224,256.6409208499175,238,0.006147655631524418
dMMR,PFS,pembro_chemo,intervention,Pembrolizumab + paclitaxel-carboplatin,dMMR_PFS_pembro_chemo,exponential,253.9224219786224,256.6409208499175,239,0.006017531821372879
dMMR,PFS,pembro_chemo,intervention,Pembrolizumab + paclitaxel-carboplatin,dMMR_PFS_pembro_chemo,exponential,253.9224219786224,256.6409208499175,240,0.00589016226536021
dMMR,PFS,pembro_chemo,intervention,Pembrolizumab + paclitaxel-carboplatin,dMMR_PFS_pembro_chemo,exponential,253.9224219786224,256.6409208499175,241,0.005765488665809615
dMMR,PFS,pembro_chemo,intervention,Pembrolizumab + paclitaxel-carboplatin,dMMR_PFS_pembro_chemo,exponential,253.9224219786224,256.6409208499175,242,0.005643453958996458
dMMR,PFS,pembro_chemo,intervention,Pembrolizumab + paclitaxel-carboplatin,dMMR_PFS_pembro_chemo,exponential,253.9224219786224,256.6409208499175,243,0.005524002289030716
dMMR,PFS,pembro_chemo,intervention,Pembrolizumab + paclitaxel-carboplatin,dMMR_PFS_pembro_chemo,exponential,253.9224219786224,256.6409208499175,244,0.00540707898229098
dMMR,PFS,pembro_chemo,intervention,Pembrolizumab + paclitaxel-carboplatin,dMMR_PFS_pembro_chemo,exponential,253.9224219786224,256.6409208499175,245,0.0052926305224002546
dMMR,PFS,pembro_chemo,intervention,Pembrolizumab + paclitaxel-carboplatin,dMMR_PFS_pembro_chemo,exponential,253.9224219786224,256.6409208499175,246,0.005180604525731214
dMMR,PFS,pembro_chemo,intervention,Pembrolizumab + paclitaxel-carboplatin,dMMR_PFS_pembro_chemo,exponential,253.9224219786224,256.6409208499175,247,0.00507094971742994
dMMR,PFS,pembro_chemo,intervention,Pembrolizumab + paclitaxel-carboplatin,dMMR_PFS_pembro_chemo,exponential,253.9224219786224,256.6409208499175,248,0.00496361590794725
dMMR,PFS,pembro_chemo,intervention,Pembrolizumab + paclitaxel-carboplatin,dMMR_PFS_pembro_chemo,exponential,253.9224219786224,256.6409208499175,249,0.004858553970066515
dMMR,PFS,pembro_chemo,intervention,Pembrolizumab + paclitaxel-carboplatin,dMMR_PFS_pembro_chemo,exponential,253.9224219786224,256.6409208499175,250,0.0047557158164180935
dMMR,PFS,pembro_chemo,intervention,Pembrolizumab + paclitaxel-carboplatin,dMMR_PFS_pembro_chemo,exponential,253.9224219786224,256.6409208499175,251,0.004655054377469381
dMMR,PFS,pembro_chemo,intervention,Pembrolizumab + paclitaxel-carboplatin,dMMR_PFS_pembro_chemo,exponential,253.9224219786224,256.6409208499175,252,0.00455652357998082
dMMR,PFS,pembro_chemo,intervention,Pembrolizumab + paclitaxel-carboplatin,dMMR_PFS_pembro_chemo,exponential,253.9224219786224,256.6409208499175,253,0.004460078325917993
dMMR,PFS,pembro_chemo,intervention,Pembrolizumab + paclitaxel-carboplatin,dMMR_PFS_pembro_chemo,exponential,253.9224219786224,256.6409208499175,254,0.004365674471810244
dMMR,PFS,pembro_chemo,intervention,Pembrolizumab + paclitaxel-carboplatin,dMMR_PFS_pembro_chemo,exponential,253.9224219786224,256.6409208499175,255,0.004273268808545616
dMMR,PFS,pembro_chemo,intervention,Pembrolizumab + paclitaxel-carboplatin,dMMR_PFS_pembro_chemo,exponential,253.9224219786224,256.6409208499175,256,0.00418281904159401
dMMR,PFS,pembro_chemo,intervention,Pembrolizumab + paclitaxel-carboplatin,dMMR_PFS_pembro_chemo,exponential,253.9224219786224,256.6409208499175,257,0.004094283771648777
dMMR,PFS,pembro_chemo,intervention,Pembrolizumab + paclitaxel-carboplatin,dMMR_PFS_pembro_chemo,exponential,253.9224219786224,256.6409208499175,258,0.0040076224756782075
dMMR,PFS,pembro_chemo,intervention,Pembrolizumab + paclitaxel-carboplatin,dMMR_PFS_pembro_chemo,exponential,253.9224219786224,256.6409208499175,259,0.003922795488377484
dMMR,PFS,pembro_chemo,intervention,Pembrolizumab + paclitaxel-carboplatin,dMMR_PFS_pembro_chemo,exponential,253.9224219786224,256.6409208499175,260,0.0038397639840141995
dMMR,PFS,pembro_chemo,intervention,Pembrolizumab + paclitaxel-carboplatin,dMMR_PFS_pembro_chemo,exponential,253.9224219786224,256.6409208499175,261,0.0037584899586571296
dMMR,PFS,pembro_chemo,intervention,Pembrolizumab + paclitaxel-carboplatin,dMMR_PFS_pembro_chemo,exponential,253.9224219786224,256.6409208499175,262,0.0036789362127821468
dMMR,PFS,pembro_chemo,intervention,Pembrolizumab + paclitaxel-carboplatin,dMMR_PFS_pembro_chemo,exponential,253.9224219786224,256.6409208499175,263,0.0036010663342455063
dMMR,PFS,pembro_chemo,intervention,Pembrolizumab + paclitaxel-carboplatin,dMMR_PFS_pembro_chemo,exponential,253.9224219786224,256.6409208499175,264,0.0035248446816177337
dMMR,PFS,pembro_chemo,intervention,Pembrolizumab + paclitaxel-carboplatin,dMMR_PFS_pembro_chemo,exponential,253.9224219786224,256.6409208499175,265,0.003450236367870896
dMMR,PFS,pembro_chemo,intervention,Pembrolizumab + paclitaxel-carboplatin,dMMR_PFS_pembro_chemo,exponential,253.9224219786224,256.6409208499175,266,0.003377207244409708
dMMR,PFS,pembro_chemo,intervention,Pembrolizumab + paclitaxel-carboplatin,dMMR_PFS_pembro_chemo,exponential,253.9224219786224,256.6409208499175,267,0.003305723885442702
dMMR,PFS,pembro_chemo,intervention,Pembrolizumab + paclitaxel-carboplatin,dMMR_PFS_pembro_chemo,exponential,253.9224219786224,256.6409208499175,268,0.0032357535726819098
dMMR,PFS,pembro_chemo,intervention,Pembrolizumab + paclitaxel-carboplatin,dMMR_PFS_pembro_chemo,exponential,253.9224219786224,256.6409208499175,269,0.00316726428036862
dMMR,PFS,pembro_chemo,intervention,Pembrolizumab + paclitaxel-carboplatin,dMMR_PFS_pembro_chemo,exponential,253.9224219786224,256.6409208499175,270,0.0031002246606142148
dMMR,PFS,pembro_chemo,intervention,Pembrolizumab + paclitaxel-carboplatin,dMMR_PFS_pembro_chemo,exponential,253.9224219786224,256.6409208499175,271,0.0030346040290523124
dMMR,PFS,pembro_chemo,intervention,Pembrolizumab + paclitaxel-carboplatin,dMMR_PFS_pembro_chemo,exponential,253.9224219786224,256.6409208499175,272,0.002970372350794892
dMMR,PFS,pembro_chemo,intervention,Pembrolizumab + paclitaxel-carboplatin,dMMR_PFS_pembro_chemo,exponential,253.9224219786224,256.6409208499175,273,0.0029075002266842898
dMMR,PFS,pembro_chemo,intervention,Pembrolizumab + paclitaxel-carboplatin,dMMR_PFS_pembro_chemo,exponential,253.9224219786224,256.6409208499175,274,0.00284595887983774
dMMR,PFS,pembro_chemo,intervention,Pembrolizumab + paclitaxel-carboplatin,dMMR_PFS_pembro_chemo,exponential,253.9224219786224,256.6409208499175,275,0.0027857201424756894
dMMR,PFS,pembro_chemo,intervention,Pembrolizumab + paclitaxel-carboplatin,dMMR_PFS_pembro_chemo,exponential,253.9224219786224,256.6409208499175,276,0.0027267564430296654
dMMR,PFS,pembro_chemo,intervention,Pembrolizumab + paclitaxel-carboplatin,dMMR_PFS_pembro_chemo,exponential,253.9224219786224,256.6409208499175,277,0.0026690407935220373
dMMR,PFS,pembro_chemo,intervention,Pembrolizumab + paclitaxel-carboplatin,dMMR_PFS_pembro_chemo,exponential,253.9224219786224,256.6409208499175,278,0.0026125467772141198
dMMR,PFS,pembro_chemo,intervention,Pembrolizumab + paclitaxel-carboplatin,dMMR_PFS_pembro_chemo,exponential,253.9224219786224,256.6409208499175,279,0.0025572485365145114
dMMR,PFS,pembro_chemo,intervention,Pembrolizumab + paclitaxel-carboplatin,dMMR_PFS_pembro_chemo,exponential,253.9224219786224,256.6409208499175,280,0.0025031207611443396
dMMR,PFS,pembro_chemo,intervention,Pembrolizumab + paclitaxel-carboplatin,dMMR_PFS_pembro_chemo,exponential,253.9224219786224,256.6409208499175,281,0.002450138676552749
dMMR,PFS,pembro_chemo,intervention,Pembrolizumab + paclitaxel-carboplatin,dMMR_PFS_pembro_chemo,exponential,253.9224219786224,256.6409208499175,282,0.0023982780325768616
dMMR,PFS,pembro_chemo,intervention,Pembrolizumab + paclitaxel-carboplatin,dMMR_PFS_pembro_chemo,exponential,253.9224219786224,256.6409208499175,283,0.002347515092342878
dMMR,PFS,pembro_chemo,intervention,Pembrolizumab + paclitaxel-carboplatin,dMMR_PFS_pembro_chemo,exponential,253.9224219786224,256.6409208499175,284,0.002297826621401544
dMMR,PFS,pembro_chemo,intervention,Pembrolizumab + paclitaxel-carboplatin,dMMR_PFS_pembro_chemo,exponential,253.9224219786224,256.6409208499175,285,0.0022491898770935492
dMMR,PFS,pembro_chemo,intervention,Pembrolizumab + paclitaxel-carboplatin,dMMR_PFS_pembro_chemo,exponential,253.9224219786224,256.6409208499175,286,0.0022015825981397397
dMMR,PFS,pembro_chemo,intervention,Pembrolizumab + paclitaxel-carboplatin,dMMR_PFS_pembro_chemo,exponential,253.9224219786224,256.6409208499175,287,0.0021549829944527144
dMMR,PFS,pembro_chemo,intervention,Pembrolizumab + paclitaxel-carboplatin,dMMR_PFS_pembro_chemo,exponential,253.9224219786224,256.6409208499175,288,0.002109369737162803
dMMR,PFS,pembro_chemo,intervention,Pembrolizumab + paclitaxel-carboplatin,dMMR_PFS_pembro_chemo,exponential,253.9224219786224,256.6409208499175,289,0.0020647219488562074
dMMR,PFS,pembro_chemo,intervention,Pembrolizumab + paclitaxel-carboplatin,dMMR_PFS_pembro_chemo,exponential,253.9224219786224,256.6409208499175,290,0.0020210191940188693
dMMR,PFS,pembro_chemo,intervention,Pembrolizumab + paclitaxel-carboplatin,dMMR_PFS_pembro_chemo,exponential,253.9224219786224,256.6409208499175,291,0.001978241469683284
dMMR,PFS,pembro_chemo,intervention,Pembrolizumab + paclitaxel-carboplatin,dMMR_PFS_pembro_chemo,exponential,253.9224219786224,256.6409208499175,292,0.0019363691962730467
dMMR,PFS,pembro_chemo,intervention,Pembrolizumab + paclitaxel-carboplatin,dMMR_PFS_pembro_chemo,exponential,253.9224219786224,256.6409208499175,293,0.0018953832086411326
dMMR,PFS,pembro_chemo,intervention,Pembrolizumab + paclitaxel-carboplatin,dMMR_PFS_pembro_chemo,exponential,253.9224219786224,256.6409208499175,294,0.0018552647472976913
dMMR,PFS,pembro_chemo,intervention,Pembrolizumab + paclitaxel-carboplatin,dMMR_PFS_pembro_chemo,exponential,253.9224219786224,256.6409208499175,295,0.0018159954498243591
dMMR,PFS,pembro_chemo,intervention,Pembrolizumab + paclitaxel-carboplatin,dMMR_PFS_pembro_chemo,exponential,253.9224219786224,256.6409208499175,296,0.0017775573424688718
dMMR,PFS,pembro_chemo,intervention,Pembrolizumab + paclitaxel-carboplatin,dMMR_PFS_pembro_chemo,exponential,253.9224219786224,256.6409208499175,297,0.0017399328319189777
dMMR,PFS,pembro_chemo,intervention,Pembrolizumab + paclitaxel-carboplatin,dMMR_PFS_pembro_chemo,exponential,253.9224219786224,256.6409208499175,298,0.0017031046972498798
dMMR,PFS,pembro_chemo,intervention,Pembrolizumab + paclitaxel-carboplatin,dMMR_PFS_pembro_chemo,exponential,253.9224219786224,256.6409208499175,299,0.0016670560820416513
dMMR,PFS,pembro_chemo,intervention,Pembrolizumab + paclitaxel-carboplatin,dMMR_PFS_pembro_chemo,exponential,253.9224219786224,256.6409208499175,300,0.0016317704866646299
dMMR,PFS,pembro_chemo,intervention,Pembrolizumab + paclitaxel-carboplatin,dMMR_PFS_pembro_chemo,exponential,253.9224219786224,256.6409208499175,301,0.0015972317607266806
dMMR,PFS,pembro_chemo,intervention,Pembrolizumab + paclitaxel-carboplatin,dMMR_PFS_pembro_chemo,exponential,253.9224219786224,256.6409208499175,302,0.0015634240956819978
dMMR,PFS,pembro_chemo,intervention,Pembrolizumab + paclitaxel-carboplatin,dMMR_PFS_pembro_chemo,exponential,253.9224219786224,256.6409208499175,303,0.00153033201759456
dMMR,PFS,pembro_chemo,intervention,Pembrolizumab + paclitaxel-carboplatin,dMMR_PFS_pembro_chemo,exponential,253.9224219786224,256.6409208499175,304,0.0014979403800562396
dMMR,PFS,pembro_chemo,intervention,Pembrolizumab + paclitaxel-carboplatin,dMMR_PFS_pembro_chemo,exponential,253.9224219786224,256.6409208499175,305,0.0014662343572541259
dMMR,PFS,pembro_chemo,intervention,Pembrolizumab + paclitaxel-carboplatin,dMMR_PFS_pembro_chemo,exponential,253.9224219786224,256.6409208499175,306,0.0014351994371842869
dMMR,PFS,pembro_chemo,intervention,Pembrolizumab + paclitaxel-carboplatin,dMMR_PFS_pembro_chemo,exponential,253.9224219786224,256.6409208499175,307,0.0014048214150100824
dMMR,PFS,pembro_chemo,intervention,Pembrolizumab + paclitaxel-carboplatin,dMMR_PFS_pembro_chemo,exponential,253.9224219786224,256.6409208499175,308,0.0013750863865601426
dMMR,PFS,pembro_chemo,intervention,Pembrolizumab + paclitaxel-carboplatin,dMMR_PFS_pembro_chemo,exponential,253.9224219786224,256.6409208499175,309,0.0013459807419646808
dMMR,PFS,pembro_chemo,intervention,Pembrolizumab + paclitaxel-carboplatin,dMMR_PFS_pembro_chemo,exponential,253.9224219786224,256.6409208499175,310,0.0013174911594256988
dMMR,PFS,pembro_chemo,intervention,Pembrolizumab + paclitaxel-carboplatin,dMMR_PFS_pembro_chemo,exponential,253.9224219786224,256.6409208499175,311,0.0012896045991203087
dMMR,PFS,pembro_chemo,intervention,Pembrolizumab + paclitaxel-carboplatin,dMMR_PFS_pembro_chemo,exponential,253.9224219786224,256.6409208499175,312,0.001262308297231507
dMMR,PFS,pembro_chemo,intervention,Pembrolizumab + paclitaxel-carboplatin,dMMR_PFS_pembro_chemo,exponential,253.9224219786224,256.6409208499175,313,0.0012355897601066257
dMMR,PFS,pembro_chemo,intervention,Pembrolizumab + paclitaxel-carboplatin,dMMR_PFS_pembro_chemo,exponential,253.9224219786224,256.6409208499175,314,0.0012094367585387955
dMMR,PFS,pembro_chemo,intervention,Pembrolizumab + paclitaxel-carboplatin,dMMR_PFS_pembro_chemo,exponential,253.9224219786224,256.6409208499175,315,0.0011838373221696452
dMMR,PFS,pembro_chemo,intervention,Pembrolizumab + paclitaxel-carboplatin,dMMR_PFS_pembro_chemo,exponential,253.9224219786224,256.6409208499175,316,0.0011587797340103512
dMMR,PFS,pembro_chemo,intervention,Pembrolizumab + paclitaxel-carboplatin,dMMR_PFS_pembro_chemo,exponential,253.9224219786224,256.6409208499175,317,0.001134252525078372
dMMR,PFS,pembro_chemo,intervention,Pembrolizumab + paclitaxel-carboplatin,dMMR_PFS_pembro_chemo,exponential,253.9224219786224,256.6409208499175,318,0.0011102444691488689
dMMR,PFS,pembro_chemo,intervention,Pembrolizumab + paclitaxel-carboplatin,dMMR_PFS_pembro_chemo,exponential,253.9224219786224,256.6409208499175,319,0.0010867445776154838
dMMR,PFS,pembro_chemo,intervention,Pembrolizumab + paclitaxel-carboplatin,dMMR_PFS_pembro_chemo,exponential,253.9224219786224,256.6409208499175,320,0.0010637420944614728
dMMR,PFS,pembro_chemo,intervention,Pembrolizumab + paclitaxel-carboplatin,dMMR_PFS_pembro_chemo,exponential,253.9224219786224,256.6409208499175,321,0.0010412264913362002
dMMR,PFS,pembro_chemo,intervention,Pembrolizumab + paclitaxel-carboplatin,dMMR_PFS_pembro_chemo,exponential,253.9224219786224,256.6409208499175,322,0.0010191874627366593
dMMR,PFS,pembro_chemo,intervention,Pembrolizumab + paclitaxel-carboplatin,dMMR_PFS_pembro_chemo,exponential,253.9224219786224,256.6409208499175,323,9.976149212901353e-4
dMMR,PFS,pembro_chemo,intervention,Pembrolizumab + paclitaxel-carboplatin,dMMR_PFS_pembro_chemo,exponential,253.9224219786224,256.6409208499175,324,9.764989931374535e-4
dMMR,PFS,pembro_chemo,intervention,Pembrolizumab + paclitaxel-carboplatin,dMMR_PFS_pembro_chemo,exponential,253.9224219786224,256.6409208499175,325,9.558300134137054e-4
dMMR,PFS,pembro_chemo,intervention,Pembrolizumab + paclitaxel-carboplatin,dMMR_PFS_pembro_chemo,exponential,253.9224219786224,256.6409208499175,326,9.355985218245655e-4
dMMR,PFS,pembro_chemo,intervention,Pembrolizumab + paclitaxel-carboplatin,dMMR_PFS_pembro_chemo,exponential,253.9224219786224,256.6409208499175,327,9.157952583157547e-4
dMMR,PFS,pembro_chemo,intervention,Pembrolizumab + paclitaxel-carboplatin,dMMR_PFS_pembro_chemo,exponential,253.9224219786224,256.6409208499175,328,8.964111588356527e-4
dMMR,PFS,pembro_chemo,intervention,Pembrolizumab + paclitaxel-carboplatin,dMMR_PFS_pembro_chemo,exponential,253.9224219786224,256.6409208499175,329,8.774373511858391e-4
dMMR,PFS,pembro_chemo,intervention,Pembrolizumab + paclitaxel-carboplatin,dMMR_PFS_pembro_chemo,exponential,253.9224219786224,256.6409208499175,330,8.588651509604528e-4
dMMR,PFS,pembro_chemo,intervention,Pembrolizumab + paclitaxel-carboplatin,dMMR_PFS_pembro_chemo,exponential,253.9224219786224,256.6409208499175,331,8.406860575713715e-4
dMMR,PFS,pembro_chemo,intervention,Pembrolizumab + paclitaxel-carboplatin,dMMR_PFS_pembro_chemo,exponential,253.9224219786224,256.6409208499175,332,8.228917503574351e-4
dMMR,PFS,pembro_chemo,intervention,Pembrolizumab + paclitaxel-carboplatin,dMMR_PFS_pembro_chemo,exponential,253.9224219786224,256.6409208499175,333,8.054740847761588e-4
dMMR,PFS,pembro_chemo,intervention,Pembrolizumab + paclitaxel-carboplatin,dMMR_PFS_pembro_chemo,exponential,253.9224219786224,256.6409208499175,334,7.884250886756039e-4
dMMR,PFS,pembro_chemo,intervention,Pembrolizumab + paclitaxel-carboplatin,dMMR_PFS_pembro_chemo,exponential,253.9224219786224,256.6409208499175,335,7.717369586457412e-4
dMMR,PFS,pembro_chemo,intervention,Pembrolizumab + paclitaxel-carboplatin,dMMR_PFS_pembro_chemo,exponential,253.9224219786224,256.6409208499175,336,7.554020564467523e-4
dMMR,PFS,pembro_chemo,intervention,Pembrolizumab + paclitaxel-carboplatin,dMMR_PFS_pembro_chemo,exponential,253.9224219786224,256.6409208499175,337,7.394129055130483e-4
dMMR,PFS,pembro_chemo,intervention,Pembrolizumab + paclitaxel-carboplatin,dMMR_PFS_pembro_chemo,exponential,253.9224219786224,256.6409208499175,338,7.237621875307854e-4
dMMR,PFS,pembro_chemo,intervention,Pembrolizumab + paclitaxel-carboplatin,dMMR_PFS_pembro_chemo,exponential,253.9224219786224,256.6409208499175,339,7.08442739088988e-4
dMMR,PFS,pembro_chemo,intervention,Pembrolizumab + paclitaxel-carboplatin,dMMR_PFS_pembro_chemo,exponential,253.9224219786224,256.6409208499175,340,6.934475484000613e-4
dMMR,PFS,pembro_chemo,intervention,Pembrolizumab + paclitaxel-carboplatin,dMMR_PFS_pembro_chemo,exponential,253.9224219786224,256.6409208499175,341,6.787697520909131e-4
dMMR,PFS,pembro_chemo,intervention,Pembrolizumab + paclitaxel-carboplatin,dMMR_PFS_pembro_chemo,exponential,253.9224219786224,256.6409208499175,342,6.644026320615781e-4
dMMR,PFS,pembro_chemo,intervention,Pembrolizumab + paclitaxel-carboplatin,dMMR_PFS_pembro_chemo,exponential,253.9224219786224,256.6409208499175,343,6.503396124096783e-4
dMMR,PFS,pembro_chemo,intervention,Pembrolizumab + paclitaxel-carboplatin,dMMR_PFS_pembro_chemo,exponential,253.9224219786224,256.6409208499175,344,6.365742564218291e-4
dMMR,PFS,pembro_chemo,intervention,Pembrolizumab + paclitaxel-carboplatin,dMMR_PFS_pembro_chemo,exponential,253.9224219786224,256.6409208499175,345,6.231002636259975e-4
dMMR,PFS,pembro_chemo,intervention,Pembrolizumab + paclitaxel-carboplatin,dMMR_PFS_pembro_chemo,exponential,253.9224219786224,256.6409208499175,346,6.09911466909141e-4
dMMR,PFS,pembro_chemo,intervention,Pembrolizumab + paclitaxel-carboplatin,dMMR_PFS_pembro_chemo,exponential,253.9224219786224,256.6409208499175,347,5.970018296935775e-4
dMMR,PFS,pembro_chemo,intervention,Pembrolizumab + paclitaxel-carboplatin,dMMR_PFS_pembro_chemo,exponential,253.9224219786224,256.6409208499175,348,5.843654431743062e-4
dMMR,PFS,pembro_chemo,intervention,Pembrolizumab + paclitaxel-carboplatin,dMMR_PFS_pembro_chemo,exponential,253.9224219786224,256.6409208499175,349,5.719965236146152e-4
dMMR,PFS,pembro_chemo,intervention,Pembrolizumab + paclitaxel-carboplatin,dMMR_PFS_pembro_chemo,exponential,253.9224219786224,256.6409208499175,350,5.59889409698755e-4
dMMR,PFS,pembro_chemo,intervention,Pembrolizumab + paclitaxel-carboplatin,dMMR_PFS_pembro_chemo,exponential,253.9224219786224,256.6409208499175,351,5.480385599406778e-4
dMMR,PFS,pembro_chemo,intervention,Pembrolizumab + paclitaxel-carboplatin,dMMR_PFS_pembro_chemo,exponential,253.9224219786224,256.6409208499175,352,5.364385501477331e-4
dMMR,PFS,pembro_chemo,intervention,Pembrolizumab + paclitaxel-carboplatin,dMMR_PFS_pembro_chemo,exponential,253.9224219786224,256.6409208499175,353,5.250840709378757e-4
dMMR,PFS,pembro_chemo,intervention,Pembrolizumab + paclitaxel-carboplatin,dMMR_PFS_pembro_chemo,exponential,253.9224219786224,256.6409208499175,354,5.139699253097207e-4
dMMR,PFS,pembro_chemo,intervention,Pembrolizumab + paclitaxel-carboplatin,dMMR_PFS_pembro_chemo,exponential,253.9224219786224,256.6409208499175,355,5.0309102626378e-4
dMMR,PFS,pembro_chemo,intervention,Pembrolizumab + paclitaxel-carboplatin,dMMR_PFS_pembro_chemo,exponential,253.9224219786224,256.6409208499175,356,4.924423944739909e-4
dMMR,PFS,pembro_chemo,intervention,Pembrolizumab + paclitaxel-carboplatin,dMMR_PFS_pembro_chemo,exponential,253.9224219786224,256.6409208499175,357,4.820191560088727e-4
dMMR,PFS,pembro_chemo,intervention,Pembrolizumab + paclitaxel-carboplatin,dMMR_PFS_pembro_chemo,exponential,253.9224219786224,256.6409208499175,358,4.718165401004226e-4
dMMR,PFS,pembro_chemo,intervention,Pembrolizumab + paclitaxel-carboplatin,dMMR_PFS_pembro_chemo,exponential,253.9224219786224,256.6409208499175,359,4.6182987696075095e-4
dMMR,PFS,pembro_chemo,intervention,Pembrolizumab + paclitaxel-carboplatin,dMMR_PFS_pembro_chemo,exponential,253.9224219786224,256.6409208499175,360,4.520545956447908e-4
dMMR,OS,placebo_chemo,comparator,Placebo + paclitaxel-carboplatin,dMMR_OS_placebo_chemo,lognormal,193.65284915742384,199.10762479484853,0,1
dMMR,OS,placebo_chemo,comparator,Placebo + paclitaxel-carboplatin,dMMR_OS_placebo_chemo,lognormal,193.65284915742384,199.10762479484853,1,0.9940373692854227
dMMR,OS,placebo_chemo,comparator,Placebo + paclitaxel-carboplatin,dMMR_OS_placebo_chemo,lognormal,193.65284915742384,199.10762479484853,2,0.9820779387694257
dMMR,OS,placebo_chemo,comparator,Placebo + paclitaxel-carboplatin,dMMR_OS_placebo_chemo,lognormal,193.65284915742384,199.10762479484853,3,0.9682409635650605
dMMR,OS,placebo_chemo,comparator,Placebo + paclitaxel-carboplatin,dMMR_OS_placebo_chemo,lognormal,193.65284915742384,199.10762479484853,4,0.9538157790301325
dMMR,OS,placebo_chemo,comparator,Placebo + paclitaxel-carboplatin,dMMR_OS_placebo_chemo,lognormal,193.65284915742384,199.10762479484853,5,0.9393359029602502
dMMR,OS,placebo_chemo,comparator,Placebo + paclitaxel-carboplatin,dMMR_OS_placebo_chemo,lognormal,193.65284915742384,199.10762479484853,6,0.9250508268676098
dMMR,OS,placebo_chemo,comparator,Placebo + paclitaxel-carboplatin,dMMR_OS_placebo_chemo,lognormal,193.65284915742384,199.10762479484853,7,0.9110825953622143
dMMR,OS,placebo_chemo,comparator,Placebo + paclitaxel-carboplatin,dMMR_OS_placebo_chemo,lognormal,193.65284915742384,199.10762479484853,8,0.8974898123560593
dMMR,OS,placebo_chemo,comparator,Placebo + paclitaxel-carboplatin,dMMR_OS_placebo_chemo,lognormal,193.65284915742384,199.10762479484853,9,0.8842973890782564
dMMR,OS,placebo_chemo,comparator,Placebo + paclitaxel-carboplatin,dMMR_OS_placebo_chemo,lognormal,193.65284915742384,199.10762479484853,10,0.8715116278738755
dMMR,OS,placebo_chemo,comparator,Placebo + paclitaxel-carboplatin,dMMR_OS_placebo_chemo,lognormal,193.65284915742384,199.10762479484853,11,0.8591283605243014
dMMR,OS,placebo_chemo,comparator,Placebo + paclitaxel-carboplatin,dMMR_OS_placebo_chemo,lognormal,193.65284915742384,199.10762479484853,12,0.8471375423578485
dMMR,OS,placebo_chemo,comparator,Placebo + paclitaxel-carboplatin,dMMR_OS_placebo_chemo,lognormal,193.65284915742384,199.10762479484853,13,0.8355259318313907
dMMR,OS,placebo_chemo,comparator,Placebo + paclitaxel-carboplatin,dMMR_OS_placebo_chemo,lognormal,193.65284915742384,199.10762479484853,14,0.8242786888994738
dMMR,OS,placebo_chemo,comparator,Placebo + paclitaxel-carboplatin,dMMR_OS_placebo_chemo,lognormal,193.65284915742384,199.10762479484853,15,0.8133803409695688
dMMR,OS,placebo_chemo,comparator,Placebo + paclitaxel-carboplatin,dMMR_OS_placebo_chemo,lognormal,193.65284915742384,199.10762479484853,16,0.8028153685655816
dMMR,OS,placebo_chemo,comparator,Placebo + paclitaxel-carboplatin,dMMR_OS_placebo_chemo,lognormal,193.65284915742384,199.10762479484853,17,0.7925685573385682
dMMR,OS,placebo_chemo,comparator,Placebo + paclitaxel-carboplatin,dMMR_OS_placebo_chemo,lognormal,193.65284915742384,199.10762479484853,18,0.7826252042034761
dMMR,OS,placebo_chemo,comparator,Placebo + paclitaxel-carboplatin,dMMR_OS_placebo_chemo,lognormal,193.65284915742384,199.10762479484853,19,0.7729712314179717
dMMR,OS,placebo_chemo,comparator,Placebo + paclitaxel-carboplatin,dMMR_OS_placebo_chemo,lognormal,193.65284915742384,199.10762479484853,20,0.763593242255321
dMMR,OS,placebo_chemo,comparator,Placebo + paclitaxel-carboplatin,dMMR_OS_placebo_chemo,lognormal,193.65284915742384,199.10762479484853,21,0.7544785396553261
dMMR,OS,placebo_chemo,comparator,Placebo + paclitaxel-carboplatin,dMMR_OS_placebo_chemo,lognormal,193.65284915742384,199.10762479484853,22,0.7456151216151133
dMMR,OS,placebo_chemo,comparator,Placebo + paclitaxel-carboplatin,dMMR_OS_placebo_chemo,lognormal,193.65284915742384,199.10762479484853,23,0.7369916622598094
dMMR,OS,placebo_chemo,comparator,Placebo + paclitaxel-carboplatin,dMMR_OS_placebo_chemo,lognormal,193.65284915742384,199.10762479484853,24,0.7285974844357953
dMMR,OS,placebo_chemo,comparator,Placebo + paclitaxel-carboplatin,dMMR_OS_placebo_chemo,lognormal,193.65284915742384,199.10762479484853,25,0.720422527653722
dMMR,OS,placebo_chemo,comparator,Placebo + paclitaxel-carboplatin,dMMR_OS_placebo_chemo,lognormal,193.65284915742384,199.10762479484853,26,0.7124573138829221
dMMR,OS,placebo_chemo,comparator,Placebo + paclitaxel-carboplatin,dMMR_OS_placebo_chemo,lognormal,193.65284915742384,199.10762479484853,27,0.7046929128197322
dMMR,OS,placebo_chemo,comparator,Placebo + paclitaxel-carboplatin,dMMR_OS_placebo_chemo,lognormal,193.65284915742384,199.10762479484853,28,0.697120907665592
dMMR,OS,placebo_chemo,comparator,Placebo + paclitaxel-carboplatin,dMMR_OS_placebo_chemo,lognormal,193.65284915742384,199.10762479484853,29,0.6897333620578867
dMMR,OS,placebo_chemo,comparator,Placebo + paclitaxel-carboplatin,dMMR_OS_placebo_chemo,lognormal,193.65284915742384,199.10762479484853,30,0.6825227885330943
dMMR,OS,placebo_chemo,comparator,Placebo + paclitaxel-carboplatin,dMMR_OS_placebo_chemo,lognormal,193.65284915742384,199.10762479484853,31,0.6754821187256292
dMMR,OS,placebo_chemo,comparator,Placebo + paclitaxel-carboplatin,dMMR_OS_placebo_chemo,lognormal,193.65284915742384,199.10762479484853,32,0.6686046753887221
dMMR,OS,placebo_chemo,comparator,Placebo + paclitaxel-carboplatin,dMMR_OS_placebo_chemo,lognormal,193.65284915742384,199.10762479484853,33,0.6618841462468568
dMMR,OS,placebo_chemo,comparator,Placebo + paclitaxel-carboplatin,dMMR_OS_placebo_chemo,lognormal,193.65284915742384,199.10762479484853,34,0.6553145596399071
dMMR,OS,placebo_chemo,comparator,Placebo + paclitaxel-carboplatin,dMMR_OS_placebo_chemo,lognormal,193.65284915742384,199.10762479484853,35,0.6488902618884763
dMMR,OS,placebo_chemo,comparator,Placebo + paclitaxel-carboplatin,dMMR_OS_placebo_chemo,lognormal,193.65284915742384,199.10762479484853,36,0.6426058962920561
dMMR,OS,placebo_chemo,comparator,Placebo + paclitaxel-carboplatin,dMMR_OS_placebo_chemo,lognormal,193.65284915742384,199.10762479484853,37,0.6364563836623749
dMMR,OS,placebo_chemo,comparator,Placebo + paclitaxel-carboplatin,dMMR_OS_placebo_chemo,lognormal,193.65284915742384,199.10762479484853,38,0.6304369042908443
dMMR,OS,placebo_chemo,comparator,Placebo + paclitaxel-carboplatin,dMMR_OS_placebo_chemo,lognormal,193.65284915742384,199.10762479484853,39,0.6245428812493898
dMMR,OS,placebo_chemo,comparator,Placebo + paclitaxel-carboplatin,dMMR_OS_placebo_chemo,lognormal,193.65284915742384,199.10762479484853,40,0.6187699649267734
dMMR,OS,placebo_chemo,comparator,Placebo + paclitaxel-carboplatin,dMMR_OS_placebo_chemo,lognormal,193.65284915742384,199.10762479484853,41,0.6131140187068675
dMMR,OS,placebo_chemo,comparator,Placebo + paclitaxel-carboplatin,dMMR_OS_placebo_chemo,lognormal,193.65284915742384,199.10762479484853,42,0.6075711057005564
dMMR,OS,placebo_chemo,comparator,Placebo + paclitaxel-carboplatin,dMMR_OS_placebo_chemo,lognormal,193.65284915742384,199.10762479484853,43,0.6021374764485867
dMMR,OS,placebo_chemo,comparator,Placebo + paclitaxel-carboplatin,dMMR_OS_placebo_chemo,lognormal,193.65284915742384,199.10762479484853,44,0.5968095575184691
dMMR,OS,placebo_chemo,comparator,Placebo + paclitaxel-carboplatin,dMMR_OS_placebo_chemo,lognormal,193.65284915742384,199.10762479484853,45,0.5915839409242357
dMMR,OS,placebo_chemo,comparator,Placebo + paclitaxel-carboplatin,dMMR_OS_placebo_chemo,lognormal,193.65284915742384,199.10762479484853,46,0.5864573743033864
dMMR,OS,placebo_chemo,comparator,Placebo + paclitaxel-carboplatin,dMMR_OS_placebo_chemo,lognormal,193.65284915742384,199.10762479484853,47,0.581426751790592
dMMR,OS,placebo_chemo,comparator,Placebo + paclitaxel-carboplatin,dMMR_OS_placebo_chemo,lognormal,193.65284915742384,199.10762479484853,48,0.5764891055326623
dMMR,OS,placebo_chemo,comparator,Placebo + paclitaxel-carboplatin,dMMR_OS_placebo_chemo,lognormal,193.65284915742384,199.10762479484853,49,0.5716415977938891
dMMR,OS,placebo_chemo,comparator,Placebo + paclitaxel-carboplatin,dMMR_OS_placebo_chemo,lognormal,193.65284915742384,199.10762479484853,50,0.5668815136051244
dMMR,OS,placebo_chemo,comparator,Placebo + paclitaxel-carboplatin,dMMR_OS_placebo_chemo,lognormal,193.65284915742384,199.10762479484853,51,0.562206253913903
dMMR,OS,placebo_chemo,comparator,Placebo + paclitaxel-carboplatin,dMMR_OS_placebo_chemo,lognormal,193.65284915742384,199.10762479484853,52,0.5576133291965113
dMMR,OS,placebo_chemo,comparator,Placebo + paclitaxel-carboplatin,dMMR_OS_placebo_chemo,lognormal,193.65284915742384,199.10762479484853,53,0.5531003534962332
dMMR,OS,placebo_chemo,comparator,Placebo + paclitaxel-carboplatin,dMMR_OS_placebo_chemo,lognormal,193.65284915742384,199.10762479484853,54,0.5486650388550179
dMMR,OS,placebo_chemo,comparator,Placebo + paclitaxel-carboplatin,dMMR_OS_placebo_chemo,lognormal,193.65284915742384,199.10762479484853,55,0.5443051901085917
dMMR,OS,placebo_chemo,comparator,Placebo + paclitaxel-carboplatin,dMMR_OS_placebo_chemo,lognormal,193.65284915742384,199.10762479484853,56,0.5400187000175531
dMMR,OS,placebo_chemo,comparator,Placebo + paclitaxel-carboplatin,dMMR_OS_placebo_chemo,lognormal,193.65284915742384,199.10762479484853,57,0.5358035447092961
dMMR,OS,placebo_chemo,comparator,Placebo + paclitaxel-carboplatin,dMMR_OS_placebo_chemo,lognormal,193.65284915742384,199.10762479484853,58,0.5316577794077013
dMMR,OS,placebo_chemo,comparator,Placebo + paclitaxel-carboplatin,dMMR_OS_placebo_chemo,lognormal,193.65284915742384,199.10762479484853,59,0.5275795344294466
dMMR,OS,placebo_chemo,comparator,Placebo + paclitaxel-carboplatin,dMMR_OS_placebo_chemo,lognormal,193.65284915742384,199.10762479484853,60,0.5235670114275355
dMMR,OS,placebo_chemo,comparator,Placebo + paclitaxel-carboplatin,dMMR_OS_placebo_chemo,lognormal,193.65284915742384,199.10762479484853,61,0.5196184798642138
dMMR,OS,placebo_chemo,comparator,Placebo + paclitaxel-carboplatin,dMMR_OS_placebo_chemo,lognormal,193.65284915742384,199.10762479484853,62,0.5157322736969148
dMMR,OS,placebo_chemo,comparator,Placebo + paclitaxel-carboplatin,dMMR_OS_placebo_chemo,lognormal,193.65284915742384,199.10762479484853,63,0.5119067882621636
dMMR,OS,placebo_chemo,comparator,Placebo + paclitaxel-carboplatin,dMMR_OS_placebo_chemo,lognormal,193.65284915742384,199.10762479484853,64,0.508140477343602
dMMR,OS,placebo_chemo,comparator,Placebo + paclitaxel-carboplatin,dMMR_OS_placebo_chemo,lognormal,193.65284915742384,199.10762479484853,65,0.5044318504113696
dMMR,OS,placebo_chemo,comparator,Placebo + paclitaxel-carboplatin,dMMR_OS_placebo_chemo,lognormal,193.65284915742384,199.10762479484853,66,0.5007794700210939
dMMR,OS,placebo_chemo,comparator,Placebo + paclitaxel-carboplatin,dMMR_OS_placebo_chemo,lognormal,193.65284915742384,199.10762479484853,67,0.4971819493616515
dMMR,OS,placebo_chemo,comparator,Placebo + paclitaxel-carboplatin,dMMR_OS_placebo_chemo,lognormal,193.65284915742384,199.10762479484853,68,0.4936379499416971
dMMR,OS,placebo_chemo,comparator,Placebo + paclitaxel-carboplatin,dMMR_OS_placebo_chemo,lognormal,193.65284915742384,199.10762479484853,69,0.49014617940573
dMMR,OS,placebo_chemo,comparator,Placebo + paclitaxel-carboplatin,dMMR_OS_placebo_chemo,lognormal,193.65284915742384,199.10762479484853,70,0.48670538947115827
dMMR,OS,placebo_chemo,comparator,Placebo + paclitaxel-carboplatin,dMMR_OS_placebo_chemo,lognormal,193.65284915742384,199.10762479484853,71,0.4833143739784701
dMMR,OS,placebo_chemo,comparator,Placebo + paclitaxel-carboplatin,dMMR_OS_placebo_chemo,lognormal,193.65284915742384,199.10762479484853,72,0.47997196704720624
dMMR,OS,placebo_chemo,comparator,Placebo + paclitaxel-carboplatin,dMMR_OS_placebo_chemo,lognormal,193.65284915742384,199.10762479484853,73,0.4766770413309672
dMMR,OS,placebo_chemo,comparator,Placebo + paclitaxel-carboplatin,dMMR_OS_placebo_chemo,lognormal,193.65284915742384,199.10762479484853,74,0.4734285063651825
dMMR,OS,placebo_chemo,comparator,Placebo + paclitaxel-carboplatin,dMMR_OS_placebo_chemo,lognormal,193.65284915742384,199.10762479484853,75,0.4702253070018273
dMMR,OS,placebo_chemo,comparator,Placebo + paclitaxel-carboplatin,dMMR_OS_placebo_chemo,lognormal,193.65284915742384,199.10762479484853,76,0.46706642192568315
dMMR,OS,placebo_chemo,comparator,Placebo + paclitaxel-carboplatin,dMMR_OS_placebo_chemo,lognormal,193.65284915742384,199.10762479484853,77,0.4639508622471328
dMMR,OS,placebo_chemo,comparator,Placebo + paclitaxel-carboplatin,dMMR_OS_placebo_chemo,lognormal,193.65284915742384,199.10762479484853,78,0.46087767016682213
dMMR,OS,placebo_chemo,comparator,Placebo + paclitaxel-carboplatin,dMMR_OS_placebo_chemo,lognormal,193.65284915742384,199.10762479484853,79,0.4578459177078569
dMMR,OS,placebo_chemo,comparator,Placebo + paclitaxel-carboplatin,dMMR_OS_placebo_chemo,lognormal,193.65284915742384,199.10762479484853,80,0.45485470551149665
dMMR,OS,placebo_chemo,comparator,Placebo + paclitaxel-carboplatin,dMMR_OS_placebo_chemo,lognormal,193.65284915742384,199.10762479484853,81,0.4519031616925876
dMMR,OS,placebo_chemo,comparator,Placebo + paclitaxel-carboplatin,dMMR_OS_placebo_chemo,lognormal,193.65284915742384,199.10762479484853,82,0.4489904407512315
dMMR,OS,placebo_chemo,comparator,Placebo + paclitaxel-carboplatin,dMMR_OS_placebo_chemo,lognormal,193.65284915742384,199.10762479484853,83,0.44611572253742104
dMMR,OS,placebo_chemo,comparator,Placebo + paclitaxel-carboplatin,dMMR_OS_placebo_chemo,lognormal,193.65284915742384,199.10762479484853,84,0.4432782112655961
dMMR,OS,placebo_chemo,comparator,Placebo + paclitaxel-carboplatin,dMMR_OS_placebo_chemo,lognormal,193.65284915742384,199.10762479484853,85,0.44047713457627
dMMR,OS,placebo_chemo,comparator,Placebo + paclitaxel-carboplatin,dMMR_OS_placebo_chemo,lognormal,193.65284915742384,199.10762479484853,86,0.43771174264206913
dMMR,OS,placebo_chemo,comparator,Placebo + paclitaxel-carboplatin,dMMR_OS_placebo_chemo,lognormal,193.65284915742384,199.10762479484853,87,0.4349813073156932
dMMR,OS,placebo_chemo,comparator,Placebo + paclitaxel-carboplatin,dMMR_OS_placebo_chemo,lognormal,193.65284915742384,199.10762479484853,88,0.43228512131747476
dMMR,OS,placebo_chemo,comparator,Placebo + paclitaxel-carboplatin,dMMR_OS_placebo_chemo,lognormal,193.65284915742384,199.10762479484853,89,0.4296224974603561
dMMR,OS,placebo_chemo,comparator,Placebo + paclitaxel-carboplatin,dMMR_OS_placebo_chemo,lognormal,193.65284915742384,199.10762479484853,90,0.42699276791024177
dMMR,OS,placebo_chemo,comparator,Placebo + paclitaxel-carboplatin,dMMR_OS_placebo_chemo,lognormal,193.65284915742384,199.10762479484853,91,0.4243952834798199
dMMR,OS,placebo_chemo,comparator,Placebo + paclitaxel-carboplatin,dMMR_OS_placebo_chemo,lognormal,193.65284915742384,199.10762479484853,92,0.42182941295405263
dMMR,OS,placebo_chemo,comparator,Placebo + paclitaxel-carboplatin,dMMR_OS_placebo_chemo,lognormal,193.65284915742384,199.10762479484853,93,0.41929454244565756
dMMR,OS,placebo_chemo,comparator,Placebo + paclitaxel-carboplatin,dMMR_OS_placebo_chemo,lognormal,193.65284915742384,199.10762479484853,94,0.4167900747789992
dMMR,OS,placebo_chemo,comparator,Placebo + paclitaxel-carboplatin,dMMR_OS_placebo_chemo,lognormal,193.65284915742384,199.10762479484853,95,0.414315428900906
dMMR,OS,placebo_chemo,comparator,Placebo + paclitaxel-carboplatin,dMMR_OS_placebo_chemo,lognormal,193.65284915742384,199.10762479484853,96,0.41187003931702115
dMMR,OS,placebo_chemo,comparator,Placebo + paclitaxel-carboplatin,dMMR_OS_placebo_chemo,lognormal,193.65284915742384,199.10762479484853,97,0.4094533555523727
dMMR,OS,placebo_chemo,comparator,Placebo + paclitaxel-carboplatin,dMMR_OS_placebo_chemo,lognormal,193.65284915742384,199.10762479484853,98,0.4070648416349334
dMMR,OS,placebo_chemo,comparator,Placebo + paclitaxel-carboplatin,dMMR_OS_placebo_chemo,lognormal,193.65284915742384,199.10762479484853,99,0.40470397560100546
dMMR,OS,placebo_chemo,comparator,Placebo + paclitaxel-carboplatin,dMMR_OS_placebo_chemo,lognormal,193.65284915742384,199.10762479484853,100,0.40237024902133967
dMMR,OS,placebo_chemo,comparator,Placebo + paclitaxel-carboplatin,dMMR_OS_placebo_chemo,lognormal,193.65284915742384,199.10762479484853,101,0.4000631665469586
dMMR,OS,placebo_chemo,comparator,Placebo + paclitaxel-carboplatin,dMMR_OS_placebo_chemo,lognormal,193.65284915742384,199.10762479484853,102,0.39778224547371055
dMMR,OS,placebo_chemo,comparator,Placebo + paclitaxel-carboplatin,dMMR_OS_placebo_chemo,lognormal,193.65284915742384,199.10762479484853,103,0.3955270153246405
dMMR,OS,placebo_chemo,comparator,Placebo + paclitaxel-carboplatin,dMMR_OS_placebo_chemo,lognormal,193.65284915742384,199.10762479484853,104,0.3932970174493149
dMMR,OS,placebo_chemo,comparator,Placebo + paclitaxel-carboplatin,dMMR_OS_placebo_chemo,lognormal,193.65284915742384,199.10762479484853,105,0.39109180463928006
dMMR,OS,placebo_chemo,comparator,Placebo + paclitaxel-carboplatin,dMMR_OS_placebo_chemo,lognormal,193.65284915742384,199.10762479484853,106,0.38891094075888877
dMMR,OS,placebo_chemo,comparator,Placebo + paclitaxel-carboplatin,dMMR_OS_placebo_chemo,lognormal,193.65284915742384,199.10762479484853,107,0.3867540003907646
dMMR,OS,placebo_chemo,comparator,Placebo + paclitaxel-carboplatin,dMMR_OS_placebo_chemo,lognormal,193.65284915742384,199.10762479484853,108,0.3846205684952153
dMMR,OS,placebo_chemo,comparator,Placebo + paclitaxel-carboplatin,dMMR_OS_placebo_chemo,lognormal,193.65284915742384,199.10762479484853,109,0.38251024008294643
dMMR,OS,placebo_chemo,comparator,Placebo + paclitaxel-carboplatin,dMMR_OS_placebo_chemo,lognormal,193.65284915742384,199.10762479484853,110,0.38042261990045667
dMMR,OS,placebo_chemo,comparator,Placebo + paclitaxel-carboplatin,dMMR_OS_placebo_chemo,lognormal,193.65284915742384,199.10762479484853,111,0.37835732212753626
dMMR,OS,placebo_chemo,comparator,Placebo + paclitaxel-carboplatin,dMMR_OS_placebo_chemo,lognormal,193.65284915742384,199.10762479484853,112,0.3763139700863105
dMMR,OS,placebo_chemo,comparator,Placebo + paclitaxel-carboplatin,dMMR_OS_placebo_chemo,lognormal,193.65284915742384,199.10762479484853,113,0.3742921959613128
dMMR,OS,placebo_chemo,comparator,Placebo + paclitaxel-carboplatin,dMMR_OS_placebo_chemo,lognormal,193.65284915742384,199.10762479484853,114,0.3722916405300859
dMMR,OS,placebo_chemo,comparator,Placebo + paclitaxel-carboplatin,dMMR_OS_placebo_chemo,lognormal,193.65284915742384,199.10762479484853,115,0.37031195290384367
dMMR,OS,placebo_chemo,comparator,Placebo + paclitaxel-carboplatin,dMMR_OS_placebo_chemo,lognormal,193.65284915742384,199.10762479484853,116,0.3683527902777488
dMMR,OS,placebo_chemo,comparator,Placebo + paclitaxel-carboplatin,dMMR_OS_placebo_chemo,lognormal,193.65284915742384,199.10762479484853,117,0.3664138176903824
dMMR,OS,placebo_chemo,comparator,Placebo + paclitaxel-carboplatin,dMMR_OS_placebo_chemo,lognormal,193.65284915742384,199.10762479484853,118,0.36449470779200543
dMMR,OS,placebo_chemo,comparator,Placebo + paclitaxel-carboplatin,dMMR_OS_placebo_chemo,lognormal,193.65284915742384,199.10762479484853,119,0.36259514062122844
dMMR,OS,placebo_chemo,comparator,Placebo + paclitaxel-carboplatin,dMMR_OS_placebo_chemo,lognormal,193.65284915742384,199.10762479484853,120,0.36071480338973116
dMMR,OS,placebo_chemo,comparator,Placebo + paclitaxel-carboplatin,dMMR_OS_placebo_chemo,lognormal,193.65284915742384,199.10762479484853,121,0.35885339027468477
dMMR,OS,placebo_chemo,comparator,Placebo + paclitaxel-carboplatin,dMMR_OS_placebo_chemo,lognormal,193.65284915742384,199.10762479484853,122,0.3570106022185535
dMMR,OS,placebo_chemo,comparator,Placebo + paclitaxel-carboplatin,dMMR_OS_placebo_chemo,lognormal,193.65284915742384,199.10762479484853,123,0.3551861467359597
dMMR,OS,placebo_chemo,comparator,Placebo + paclitaxel-carboplatin,dMMR_OS_placebo_chemo,lognormal,193.65284915742384,199.10762479484853,124,0.35337973772732134
dMMR,OS,placebo_chemo,comparator,Placebo + paclitaxel-carboplatin,dMMR_OS_placebo_chemo,lognormal,193.65284915742384,199.10762479484853,125,0.35159109529897825
dMMR,OS,placebo_chemo,comparator,Placebo + paclitaxel-carboplatin,dMMR_OS_placebo_chemo,lognormal,193.65284915742384,199.10762479484853,126,0.349819945589539
dMMR,OS,placebo_chemo,comparator,Placebo + paclitaxel-carboplatin,dMMR_OS_placebo_chemo,lognormal,193.65284915742384,199.10762479484853,127,0.3480660206021937
dMMR,OS,placebo_chemo,comparator,Placebo + paclitaxel-carboplatin,dMMR_OS_placebo_chemo,lognormal,193.65284915742384,199.10762479484853,128,0.34632905804275027
dMMR,OS,placebo_chemo,comparator,Placebo + paclitaxel-carboplatin,dMMR_OS_placebo_chemo,lognormal,193.65284915742384,199.10762479484853,129,0.3446088011631613
dMMR,OS,placebo_chemo,comparator,Placebo + paclitaxel-carboplatin,dMMR_OS_placebo_chemo,lognormal,193.65284915742384,199.10762479484853,130,0.34290499861032187
dMMR,OS,placebo_chemo,comparator,Placebo + paclitaxel-carboplatin,dMMR_OS_placebo_chemo,lognormal,193.65284915742384,199.10762479484853,131,0.341217404279927
dMMR,OS,placebo_chemo,comparator,Placebo + paclitaxel-carboplatin,dMMR_OS_placebo_chemo,lognormal,193.65284915742384,199.10762479484853,132,0.3395457771751885
dMMR,OS,placebo_chemo,comparator,Placebo + paclitaxel-carboplatin,dMMR_OS_placebo_chemo,lognormal,193.65284915742384,199.10762479484853,133,0.33788988127021935
dMMR,OS,placebo_chemo,comparator,Placebo + paclitaxel-carboplatin,dMMR_OS_placebo_chemo,lognormal,193.65284915742384,199.10762479484853,134,0.3362494853779028
dMMR,OS,placebo_chemo,comparator,Placebo + paclitaxel-carboplatin,dMMR_OS_placebo_chemo,lognormal,193.65284915742384,199.10762479484853,135,0.3346243630220711
dMMR,OS,placebo_chemo,comparator,Placebo + paclitaxel-carboplatin,dMMR_OS_placebo_chemo,lognormal,193.65284915742384,199.10762479484853,136,0.3330142923138295
dMMR,OS,placebo_chemo,comparator,Placebo + paclitaxel-carboplatin,dMMR_OS_placebo_chemo,lognormal,193.65284915742384,199.10762479484853,137,0.3314190558318618
dMMR,OS,placebo_chemo,comparator,Placebo + paclitaxel-carboplatin,dMMR_OS_placebo_chemo,lognormal,193.65284915742384,199.10762479484853,138,0.32983844050656974
dMMR,OS,placebo_chemo,comparator,Placebo + paclitaxel-carboplatin,dMMR_OS_placebo_chemo,lognormal,193.65284915742384,199.10762479484853,139,0.3282722375078987
dMMR,OS,placebo_chemo,comparator,Placebo + paclitaxel-carboplatin,dMMR_OS_placebo_chemo,lognormal,193.65284915742384,199.10762479484853,140,0.3267202421367099
dMMR,OS,placebo_chemo,comparator,Placebo + paclitaxel-carboplatin,dMMR_OS_placebo_chemo,lognormal,193.65284915742384,199.10762479484853,141,0.32518225371956866
dMMR,OS,placebo_chemo,comparator,Placebo + paclitaxel-carboplatin,dMMR_OS_placebo_chemo,lognormal,193.65284915742384,199.10762479484853,142,0.3236580755068187
dMMR,OS,placebo_chemo,comparator,Placebo + paclitaxel-carboplatin,dMMR_OS_placebo_chemo,lognormal,193.65284915742384,199.10762479484853,143,0.3221475145738215
dMMR,OS,placebo_chemo,comparator,Placebo + paclitaxel-carboplatin,dMMR_OS_placebo_chemo,lognormal,193.65284915742384,199.10762479484853,144,0.3206503817252456
dMMR,OS,placebo_chemo,comparator,Placebo + paclitaxel-carboplatin,dMMR_OS_placebo_chemo,lognormal,193.65284915742384,199.10762479484853,145,0.31916649140229336
dMMR,OS,placebo_chemo,comparator,Placebo + paclitaxel-carboplatin,dMMR_OS_placebo_chemo,lognormal,193.65284915742384,199.10762479484853,146,0.31769566159275653
dMMR,OS,placebo_chemo,comparator,Placebo + paclitaxel-carboplatin,dMMR_OS_placebo_chemo,lognormal,193.65284915742384,199.10762479484853,147,0.31623771374380194
dMMR,OS,placebo_chemo,comparator,Placebo + paclitaxel-carboplatin,dMMR_OS_placebo_chemo,lognormal,193.65284915742384,199.10762479484853,148,0.3147924726773852
dMMR,OS,placebo_chemo,comparator,Placebo + paclitaxel-carboplatin,dMMR_OS_placebo_chemo,lognormal,193.65284915742384,199.10762479484853,149,0.31335976650820196
dMMR,OS,placebo_chemo,comparator,Placebo + paclitaxel-carboplatin,dMMR_OS_placebo_chemo,lognormal,193.65284915742384,199.10762479484853,150,0.3119394265640848
dMMR,OS,placebo_chemo,comparator,Placebo + paclitaxel-carboplatin,dMMR_OS_placebo_chemo,lognormal,193.65284915742384,199.10762479484853,151,0.3105312873087579
dMMR,OS,placebo_chemo,comparator,Placebo + paclitaxel-carboplatin,dMMR_OS_placebo_chemo,lognormal,193.65284915742384,199.10762479484853,152,0.3091351862668703
dMMR,OS,placebo_chemo,comparator,Placebo + paclitaxel-carboplatin,dMMR_OS_placebo_chemo,lognormal,193.65284915742384,199.10762479484853,153,0.30775096395122514
dMMR,OS,placebo_chemo,comparator,Placebo + paclitaxel-carboplatin,dMMR_OS_placebo_chemo,lognormal,193.65284915742384,199.10762479484853,154,0.30637846379212963
dMMR,OS,placebo_chemo,comparator,Placebo + paclitaxel-carboplatin,dMMR_OS_placebo_chemo,lognormal,193.65284915742384,199.10762479484853,155,0.3050175320687929
dMMR,OS,placebo_chemo,comparator,Placebo + paclitaxel-carboplatin,dMMR_OS_placebo_chemo,lognormal,193.65284915742384,199.10762479484853,156,0.3036680178426997
dMMR,OS,placebo_chemo,comparator,Placebo + paclitaxel-carboplatin,dMMR_OS_placebo_chemo,lognormal,193.65284915742384,199.10762479484853,157,0.302329772892896
dMMR,OS,placebo_chemo,comparator,Placebo + paclitaxel-carboplatin,dMMR_OS_placebo_chemo,lognormal,193.65284915742384,199.10762479484853,158,0.30100265165311624
dMMR,OS,placebo_chemo,comparator,Placebo + paclitaxel-carboplatin,dMMR_OS_placebo_chemo,lognormal,193.65284915742384,199.10762479484853,159,0.29968651115069644
dMMR,OS,placebo_chemo,comparator,Placebo + paclitaxel-carboplatin,dMMR_OS_placebo_chemo,lognormal,193.65284915742384,199.10762479484853,160,0.2983812109472065
dMMR,OS,placebo_chemo,comparator,Placebo + paclitaxel-carboplatin,dMMR_OS_placebo_chemo,lognormal,193.65284915742384,199.10762479484853,161,0.2970866130807496
dMMR,OS,placebo_chemo,comparator,Placebo + paclitaxel-carboplatin,dMMR_OS_placebo_chemo,lognormal,193.65284915742384,199.10762479484853,162,0.29580258200987086
dMMR,OS,placebo_chemo,comparator,Placebo + paclitaxel-carboplatin,dMMR_OS_placebo_chemo,lognormal,193.65284915742384,199.10762479484853,163,0.29452898455902143
dMMR,OS,placebo_chemo,comparator,Placebo + paclitaxel-carboplatin,dMMR_OS_placebo_chemo,lognormal,193.65284915742384,199.10762479484853,164,0.29326568986552937
dMMR,OS,placebo_chemo,comparator,Placebo + paclitaxel-carboplatin,dMMR_OS_placebo_chemo,lognormal,193.65284915742384,199.10762479484853,165,0.29201256932802533
dMMR,OS,placebo_chemo,comparator,Placebo + paclitaxel-carboplatin,dMMR_OS_placebo_chemo,lognormal,193.65284915742384,199.10762479484853,166,0.2907694965562765
dMMR,OS,placebo_chemo,comparator,Placebo + paclitaxel-carboplatin,dMMR_OS_placebo_chemo,lognormal,193.65284915742384,199.10762479484853,167,0.2895363473223861
dMMR,OS,placebo_chemo,comparator,Placebo + paclitaxel-carboplatin,dMMR_OS_placebo_chemo,lognormal,193.65284915742384,199.10762479484853,168,0.2883129995133089
dMMR,OS,placebo_chemo,comparator,Placebo + paclitaxel-carboplatin,dMMR_OS_placebo_chemo,lognormal,193.65284915742384,199.10762479484853,169,0.2870993330846454
dMMR,OS,placebo_chemo,comparator,Placebo + paclitaxel-carboplatin,dMMR_OS_placebo_chemo,lognormal,193.65284915742384,199.10762479484853,170,0.2858952300156723
dMMR,OS,placebo_chemo,comparator,Placebo + paclitaxel-carboplatin,dMMR_OS_placebo_chemo,lognormal,193.65284915742384,199.10762479484853,171,0.2847005742655697
dMMR,OS,placebo_chemo,comparator,Placebo + paclitaxel-carboplatin,dMMR_OS_placebo_chemo,lognormal,193.65284915742384,199.10762479484853,172,0.2835152517308074
dMMR,OS,placebo_chemo,comparator,Placebo + paclitaxel-carboplatin,dMMR_OS_placebo_chemo,lognormal,193.65284915742384,199.10762479484853,173,0.28233915020365385
dMMR,OS,placebo_chemo,comparator,Placebo + paclitaxel-carboplatin,dMMR_OS_placebo_chemo,lognormal,193.65284915742384,199.10762479484853,174,0.28117215933177475
dMMR,OS,placebo_chemo,comparator,Placebo + paclitaxel-carboplatin,dMMR_OS_placebo_chemo,lognormal,193.65284915742384,199.10762479484853,175,0.28001417057888345
dMMR,OS,placebo_chemo,comparator,Placebo + paclitaxel-carboplatin,dMMR_OS_placebo_chemo,lognormal,193.65284915742384,199.10762479484853,176,0.2788650771864145
dMMR,OS,placebo_chemo,comparator,Placebo + paclitaxel-carboplatin,dMMR_OS_placebo_chemo,lognormal,193.65284915742384,199.10762479484853,177,0.2777247741361861
dMMR,OS,placebo_chemo,comparator,Placebo + paclitaxel-carboplatin,dMMR_OS_placebo_chemo,lognormal,193.65284915742384,199.10762479484853,178,0.27659315811402363
dMMR,OS,placebo_chemo,comparator,Placebo + paclitaxel-carboplatin,dMMR_OS_placebo_chemo,lognormal,193.65284915742384,199.10762479484853,179,0.2754701274743132
dMMR,OS,placebo_chemo,comparator,Placebo + paclitaxel-carboplatin,dMMR_OS_placebo_chemo,lognormal,193.65284915742384,199.10762479484853,180,0.27435558220545686
dMMR,OS,placebo_chemo,comparator,Placebo + paclitaxel-carboplatin,dMMR_OS_placebo_chemo,lognormal,193.65284915742384,199.10762479484853,181,0.27324942389620444
dMMR,OS,placebo_chemo,comparator,Placebo + paclitaxel-carboplatin,dMMR_OS_placebo_chemo,lognormal,193.65284915742384,199.10762479484853,182,0.27215155570283345
dMMR,OS,placebo_chemo,comparator,Placebo + paclitaxel-carboplatin,dMMR_OS_placebo_chemo,lognormal,193.65284915742384,199.10762479484853,183,0.27106188231715167
dMMR,OS,placebo_chemo,comparator,Placebo + paclitaxel-carboplatin,dMMR_OS_placebo_chemo,lognormal,193.65284915742384,199.10762479484853,184,0.26998030993530187
dMMR,OS,placebo_chemo,comparator,Placebo + paclitaxel-carboplatin,dMMR_OS_placebo_chemo,lognormal,193.65284915742384,199.10762479484853,185,0.26890674622733823
dMMR,OS,placebo_chemo,comparator,Placebo + paclitaxel-carboplatin,dMMR_OS_placebo_chemo,lognormal,193.65284915742384,199.10762479484853,186,0.26784110030755726
dMMR,OS,placebo_chemo,comparator,Placebo + paclitaxel-carboplatin,dMMR_OS_placebo_chemo,lognormal,193.65284915742384,199.10762479484853,187,0.2667832827055613
dMMR,OS,placebo_chemo,comparator,Placebo + paclitaxel-carboplatin,dMMR_OS_placebo_chemo,lognormal,193.65284915742384,199.10762479484853,188,0.2657332053380266
dMMR,OS,placebo_chemo,comparator,Placebo + paclitaxel-carboplatin,dMMR_OS_placebo_chemo,lognormal,193.65284915742384,199.10762479484853,189,0.2646907814811643
dMMR,OS,placebo_chemo,comparator,Placebo + paclitaxel-carboplatin,dMMR_OS_placebo_chemo,lognormal,193.65284915742384,199.10762479484853,190,0.2636559257438489
dMMR,OS,placebo_chemo,comparator,Placebo + paclitaxel-carboplatin,dMMR_OS_placebo_chemo,lognormal,193.65284915742384,199.10762479484853,191,0.26262855404139485
dMMR,OS,placebo_chemo,comparator,Placebo + paclitaxel-carboplatin,dMMR_OS_placebo_chemo,lognormal,193.65284915742384,199.10762479484853,192,0.2616085835699671
dMMR,OS,placebo_chemo,comparator,Placebo + paclitaxel-carboplatin,dMMR_OS_placebo_chemo,lognormal,193.65284915742384,199.10762479484853,193,0.26059593278160165
dMMR,OS,placebo_chemo,comparator,Placebo + paclitaxel-carboplatin,dMMR_OS_placebo_chemo,lognormal,193.65284915742384,199.10762479484853,194,0.25959052135982374
dMMR,OS,placebo_chemo,comparator,Placebo + paclitaxel-carboplatin,dMMR_OS_placebo_chemo,lognormal,193.65284915742384,199.10762479484853,195,0.2585922701958444
dMMR,OS,placebo_chemo,comparator,Placebo + paclitaxel-carboplatin,dMMR_OS_placebo_chemo,lognormal,193.65284915742384,199.10762479484853,196,0.2576011013653189
dMMR,OS,placebo_chemo,comparator,Placebo + paclitaxel-carboplatin,dMMR_OS_placebo_chemo,lognormal,193.65284915742384,199.10762479484853,197,0.2566169381056528
dMMR,OS,placebo_chemo,comparator,Placebo + paclitaxel-carboplatin,dMMR_OS_placebo_chemo,lognormal,193.65284915742384,199.10762479484853,198,0.25563970479383946
dMMR,OS,placebo_chemo,comparator,Placebo + paclitaxel-carboplatin,dMMR_OS_placebo_chemo,lognormal,193.65284915742384,199.10762479484853,199,0.2546693269248139
dMMR,OS,placebo_chemo,comparator,Placebo + paclitaxel-carboplatin,dMMR_OS_placebo_chemo,lognormal,193.65284915742384,199.10762479484853,200,0.25370573109031
dMMR,OS,placebo_chemo,comparator,Placebo + paclitaxel-carboplatin,dMMR_OS_placebo_chemo,lognormal,193.65284915742384,199.10762479484853,201,0.2527488449582057
dMMR,OS,placebo_chemo,comparator,Placebo + paclitaxel-carboplatin,dMMR_OS_placebo_chemo,lognormal,193.65284915742384,199.10762479484853,202,0.25179859725234444
dMMR,OS,placebo_chemo,comparator,Placebo + paclitaxel-carboplatin,dMMR_OS_placebo_chemo,lognormal,193.65284915742384,199.10762479484853,203,0.2508549177328183
dMMR,OS,placebo_chemo,comparator,Placebo + paclitaxel-carboplatin,dMMR_OS_placebo_chemo,lognormal,193.65284915742384,199.10762479484853,204,0.2499177371767013
dMMR,OS,placebo_chemo,comparator,Placebo + paclitaxel-carboplatin,dMMR_OS_placebo_chemo,lognormal,193.65284915742384,199.10762479484853,205,0.24898698735922087
dMMR,OS,placebo_chemo,comparator,Placebo + paclitaxel-carboplatin,dMMR_OS_placebo_chemo,lognormal,193.65284915742384,199.10762479484853,206,0.24806260103535482
dMMR,OS,placebo_chemo,comparator,Placebo + paclitaxel-carboplatin,dMMR_OS_placebo_chemo,lognormal,193.65284915742384,199.10762479484853,207,0.24714451192184295
dMMR,OS,placebo_chemo,comparator,Placebo + paclitaxel-carboplatin,dMMR_OS_placebo_chemo,lognormal,193.65284915742384,199.10762479484853,208,0.24623265467960243
dMMR,OS,placebo_chemo,comparator,Placebo + paclitaxel-carboplatin,dMMR_OS_placebo_chemo,lognormal,193.65284915742384,199.10762479484853,209,0.24532696489653572
dMMR,OS,placebo_chemo,comparator,Placebo + paclitaxel-carboplatin,dMMR_OS_placebo_chemo,lognormal,193.65284915742384,199.10762479484853,210,0.24442737907072143
dMMR,OS,placebo_chemo,comparator,Placebo + paclitaxel-carboplatin,dMMR_OS_placebo_chemo,lognormal,193.65284915742384,199.10762479484853,211,0.24353383459397682
dMMR,OS,placebo_chemo,comparator,Placebo + paclitaxel-carboplatin,dMMR_OS_placebo_chemo,lognormal,193.65284915742384,199.10762479484853,212,0.24264626973578363
dMMR,OS,placebo_chemo,comparator,Placebo + paclitaxel-carboplatin,dMMR_OS_placebo_chemo,lognormal,193.65284915742384,199.10762479484853,213,0.24176462362756657
dMMR,OS,placebo_chemo,comparator,Placebo + paclitaxel-carboplatin,dMMR_OS_placebo_chemo,lognormal,193.65284915742384,199.10762479484853,214,0.24088883624731627
dMMR,OS,placebo_chemo,comparator,Placebo + paclitaxel-carboplatin,dMMR_OS_placebo_chemo,lognormal,193.65284915742384,199.10762479484853,215,0.24001884840454613
dMMR,OS,placebo_chemo,comparator,Placebo + paclitaxel-carboplatin,dMMR_OS_placebo_chemo,lognormal,193.65284915742384,199.10762479484853,216,0.23915460172557745
dMMR,OS,placebo_chemo,comparator,Placebo + paclitaxel-carboplatin,dMMR_OS_placebo_chemo,lognormal,193.65284915742384,199.10762479484853,217,0.23829603863914184
dMMR,OS,placebo_chemo,comparator,Placebo + paclitaxel-carboplatin,dMMR_OS_placebo_chemo,lognormal,193.65284915742384,199.10762479484853,218,0.23744310236229182
dMMR,OS,placebo_chemo,comparator,Placebo + paclitaxel-carboplatin,dMMR_OS_placebo_chemo,lognormal,193.65284915742384,199.10762479484853,219,0.2365957368866165
dMMR,OS,placebo_chemo,comparator,Placebo + paclitaxel-carboplatin,dMMR_OS_placebo_chemo,lognormal,193.65284915742384,199.10762479484853,220,0.2357538869647493
dMMR,OS,placebo_chemo,comparator,Placebo + paclitaxel-carboplatin,dMMR_OS_placebo_chemo,lognormal,193.65284915742384,199.10762479484853,221,0.2349174980971641
dMMR,OS,placebo_chemo,comparator,Placebo + paclitaxel-carboplatin,dMMR_OS_placebo_chemo,lognormal,193.65284915742384,199.10762479484853,222,0.2340865165192494
dMMR,OS,placebo_chemo,comparator,Placebo + paclitaxel-carboplatin,dMMR_OS_placebo_chemo,lognormal,193.65284915742384,199.10762479484853,223,0.23326088918865717
dMMR,OS,placebo_chemo,comparator,Placebo + paclitaxel-carboplatin,dMMR_OS_placebo_chemo,lognormal,193.65284915742384,199.10762479484853,224,0.23244056377291666
dMMR,OS,placebo_chemo,comparator,Placebo + paclitaxel-carboplatin,dMMR_OS_placebo_chemo,lognormal,193.65284915742384,199.10762479484853,225,0.23162548863730636
dMMR,OS,placebo_chemo,comparator,Placebo + paclitaxel-carboplatin,dMMR_OS_placebo_chemo,lognormal,193.65284915742384,199.10762479484853,226,0.23081561283298158
dMMR,OS,placebo_chemo,comparator,Placebo + paclitaxel-carboplatin,dMMR_OS_placebo_chemo,lognormal,193.65284915742384,199.10762479484853,227,0.23001088608534592
dMMR,OS,placebo_chemo,comparator,Placebo + paclitaxel-carboplatin,dMMR_OS_placebo_chemo,lognormal,193.65284915742384,199.10762479484853,228,0.2292112587826649
dMMR,OS,placebo_chemo,comparator,Placebo + paclitaxel-carboplatin,dMMR_OS_placebo_chemo,lognormal,193.65284915742384,199.10762479484853,229,0.22841668196491405
dMMR,OS,placebo_chemo,comparator,Placebo + paclitaxel-carboplatin,dMMR_OS_placebo_chemo,lognormal,193.65284915742384,199.10762479484853,230,0.22762710731285496
dMMR,OS,placebo_chemo,comparator,Placebo + paclitaxel-carboplatin,dMMR_OS_placebo_chemo,lognormal,193.65284915742384,199.10762479484853,231,0.22684248713733723
dMMR,OS,placebo_chemo,comparator,Placebo + paclitaxel-carboplatin,dMMR_OS_placebo_chemo,lognormal,193.65284915742384,199.10762479484853,232,0.22606277436881483
dMMR,OS,placebo_chemo,comparator,Placebo + paclitaxel-carboplatin,dMMR_OS_placebo_chemo,lognormal,193.65284915742384,199.10762479484853,233,0.22528792254707874
dMMR,OS,placebo_chemo,comparator,Placebo + paclitaxel-carboplatin,dMMR_OS_placebo_chemo,lognormal,193.65284915742384,199.10762479484853,234,0.22451788581119492
dMMR,OS,placebo_chemo,comparator,Placebo + paclitaxel-carboplatin,dMMR_OS_placebo_chemo,lognormal,193.65284915742384,199.10762479484853,235,0.22375261888964593
dMMR,OS,placebo_chemo,comparator,Placebo + paclitaxel-carboplatin,dMMR_OS_placebo_chemo,lognormal,193.65284915742384,199.10762479484853,236,0.22299207709067026
dMMR,OS,placebo_chemo,comparator,Placebo + paclitaxel-carboplatin,dMMR_OS_placebo_chemo,lognormal,193.65284915742384,199.10762479484853,237,0.222236216292795
dMMR,OS,placebo_chemo,comparator,Placebo + paclitaxel-carboplatin,dMMR_OS_placebo_chemo,lognormal,193.65284915742384,199.10762479484853,238,0.22148499293555657
dMMR,OS,placebo_chemo,comparator,Placebo + paclitaxel-carboplatin,dMMR_OS_placebo_chemo,lognormal,193.65284915742384,199.10762479484853,239,0.2207383640104057
dMMR,OS,placebo_chemo,comparator,Placebo + paclitaxel-carboplatin,dMMR_OS_placebo_chemo,lognormal,193.65284915742384,199.10762479484853,240,0.21999628705179408
dMMR,OS,placebo_chemo,comparator,Placebo + paclitaxel-carboplatin,dMMR_OS_placebo_chemo,lognormal,193.65284915742384,199.10762479484853,241,0.21925872012843284
dMMR,OS,placebo_chemo,comparator,Placebo + paclitaxel-carboplatin,dMMR_OS_placebo_chemo,lognormal,193.65284915742384,199.10762479484853,242,0.21852562183472624
dMMR,OS,placebo_chemo,comparator,Placebo + paclitaxel-carboplatin,dMMR_OS_placebo_chemo,lognormal,193.65284915742384,199.10762479484853,243,0.21779695128237198
dMMR,OS,placebo_chemo,comparator,Placebo + paclitaxel-carboplatin,dMMR_OS_placebo_chemo,lognormal,193.65284915742384,199.10762479484853,244,0.21707266809212278
dMMR,OS,placebo_chemo,comparator,Placebo + paclitaxel-carboplatin,dMMR_OS_placebo_chemo,lognormal,193.65284915742384,199.10762479484853,245,0.21635273238571218
dMMR,OS,placebo_chemo,comparator,Placebo + paclitaxel-carboplatin,dMMR_OS_placebo_chemo,lognormal,193.65284915742384,199.10762479484853,246,0.21563710477793285
dMMR,OS,placebo_chemo,comparator,Placebo + paclitaxel-carboplatin,dMMR_OS_placebo_chemo,lognormal,193.65284915742384,199.10762479484853,247,0.21492574636886874
dMMR,OS,placebo_chemo,comparator,Placebo + paclitaxel-carboplatin,dMMR_OS_placebo_chemo,lognormal,193.65284915742384,199.10762479484853,248,0.214218618736278
dMMR,OS,placebo_chemo,comparator,Placebo + paclitaxel-carboplatin,dMMR_OS_placebo_chemo,lognormal,193.65284915742384,199.10762479484853,249,0.21351568392811981
dMMR,OS,placebo_chemo,comparator,Placebo + paclitaxel-carboplatin,dMMR_OS_placebo_chemo,lognormal,193.65284915742384,199.10762479484853,250,0.2128169044552234
dMMR,OS,placebo_chemo,comparator,Placebo + paclitaxel-carboplatin,dMMR_OS_placebo_chemo,lognormal,193.65284915742384,199.10762479484853,251,0.2121222432840988
dMMR,OS,placebo_chemo,comparator,Placebo + paclitaxel-carboplatin,dMMR_OS_placebo_chemo,lognormal,193.65284915742384,199.10762479484853,252,0.2114316638298812
dMMR,OS,placebo_chemo,comparator,Placebo + paclitaxel-carboplatin,dMMR_OS_placebo_chemo,lognormal,193.65284915742384,199.10762479484853,253,0.21074512994941064
dMMR,OS,placebo_chemo,comparator,Placebo + paclitaxel-carboplatin,dMMR_OS_placebo_chemo,lognormal,193.65284915742384,199.10762479484853,254,0.21006260593443926
dMMR,OS,placebo_chemo,comparator,Placebo + paclitaxel-carboplatin,dMMR_OS_placebo_chemo,lognormal,193.65284915742384,199.10762479484853,255,0.20938405650496883
dMMR,OS,placebo_chemo,comparator,Placebo + paclitaxel-carboplatin,dMMR_OS_placebo_chemo,lognormal,193.65284915742384,199.10762479484853,256,0.20870944680270953
dMMR,OS,placebo_chemo,comparator,Placebo + paclitaxel-carboplatin,dMMR_OS_placebo_chemo,lognormal,193.65284915742384,199.10762479484853,257,0.20803874238466413
dMMR,OS,placebo_chemo,comparator,Placebo + paclitaxel-carboplatin,dMMR_OS_placebo_chemo,lognormal,193.65284915742384,199.10762479484853,258,0.20737190921682747
dMMR,OS,placebo_chemo,comparator,Placebo + paclitaxel-carboplatin,dMMR_OS_placebo_chemo,lognormal,193.65284915742384,199.10762479484853,259,0.20670891366800515
dMMR,OS,placebo_chemo,comparator,Placebo + paclitaxel-carboplatin,dMMR_OS_placebo_chemo,lognormal,193.65284915742384,199.10762479484853,260,0.2060497225037441
dMMR,OS,placebo_chemo,comparator,Placebo + paclitaxel-carboplatin,dMMR_OS_placebo_chemo,lognormal,193.65284915742384,199.10762479484853,261,0.20539430288037686
dMMR,OS,placebo_chemo,comparator,Placebo + paclitaxel-carboplatin,dMMR_OS_placebo_chemo,lognormal,193.65284915742384,199.10762479484853,262,0.20474262233917195
dMMR,OS,placebo_chemo,comparator,Placebo + paclitaxel-carboplatin,dMMR_OS_placebo_chemo,lognormal,193.65284915742384,199.10762479484853,263,0.20409464880059347
dMMR,OS,placebo_chemo,comparator,Placebo + paclitaxel-carboplatin,dMMR_OS_placebo_chemo,lognormal,193.65284915742384,199.10762479484853,264,0.20345035055866345
dMMR,OS,placebo_chemo,comparator,Placebo + paclitaxel-carboplatin,dMMR_OS_placebo_chemo,lognormal,193.65284915742384,199.10762479484853,265,0.2028096962754271
dMMR,OS,placebo_chemo,comparator,Placebo + paclitaxel-carboplatin,dMMR_OS_placebo_chemo,lognormal,193.65284915742384,199.10762479484853,266,0.2021726549755175
dMMR,OS,placebo_chemo,comparator,Placebo + paclitaxel-carboplatin,dMMR_OS_placebo_chemo,lognormal,193.65284915742384,199.10762479484853,267,0.20153919604081816
dMMR,OS,placebo_chemo,comparator,Placebo + paclitaxel-carboplatin,dMMR_OS_placebo_chemo,lognormal,193.65284915742384,199.10762479484853,268,0.2009092892052221
dMMR,OS,placebo_chemo,comparator,Placebo + paclitaxel-carboplatin,dMMR_OS_placebo_chemo,lognormal,193.65284915742384,199.10762479484853,269,0.2002829045494826
dMMR,OS,placebo_chemo,comparator,Placebo + paclitaxel-carboplatin,dMMR_OS_placebo_chemo,lognormal,193.65284915742384,199.10762479484853,270,0.19966001249615817
dMMR,OS,placebo_chemo,comparator,Placebo + paclitaxel-carboplatin,dMMR_OS_placebo_chemo,lognormal,193.65284915742384,199.10762479484853,271,0.1990405838046454
dMMR,OS,placebo_chemo,comparator,Placebo + paclitaxel-carboplatin,dMMR_OS_placebo_chemo,lognormal,193.65284915742384,199.10762479484853,272,0.1984245895663006
dMMR,OS,placebo_chemo,comparator,Placebo + paclitaxel-carboplatin,dMMR_OS_placebo_chemo,lognormal,193.65284915742384,199.10762479484853,273,0.19781200119964726
dMMR,OS,placebo_chemo,comparator,Placebo + paclitaxel-carboplatin,dMMR_OS_placebo_chemo,lognormal,193.65284915742384,199.10762479484853,274,0.19720279044566724
dMMR,OS,placebo_chemo,comparator,Placebo + paclitaxel-carboplatin,dMMR_OS_placebo_chemo,lognormal,193.65284915742384,199.10762479484853,275,0.19659692936317608
dMMR,OS,placebo_chemo,comparator,Placebo + paclitaxel-carboplatin,dMMR_OS_placebo_chemo,lognormal,193.65284915742384,199.10762479484853,276,0.19599439032427712
dMMR,OS,placebo_chemo,comparator,Placebo + paclitaxel-carboplatin,dMMR_OS_placebo_chemo,lognormal,193.65284915742384,199.10762479484853,277,0.19539514600989571
dMMR,OS,placebo_chemo,comparator,Placebo + paclitaxel-carboplatin,dMMR_OS_placebo_chemo,lognormal,193.65284915742384,199.10762479484853,278,0.19479916940539166
dMMR,OS,placebo_chemo,comparator,Placebo + paclitaxel-carboplatin,dMMR_OS_placebo_chemo,lognormal,193.65284915742384,199.10762479484853,279,0.19420643379624591
dMMR,OS,placebo_chemo,comparator,Placebo + paclitaxel-carboplatin,dMMR_OS_placebo_chemo,lognormal,193.65284915742384,199.10762479484853,280,0.19361691276382298
dMMR,OS,placebo_chemo,comparator,Placebo + paclitaxel-carboplatin,dMMR_OS_placebo_chemo,lognormal,193.65284915742384,199.10762479484853,281,0.1930305801812059
dMMR,OS,placebo_chemo,comparator,Placebo + paclitaxel-carboplatin,dMMR_OS_placebo_chemo,lognormal,193.65284915742384,199.10762479484853,282,0.19244741020910172
dMMR,OS,placebo_chemo,comparator,Placebo + paclitaxel-carboplatin,dMMR_OS_placebo_chemo,lognormal,193.65284915742384,199.10762479484853,283,0.19186737729181902
dMMR,OS,placebo_chemo,comparator,Placebo + paclitaxel-carboplatin,dMMR_OS_placebo_chemo,lognormal,193.65284915742384,199.10762479484853,284,0.19129045615331097
dMMR,OS,placebo_chemo,comparator,Placebo + paclitaxel-carboplatin,dMMR_OS_placebo_chemo,lognormal,193.65284915742384,199.10762479484853,285,0.1907166217932882
dMMR,OS,placebo_chemo,comparator,Placebo + paclitaxel-carboplatin,dMMR_OS_placebo_chemo,lognormal,193.65284915742384,199.10762479484853,286,0.1901458494833963
dMMR,OS,placebo_chemo,comparator,Placebo + paclitaxel-carboplatin,dMMR_OS_placebo_chemo,lognormal,193.65284915742384,199.10762479484853,287,0.1895781147634571
dMMR,OS,placebo_chemo,comparator,Placebo + paclitaxel-carboplatin,dMMR_OS_placebo_chemo,lognormal,193.65284915742384,199.10762479484853,288,0.18901339343777535
dMMR,OS,placebo_chemo,comparator,Placebo + paclitaxel-carboplatin,dMMR_OS_placebo_chemo,lognormal,193.65284915742384,199.10762479484853,289,0.18845166157150484
dMMR,OS,placebo_chemo,comparator,Placebo + paclitaxel-carboplatin,dMMR_OS_placebo_chemo,lognormal,193.65284915742384,199.10762479484853,290,0.18789289548707666
dMMR,OS,placebo_chemo,comparator,Placebo + paclitaxel-carboplatin,dMMR_OS_placebo_chemo,lognormal,193.65284915742384,199.10762479484853,291,0.18733707176068692
dMMR,OS,placebo_chemo,comparator,Placebo + paclitaxel-carboplatin,dMMR_OS_placebo_chemo,lognormal,193.65284915742384,199.10762479484853,292,0.1867841672188426
dMMR,OS,placebo_chemo,comparator,Placebo + paclitaxel-carboplatin,dMMR_OS_placebo_chemo,lognormal,193.65284915742384,199.10762479484853,293,0.1862341589349641
dMMR,OS,placebo_chemo,comparator,Placebo + paclitaxel-carboplatin,dMMR_OS_placebo_chemo,lognormal,193.65284915742384,199.10762479484853,294,0.1856870242260451
dMMR,OS,placebo_chemo,comparator,Placebo + paclitaxel-carboplatin,dMMR_OS_placebo_chemo,lognormal,193.65284915742384,199.10762479484853,295,0.1851427406493662
dMMR,OS,placebo_chemo,comparator,Placebo + paclitaxel-carboplatin,dMMR_OS_placebo_chemo,lognormal,193.65284915742384,199.10762479484853,296,0.1846012859992633
dMMR,OS,placebo_chemo,comparator,Placebo + paclitaxel-carboplatin,dMMR_OS_placebo_chemo,lognormal,193.65284915742384,199.10762479484853,297,0.1840626383039481
dMMR,OS,placebo_chemo,comparator,Placebo + paclitaxel-carboplatin,dMMR_OS_placebo_chemo,lognormal,193.65284915742384,199.10762479484853,298,0.18352677582238153
dMMR,OS,placebo_chemo,comparator,Placebo + paclitaxel-carboplatin,dMMR_OS_placebo_chemo,lognormal,193.65284915742384,199.10762479484853,299,0.18299367704119707
dMMR,OS,placebo_chemo,comparator,Placebo + paclitaxel-carboplatin,dMMR_OS_placebo_chemo,lognormal,193.65284915742384,199.10762479484853,300,0.1824633206716746
dMMR,OS,placebo_chemo,comparator,Placebo + paclitaxel-carboplatin,dMMR_OS_placebo_chemo,lognormal,193.65284915742384,199.10762479484853,301,0.1819356856467622
dMMR,OS,placebo_chemo,comparator,Placebo + paclitaxel-carboplatin,dMMR_OS_placebo_chemo,lognormal,193.65284915742384,199.10762479484853,302,0.18141075111814753
dMMR,OS,placebo_chemo,comparator,Placebo + paclitaxel-carboplatin,dMMR_OS_placebo_chemo,lognormal,193.65284915742384,199.10762479484853,303,0.18088849645337512
dMMR,OS,placebo_chemo,comparator,Placebo + paclitaxel-carboplatin,dMMR_OS_placebo_chemo,lognormal,193.65284915742384,199.10762479484853,304,0.18036890123301008
dMMR,OS,placebo_chemo,comparator,Placebo + paclitaxel-carboplatin,dMMR_OS_placebo_chemo,lognormal,193.65284915742384,199.10762479484853,305,0.1798519452478471
dMMR,OS,placebo_chemo,comparator,Placebo + paclitaxel-carboplatin,dMMR_OS_placebo_chemo,lognormal,193.65284915742384,199.10762479484853,306,0.17933760849616454
dMMR,OS,placebo_chemo,comparator,Placebo + paclitaxel-carboplatin,dMMR_OS_placebo_chemo,lognormal,193.65284915742384,199.10762479484853,307,0.178825871181021
dMMR,OS,placebo_chemo,comparator,Placebo + paclitaxel-carboplatin,dMMR_OS_placebo_chemo,lognormal,193.65284915742384,199.10762479484853,308,0.17831671370759583
dMMR,OS,placebo_chemo,comparator,Placebo + paclitaxel-carboplatin,dMMR_OS_placebo_chemo,lognormal,193.65284915742384,199.10762479484853,309,0.17781011668057056
dMMR,OS,placebo_chemo,comparator,Placebo + paclitaxel-carboplatin,dMMR_OS_placebo_chemo,lognormal,193.65284915742384,199.10762479484853,310,0.17730606090155343
dMMR,OS,placebo_chemo,comparator,Placebo + paclitaxel-carboplatin,dMMR_OS_placebo_chemo,lognormal,193.65284915742384,199.10762479484853,311,0.17680452736654173
dMMR,OS,placebo_chemo,comparator,Placebo + paclitaxel-carboplatin,dMMR_OS_placebo_chemo,lognormal,193.65284915742384,199.10762479484853,312,0.1763054972634257
dMMR,OS,placebo_chemo,comparator,Placebo + paclitaxel-carboplatin,dMMR_OS_placebo_chemo,lognormal,193.65284915742384,199.10762479484853,313,0.17580895196953183
dMMR,OS,placebo_chemo,comparator,Placebo + paclitaxel-carboplatin,dMMR_OS_placebo_chemo,lognormal,193.65284915742384,199.10762479484853,314,0.1753148730492018
dMMR,OS,placebo_chemo,comparator,Placebo + paclitaxel-carboplatin,dMMR_OS_placebo_chemo,lognormal,193.65284915742384,199.10762479484853,315,0.17482324225141266
dMMR,OS,placebo_chemo,comparator,Placebo + paclitaxel-carboplatin,dMMR_OS_placebo_chemo,lognormal,193.65284915742384,199.10762479484853,316,0.1743340415074306
dMMR,OS,placebo_chemo,comparator,Placebo + paclitaxel-carboplatin,dMMR_OS_placebo_chemo,lognormal,193.65284915742384,199.10762479484853,317,0.1738472529285029
dMMR,OS,placebo_chemo,comparator,Placebo + paclitaxel-carboplatin,dMMR_OS_placebo_chemo,lognormal,193.65284915742384,199.10762479484853,318,0.17336285880358437
dMMR,OS,placebo_chemo,comparator,Placebo + paclitaxel-carboplatin,dMMR_OS_placebo_chemo,lognormal,193.65284915742384,199.10762479484853,319,0.17288084159709993
dMMR,OS,placebo_chemo,comparator,Placebo + paclitaxel-carboplatin,dMMR_OS_placebo_chemo,lognormal,193.65284915742384,199.10762479484853,320,0.17240118394673976
dMMR,OS,placebo_chemo,comparator,Placebo + paclitaxel-carboplatin,dMMR_OS_placebo_chemo,lognormal,193.65284915742384,199.10762479484853,321,0.17192386866128906
dMMR,OS,placebo_chemo,comparator,Placebo + paclitaxel-carboplatin,dMMR_OS_placebo_chemo,lognormal,193.65284915742384,199.10762479484853,322,0.17144887871849168
dMMR,OS,placebo_chemo,comparator,Placebo + paclitaxel-carboplatin,dMMR_OS_placebo_chemo,lognormal,193.65284915742384,199.10762479484853,323,0.17097619726294422
dMMR,OS,placebo_chemo,comparator,Placebo + paclitaxel-carboplatin,dMMR_OS_placebo_chemo,lognormal,193.65284915742384,199.10762479484853,324,0.17050580760402356
dMMR,OS,placebo_chemo,comparator,Placebo + paclitaxel-carboplatin,dMMR_OS_placebo_chemo,lognormal,193.65284915742384,199.10762479484853,325,0.170037693213845
dMMR,OS,placebo_chemo,comparator,Placebo + paclitaxel-carboplatin,dMMR_OS_placebo_chemo,lognormal,193.65284915742384,199.10762479484853,326,0.16957183772525153
dMMR,OS,placebo_chemo,comparator,Placebo + paclitaxel-carboplatin,dMMR_OS_placebo_chemo,lognormal,193.65284915742384,199.10762479484853,327,0.16910822492983313
dMMR,OS,placebo_chemo,comparator,Placebo + paclitaxel-carboplatin,dMMR_OS_placebo_chemo,lognormal,193.65284915742384,199.10762479484853,328,0.1686468387759752
dMMR,OS,placebo_chemo,comparator,Placebo + paclitaxel-carboplatin,dMMR_OS_placebo_chemo,lognormal,193.65284915742384,199.10762479484853,329,0.16818766336693725
dMMR,OS,placebo_chemo,comparator,Placebo + paclitaxel-carboplatin,dMMR_OS_placebo_chemo,lognormal,193.65284915742384,199.10762479484853,330,0.1677306829589591
dMMR,OS,placebo_chemo,comparator,Placebo + paclitaxel-carboplatin,dMMR_OS_placebo_chemo,lognormal,193.65284915742384,199.10762479484853,331,0.16727588195939602
dMMR,OS,placebo_chemo,comparator,Placebo + paclitaxel-carboplatin,dMMR_OS_placebo_chemo,lognormal,193.65284915742384,199.10762479484853,332,0.16682324492488076
dMMR,OS,placebo_chemo,comparator,Placebo + paclitaxel-carboplatin,dMMR_OS_placebo_chemo,lognormal,193.65284915742384,199.10762479484853,333,0.16637275655951345
dMMR,OS,placebo_chemo,comparator,Placebo + paclitaxel-carboplatin,dMMR_OS_placebo_chemo,lognormal,193.65284915742384,199.10762479484853,334,0.16592440171307798
dMMR,OS,placebo_chemo,comparator,Placebo + paclitaxel-carboplatin,dMMR_OS_placebo_chemo,lognormal,193.65284915742384,199.10762479484853,335,0.16547816537928406
dMMR,OS,placebo_chemo,comparator,Placebo + paclitaxel-carboplatin,dMMR_OS_placebo_chemo,lognormal,193.65284915742384,199.10762479484853,336,0.16503403269403527
dMMR,OS,placebo_chemo,comparator,Placebo + paclitaxel-carboplatin,dMMR_OS_placebo_chemo,lognormal,193.65284915742384,199.10762479484853,337,0.16459198893372318
dMMR,OS,placebo_chemo,comparator,Placebo + paclitaxel-carboplatin,dMMR_OS_placebo_chemo,lognormal,193.65284915742384,199.10762479484853,338,0.16415201951354552
dMMR,OS,placebo_chemo,comparator,Placebo + paclitaxel-carboplatin,dMMR_OS_placebo_chemo,lognormal,193.65284915742384,199.10762479484853,339,0.1637141099858489
dMMR,OS,placebo_chemo,comparator,Placebo + paclitaxel-carboplatin,dMMR_OS_placebo_chemo,lognormal,193.65284915742384,199.10762479484853,340,0.1632782460384954
dMMR,OS,placebo_chemo,comparator,Placebo + paclitaxel-carboplatin,dMMR_OS_placebo_chemo,lognormal,193.65284915742384,199.10762479484853,341,0.16284441349325396
dMMR,OS,placebo_chemo,comparator,Placebo + paclitaxel-carboplatin,dMMR_OS_placebo_chemo,lognormal,193.65284915742384,199.10762479484853,342,0.16241259830421306
dMMR,OS,placebo_chemo,comparator,Placebo + paclitaxel-carboplatin,dMMR_OS_placebo_chemo,lognormal,193.65284915742384,199.10762479484853,343,0.16198278655621778
dMMR,OS,placebo_chemo,comparator,Placebo + paclitaxel-carboplatin,dMMR_OS_placebo_chemo,lognormal,193.65284915742384,199.10762479484853,344,0.1615549644633285
dMMR,OS,placebo_chemo,comparator,Placebo + paclitaxel-carboplatin,dMMR_OS_placebo_chemo,lognormal,193.65284915742384,199.10762479484853,345,0.16112911836730226
dMMR,OS,placebo_chemo,comparator,Placebo + paclitaxel-carboplatin,dMMR_OS_placebo_chemo,lognormal,193.65284915742384,199.10762479484853,346,0.16070523473609533
dMMR,OS,placebo_chemo,comparator,Placebo + paclitaxel-carboplatin,dMMR_OS_placebo_chemo,lognormal,193.65284915742384,199.10762479484853,347,0.1602833001623869
dMMR,OS,placebo_chemo,comparator,Placebo + paclitaxel-carboplatin,dMMR_OS_placebo_chemo,lognormal,193.65284915742384,199.10762479484853,348,0.15986330136212445
dMMR,OS,placebo_chemo,comparator,Placebo + paclitaxel-carboplatin,dMMR_OS_placebo_chemo,lognormal,193.65284915742384,199.10762479484853,349,0.1594452251730889
dMMR,OS,placebo_chemo,comparator,Placebo + paclitaxel-carboplatin,dMMR_OS_placebo_chemo,lognormal,193.65284915742384,199.10762479484853,350,0.15902905855348082
dMMR,OS,placebo_chemo,comparator,Placebo + paclitaxel-carboplatin,dMMR_OS_placebo_chemo,lognormal,193.65284915742384,199.10762479484853,351,0.15861478858052624
dMMR,OS,placebo_chemo,comparator,Placebo + paclitaxel-carboplatin,dMMR_OS_placebo_chemo,lognormal,193.65284915742384,199.10762479484853,352,0.15820240244910144
dMMR,OS,placebo_chemo,comparator,Placebo + paclitaxel-carboplatin,dMMR_OS_placebo_chemo,lognormal,193.65284915742384,199.10762479484853,353,0.1577918874703783
dMMR,OS,placebo_chemo,comparator,Placebo + paclitaxel-carboplatin,dMMR_OS_placebo_chemo,lognormal,193.65284915742384,199.10762479484853,354,0.15738323107048768
dMMR,OS,placebo_chemo,comparator,Placebo + paclitaxel-carboplatin,dMMR_OS_placebo_chemo,lognormal,193.65284915742384,199.10762479484853,355,0.15697642078920104
dMMR,OS,placebo_chemo,comparator,Placebo + paclitaxel-carboplatin,dMMR_OS_placebo_chemo,lognormal,193.65284915742384,199.10762479484853,356,0.15657144427863223
dMMR,OS,placebo_chemo,comparator,Placebo + paclitaxel-carboplatin,dMMR_OS_placebo_chemo,lognormal,193.65284915742384,199.10762479484853,357,0.1561682893019547
dMMR,OS,placebo_chemo,comparator,Placebo + paclitaxel-carboplatin,dMMR_OS_placebo_chemo,lognormal,193.65284915742384,199.10762479484853,358,0.1557669437321385
dMMR,OS,placebo_chemo,comparator,Placebo + paclitaxel-carboplatin,dMMR_OS_placebo_chemo,lognormal,193.65284915742384,199.10762479484853,359,0.1553673955507049
dMMR,OS,placebo_chemo,comparator,Placebo + paclitaxel-carboplatin,dMMR_OS_placebo_chemo,lognormal,193.65284915742384,199.10762479484853,360,0.15496963284649556
dMMR,OS,pembro_chemo,intervention,Pembrolizumab + paclitaxel-carboplatin,dMMR_OS_pembro_chemo,exponential,102.26388058085176,104.98237945214686,0,1
dMMR,OS,pembro_chemo,intervention,Pembrolizumab + paclitaxel-carboplatin,dMMR_OS_pembro_chemo,exponential,102.26388058085176,104.98237945214686,1,0.9948516153201574
dMMR,OS,pembro_chemo,intervention,Pembrolizumab + paclitaxel-carboplatin,dMMR_OS_pembro_chemo,exponential,102.26388058085176,104.98237945214686,2,0.9897297365051265
dMMR,OS,pembro_chemo,intervention,Pembrolizumab + paclitaxel-carboplatin,dMMR_OS_pembro_chemo,exponential,102.26388058085176,104.98237945214686,3,0.9846342270925189
dMMR,OS,pembro_chemo,intervention,Pembrolizumab + paclitaxel-carboplatin,dMMR_OS_pembro_chemo,exponential,102.26388058085176,104.98237945214686,4,0.9795649513225072
dMMR,OS,pembro_chemo,intervention,Pembrolizumab + paclitaxel-carboplatin,dMMR_OS_pembro_chemo,exponential,102.26388058085176,104.98237945214686,5,0.9745217741342077
dMMR,OS,pembro_chemo,intervention,Pembrolizumab + paclitaxel-carboplatin,dMMR_OS_pembro_chemo,exponential,102.26388058085176,104.98237945214686,6,0.9695045611620822
dMMR,OS,pembro_chemo,intervention,Pembrolizumab + paclitaxel-carboplatin,dMMR_OS_pembro_chemo,exponential,102.26388058085176,104.98237945214686,7,0.9645131787323579
dMMR,OS,pembro_chemo,intervention,Pembrolizumab + paclitaxel-carboplatin,dMMR_OS_pembro_chemo,exponential,102.26388058085176,104.98237945214686,8,0.9595474938594659
dMMR,OS,pembro_chemo,intervention,Pembrolizumab + paclitaxel-carboplatin,dMMR_OS_pembro_chemo,exponential,102.26388058085176,104.98237945214686,9,0.9546073742424985
dMMR,OS,pembro_chemo,intervention,Pembrolizumab + paclitaxel-carboplatin,dMMR_OS_pembro_chemo,exponential,102.26388058085176,104.98237945214686,10,0.9496926882616837
dMMR,OS,pembro_chemo,intervention,Pembrolizumab + paclitaxel-carboplatin,dMMR_OS_pembro_chemo,exponential,102.26388058085176,104.98237945214686,11,0.9448033049748789
dMMR,OS,pembro_chemo,intervention,Pembrolizumab + paclitaxel-carboplatin,dMMR_OS_pembro_chemo,exponential,102.26388058085176,104.98237945214686,12,0.9399390941140815
dMMR,OS,pembro_chemo,intervention,Pembrolizumab + paclitaxel-carboplatin,dMMR_OS_pembro_chemo,exponential,102.26388058085176,104.98237945214686,13,0.9350999260819596
dMMR,OS,pembro_chemo,intervention,Pembrolizumab + paclitaxel-carboplatin,dMMR_OS_pembro_chemo,exponential,102.26388058085176,104.98237945214686,14,0.9302856719483973
dMMR,OS,pembro_chemo,intervention,Pembrolizumab + paclitaxel-carboplatin,dMMR_OS_pembro_chemo,exponential,102.26388058085176,104.98237945214686,15,0.9254962034470611
dMMR,OS,pembro_chemo,intervention,Pembrolizumab + paclitaxel-carboplatin,dMMR_OS_pembro_chemo,exponential,102.26388058085176,104.98237945214686,16,0.9207313929719818
dMMR,OS,pembro_chemo,intervention,Pembrolizumab + paclitaxel-carboplatin,dMMR_OS_pembro_chemo,exponential,102.26388058085176,104.98237945214686,17,0.9159911135741547
dMMR,OS,pembro_chemo,intervention,Pembrolizumab + paclitaxel-carboplatin,dMMR_OS_pembro_chemo,exponential,102.26388058085176,104.98237945214686,18,0.9112752389581578
dMMR,OS,pembro_chemo,intervention,Pembrolizumab + paclitaxel-carboplatin,dMMR_OS_pembro_chemo,exponential,102.26388058085176,104.98237945214686,19,0.9065836434787857
dMMR,OS,pembro_chemo,intervention,Pembrolizumab + paclitaxel-carboplatin,dMMR_OS_pembro_chemo,exponential,102.26388058085176,104.98237945214686,20,0.9019162021377036
dMMR,OS,pembro_chemo,intervention,Pembrolizumab + paclitaxel-carboplatin,dMMR_OS_pembro_chemo,exponential,102.26388058085176,104.98237945214686,21,0.8972727905801161
dMMR,OS,pembro_chemo,intervention,Pembrolizumab + paclitaxel-carboplatin,dMMR_OS_pembro_chemo,exponential,102.26388058085176,104.98237945214686,22,0.8926532850914539
dMMR,OS,pembro_chemo,intervention,Pembrolizumab + paclitaxel-carboplatin,dMMR_OS_pembro_chemo,exponential,102.26388058085176,104.98237945214686,23,0.888057562594078
dMMR,OS,pembro_chemo,intervention,Pembrolizumab + paclitaxel-carboplatin,dMMR_OS_pembro_chemo,exponential,102.26388058085176,104.98237945214686,24,0.8834855006440002
dMMR,OS,pembro_chemo,intervention,Pembrolizumab + paclitaxel-carboplatin,dMMR_OS_pembro_chemo,exponential,102.26388058085176,104.98237945214686,25,0.8789369774276217
dMMR,OS,pembro_chemo,intervention,Pembrolizumab + paclitaxel-carboplatin,dMMR_OS_pembro_chemo,exponential,102.26388058085176,104.98237945214686,26,0.8744118717584862
dMMR,OS,pembro_chemo,intervention,Pembrolizumab + paclitaxel-carboplatin,dMMR_OS_pembro_chemo,exponential,102.26388058085176,104.98237945214686,27,0.8699100630740524
dMMR,OS,pembro_chemo,intervention,Pembrolizumab + paclitaxel-carboplatin,dMMR_OS_pembro_chemo,exponential,102.26388058085176,104.98237945214686,28,0.865431431432481
dMMR,OS,pembro_chemo,intervention,Pembrolizumab + paclitaxel-carboplatin,dMMR_OS_pembro_chemo,exponential,102.26388058085176,104.98237945214686,29,0.8609758575094398
dMMR,OS,pembro_chemo,intervention,Pembrolizumab + paclitaxel-carboplatin,dMMR_OS_pembro_chemo,exponential,102.26388058085176,104.98237945214686,30,0.856543222594924
dMMR,OS,pembro_chemo,intervention,Pembrolizumab + paclitaxel-carboplatin,dMMR_OS_pembro_chemo,exponential,102.26388058085176,104.98237945214686,31,0.8521334085900933
dMMR,OS,pembro_chemo,intervention,Pembrolizumab + paclitaxel-carboplatin,dMMR_OS_pembro_chemo,exponential,102.26388058085176,104.98237945214686,32,0.847746298004126
dMMR,OS,pembro_chemo,intervention,Pembrolizumab + paclitaxel-carboplatin,dMMR_OS_pembro_chemo,exponential,102.26388058085176,104.98237945214686,33,0.8433817739510884
dMMR,OS,pembro_chemo,intervention,Pembrolizumab + paclitaxel-carboplatin,dMMR_OS_pembro_chemo,exponential,102.26388058085176,104.98237945214686,34,0.8390397201468202
dMMR,OS,pembro_chemo,intervention,Pembrolizumab + paclitaxel-carboplatin,dMMR_OS_pembro_chemo,exponential,102.26388058085176,104.98237945214686,35,0.8347200209058369
dMMR,OS,pembro_chemo,intervention,Pembrolizumab + paclitaxel-carboplatin,dMMR_OS_pembro_chemo,exponential,102.26388058085176,104.98237945214686,36,0.8304225611382474
dMMR,OS,pembro_chemo,intervention,Pembrolizumab + paclitaxel-carboplatin,dMMR_OS_pembro_chemo,exponential,102.26388058085176,104.98237945214686,37,0.8261472263466877
dMMR,OS,pembro_chemo,intervention,Pembrolizumab + paclitaxel-carboplatin,dMMR_OS_pembro_chemo,exponential,102.26388058085176,104.98237945214686,38,0.82189390262327
dMMR,OS,pembro_chemo,intervention,Pembrolizumab + paclitaxel-carboplatin,dMMR_OS_pembro_chemo,exponential,102.26388058085176,104.98237945214686,39,0.8176624766465483
dMMR,OS,pembro_chemo,intervention,Pembrolizumab + paclitaxel-carboplatin,dMMR_OS_pembro_chemo,exponential,102.26388058085176,104.98237945214686,40,0.8134528356784991
dMMR,OS,pembro_chemo,intervention,Pembrolizumab + paclitaxel-carboplatin,dMMR_OS_pembro_chemo,exponential,102.26388058085176,104.98237945214686,41,0.8092648675615175
dMMR,OS,pembro_chemo,intervention,Pembrolizumab + paclitaxel-carboplatin,dMMR_OS_pembro_chemo,exponential,102.26388058085176,104.98237945214686,42,0.805098460715429
dMMR,OS,pembro_chemo,intervention,Pembrolizumab + paclitaxel-carboplatin,dMMR_OS_pembro_chemo,exponential,102.26388058085176,104.98237945214686,43,0.8009535041345168
dMMR,OS,pembro_chemo,intervention,Pembrolizumab + paclitaxel-carboplatin,dMMR_OS_pembro_chemo,exponential,102.26388058085176,104.98237945214686,44,0.7968298873845645
dMMR,OS,pembro_chemo,intervention,Pembrolizumab + paclitaxel-carboplatin,dMMR_OS_pembro_chemo,exponential,102.26388058085176,104.98237945214686,45,0.7927275005999131
dMMR,OS,pembro_chemo,intervention,Pembrolizumab + paclitaxel-carboplatin,dMMR_OS_pembro_chemo,exponential,102.26388058085176,104.98237945214686,46,0.7886462344805346
dMMR,OS,pembro_chemo,intervention,Pembrolizumab + paclitaxel-carboplatin,dMMR_OS_pembro_chemo,exponential,102.26388058085176,104.98237945214686,47,0.7845859802891195
dMMR,OS,pembro_chemo,intervention,Pembrolizumab + paclitaxel-carboplatin,dMMR_OS_pembro_chemo,exponential,102.26388058085176,104.98237945214686,48,0.7805466298481798
dMMR,OS,pembro_chemo,intervention,Pembrolizumab + paclitaxel-carboplatin,dMMR_OS_pembro_chemo,exponential,102.26388058085176,104.98237945214686,49,0.7765280755371667
dMMR,OS,pembro_chemo,intervention,Pembrolizumab + paclitaxel-carboplatin,dMMR_OS_pembro_chemo,exponential,102.26388058085176,104.98237945214686,50,0.7725302102896036
dMMR,OS,pembro_chemo,intervention,Pembrolizumab + paclitaxel-carboplatin,dMMR_OS_pembro_chemo,exponential,102.26388058085176,104.98237945214686,51,0.768552927590233
dMMR,OS,pembro_chemo,intervention,Pembrolizumab + paclitaxel-carboplatin,dMMR_OS_pembro_chemo,exponential,102.26388058085176,104.98237945214686,52,0.7645961214721793
dMMR,OS,pembro_chemo,intervention,Pembrolizumab + paclitaxel-carboplatin,dMMR_OS_pembro_chemo,exponential,102.26388058085176,104.98237945214686,53,0.7606596865141249
dMMR,OS,pembro_chemo,intervention,Pembrolizumab + paclitaxel-carboplatin,dMMR_OS_pembro_chemo,exponential,102.26388058085176,104.98237945214686,54,0.7567435178375017
dMMR,OS,pembro_chemo,intervention,Pembrolizumab + paclitaxel-carboplatin,dMMR_OS_pembro_chemo,exponential,102.26388058085176,104.98237945214686,55,0.752847511103697
dMMR,OS,pembro_chemo,intervention,Pembrolizumab + paclitaxel-carboplatin,dMMR_OS_pembro_chemo,exponential,102.26388058085176,104.98237945214686,56,0.7489715625112732
dMMR,OS,pembro_chemo,intervention,Pembrolizumab + paclitaxel-carboplatin,dMMR_OS_pembro_chemo,exponential,102.26388058085176,104.98237945214686,57,0.7451155687932024
dMMR,OS,pembro_chemo,intervention,Pembrolizumab + paclitaxel-carboplatin,dMMR_OS_pembro_chemo,exponential,102.26388058085176,104.98237945214686,58,0.7412794272141152
dMMR,OS,pembro_chemo,intervention,Pembrolizumab + paclitaxel-carboplatin,dMMR_OS_pembro_chemo,exponential,102.26388058085176,104.98237945214686,59,0.7374630355675638
dMMR,OS,pembro_chemo,intervention,Pembrolizumab + paclitaxel-carboplatin,dMMR_OS_pembro_chemo,exponential,102.26388058085176,104.98237945214686,60,0.7336662921732975
dMMR,OS,pembro_chemo,intervention,Pembrolizumab + paclitaxel-carboplatin,dMMR_OS_pembro_chemo,exponential,102.26388058085176,104.98237945214686,61,0.7298890958745556
dMMR,OS,pembro_chemo,intervention,Pembrolizumab + paclitaxel-carboplatin,dMMR_OS_pembro_chemo,exponential,102.26388058085176,104.98237945214686,62,0.7261313460353709
dMMR,OS,pembro_chemo,intervention,Pembrolizumab + paclitaxel-carboplatin,dMMR_OS_pembro_chemo,exponential,102.26388058085176,104.98237945214686,63,0.722392942537889
dMMR,OS,pembro_chemo,intervention,Pembrolizumab + paclitaxel-carboplatin,dMMR_OS_pembro_chemo,exponential,102.26388058085176,104.98237945214686,64,0.7186737857797005
dMMR,OS,pembro_chemo,intervention,Pembrolizumab + paclitaxel-carboplatin,dMMR_OS_pembro_chemo,exponential,102.26388058085176,104.98237945214686,65,0.7149737766711878
dMMR,OS,pembro_chemo,intervention,Pembrolizumab + paclitaxel-carboplatin,dMMR_OS_pembro_chemo,exponential,102.26388058085176,104.98237945214686,66,0.7112928166328847
dMMR,OS,pembro_chemo,intervention,Pembrolizumab + paclitaxel-carboplatin,dMMR_OS_pembro_chemo,exponential,102.26388058085176,104.98237945214686,67,0.7076308075928499
dMMR,OS,pembro_chemo,intervention,Pembrolizumab + paclitaxel-carboplatin,dMMR_OS_pembro_chemo,exponential,102.26388058085176,104.98237945214686,68,0.7039876519840542
dMMR,OS,pembro_chemo,intervention,Pembrolizumab + paclitaxel-carboplatin,dMMR_OS_pembro_chemo,exponential,102.26388058085176,104.98237945214686,69,0.7003632527417812
dMMR,OS,pembro_chemo,intervention,Pembrolizumab + paclitaxel-carboplatin,dMMR_OS_pembro_chemo,exponential,102.26388058085176,104.98237945214686,70,0.6967575133010409
dMMR,OS,pembro_chemo,intervention,Pembrolizumab + paclitaxel-carboplatin,dMMR_OS_pembro_chemo,exponential,102.26388058085176,104.98237945214686,71,0.6931703375939965
dMMR,OS,pembro_chemo,intervention,Pembrolizumab + paclitaxel-carboplatin,dMMR_OS_pembro_chemo,exponential,102.26388058085176,104.98237945214686,72,0.6896016300474063
dMMR,OS,pembro_chemo,intervention,Pembrolizumab + paclitaxel-carboplatin,dMMR_OS_pembro_chemo,exponential,102.26388058085176,104.98237945214686,73,0.6860512955800757
dMMR,OS,pembro_chemo,intervention,Pembrolizumab + paclitaxel-carboplatin,dMMR_OS_pembro_chemo,exponential,102.26388058085176,104.98237945214686,74,0.6825192396003252
dMMR,OS,pembro_chemo,intervention,Pembrolizumab + paclitaxel-carboplatin,dMMR_OS_pembro_chemo,exponential,102.26388058085176,104.98237945214686,75,0.6790053680034691
dMMR,OS,pembro_chemo,intervention,Pembrolizumab + paclitaxel-carboplatin,dMMR_OS_pembro_chemo,exponential,102.26388058085176,104.98237945214686,76,0.6755095871693092
dMMR,OS,pembro_chemo,intervention,Pembrolizumab + paclitaxel-carboplatin,dMMR_OS_pembro_chemo,exponential,102.26388058085176,104.98237945214686,77,0.6720318039596399
dMMR,OS,pembro_chemo,intervention,Pembrolizumab + paclitaxel-carboplatin,dMMR_OS_pembro_chemo,exponential,102.26388058085176,104.98237945214686,78,0.6685719257157672
dMMR,OS,pembro_chemo,intervention,Pembrolizumab + paclitaxel-carboplatin,dMMR_OS_pembro_chemo,exponential,102.26388058085176,104.98237945214686,79,0.6651298602560393
dMMR,OS,pembro_chemo,intervention,Pembrolizumab + paclitaxel-carboplatin,dMMR_OS_pembro_chemo,exponential,102.26388058085176,104.98237945214686,80,0.6617055158733913
dMMR,OS,pembro_chemo,intervention,Pembrolizumab + paclitaxel-carboplatin,dMMR_OS_pembro_chemo,exponential,102.26388058085176,104.98237945214686,81,0.6582988013329014
dMMR,OS,pembro_chemo,intervention,Pembrolizumab + paclitaxel-carboplatin,dMMR_OS_pembro_chemo,exponential,102.26388058085176,104.98237945214686,82,0.6549096258693604
dMMR,OS,pembro_chemo,intervention,Pembrolizumab + paclitaxel-carboplatin,dMMR_OS_pembro_chemo,exponential,102.26388058085176,104.98237945214686,83,0.6515378991848532
dMMR,OS,pembro_chemo,intervention,Pembrolizumab + paclitaxel-carboplatin,dMMR_OS_pembro_chemo,exponential,102.26388058085176,104.98237945214686,84,0.6481835314463531
dMMR,OS,pembro_chemo,intervention,Pembrolizumab + paclitaxel-carboplatin,dMMR_OS_pembro_chemo,exponential,102.26388058085176,104.98237945214686,85,0.6448464332833284
dMMR,OS,pembro_chemo,intervention,Pembrolizumab + paclitaxel-carboplatin,dMMR_OS_pembro_chemo,exponential,102.26388058085176,104.98237945214686,86,0.6415265157853615
dMMR,OS,pembro_chemo,intervention,Pembrolizumab + paclitaxel-carboplatin,dMMR_OS_pembro_chemo,exponential,102.26388058085176,104.98237945214686,87,0.6382236904997793
dMMR,OS,pembro_chemo,intervention,Pembrolizumab + paclitaxel-carboplatin,dMMR_OS_pembro_chemo,exponential,102.26388058085176,104.98237945214686,88,0.6349378694292978
dMMR,OS,pembro_chemo,intervention,Pembrolizumab + paclitaxel-carboplatin,dMMR_OS_pembro_chemo,exponential,102.26388058085176,104.98237945214686,89,0.6316689650296761
dMMR,OS,pembro_chemo,intervention,Pembrolizumab + paclitaxel-carboplatin,dMMR_OS_pembro_chemo,exponential,102.26388058085176,104.98237945214686,90,0.6284168902073852
dMMR,OS,pembro_chemo,intervention,Pembrolizumab + paclitaxel-carboplatin,dMMR_OS_pembro_chemo,exponential,102.26388058085176,104.98237945214686,91,0.6251815583172873
dMMR,OS,pembro_chemo,intervention,Pembrolizumab + paclitaxel-carboplatin,dMMR_OS_pembro_chemo,exponential,102.26388058085176,104.98237945214686,92,0.6219628831603264
dMMR,OS,pembro_chemo,intervention,Pembrolizumab + paclitaxel-carboplatin,dMMR_OS_pembro_chemo,exponential,102.26388058085176,104.98237945214686,93,0.618760778981233
dMMR,OS,pembro_chemo,intervention,Pembrolizumab + paclitaxel-carboplatin,dMMR_OS_pembro_chemo,exponential,102.26388058085176,104.98237945214686,94,0.6155751604662387
dMMR,OS,pembro_chemo,intervention,Pembrolizumab + paclitaxel-carboplatin,dMMR_OS_pembro_chemo,exponential,102.26388058085176,104.98237945214686,95,0.6124059427408026
dMMR,OS,pembro_chemo,intervention,Pembrolizumab + paclitaxel-carboplatin,dMMR_OS_pembro_chemo,exponential,102.26388058085176,104.98237945214686,96,0.6092530413673514
dMMR,OS,pembro_chemo,intervention,Pembrolizumab + paclitaxel-carboplatin,dMMR_OS_pembro_chemo,exponential,102.26388058085176,104.98237945214686,97,0.6061163723430283
dMMR,OS,pembro_chemo,intervention,Pembrolizumab + paclitaxel-carboplatin,dMMR_OS_pembro_chemo,exponential,102.26388058085176,104.98237945214686,98,0.6029958520974557
dMMR,OS,pembro_chemo,intervention,Pembrolizumab + paclitaxel-carboplatin,dMMR_OS_pembro_chemo,exponential,102.26388058085176,104.98237945214686,99,0.5998913974905085
dMMR,OS,pembro_chemo,intervention,Pembrolizumab + paclitaxel-carboplatin,dMMR_OS_pembro_chemo,exponential,102.26388058085176,104.98237945214686,100,0.5968029258100991
dMMR,OS,pembro_chemo,intervention,Pembrolizumab + paclitaxel-carboplatin,dMMR_OS_pembro_chemo,exponential,102.26388058085176,104.98237945214686,101,0.593730354769973
dMMR,OS,pembro_chemo,intervention,Pembrolizumab + paclitaxel-carboplatin,dMMR_OS_pembro_chemo,exponential,102.26388058085176,104.98237945214686,102,0.5906736025075179
dMMR,OS,pembro_chemo,intervention,Pembrolizumab + paclitaxel-carboplatin,dMMR_OS_pembro_chemo,exponential,102.26388058085176,104.98237945214686,103,0.5876325875815809
dMMR,OS,pembro_chemo,intervention,Pembrolizumab + paclitaxel-carboplatin,dMMR_OS_pembro_chemo,exponential,102.26388058085176,104.98237945214686,104,0.5846072289702995
dMMR,OS,pembro_chemo,intervention,Pembrolizumab + paclitaxel-carboplatin,dMMR_OS_pembro_chemo,exponential,102.26388058085176,104.98237945214686,105,0.5815974460689437
dMMR,OS,pembro_chemo,intervention,Pembrolizumab + paclitaxel-carboplatin,dMMR_OS_pembro_chemo,exponential,102.26388058085176,104.98237945214686,106,0.5786031586877668
dMMR,OS,pembro_chemo,intervention,Pembrolizumab + paclitaxel-carboplatin,dMMR_OS_pembro_chemo,exponential,102.26388058085176,104.98237945214686,107,0.5756242870498702
dMMR,OS,pembro_chemo,intervention,Pembrolizumab + paclitaxel-carboplatin,dMMR_OS_pembro_chemo,exponential,102.26388058085176,104.98237945214686,108,0.5726607517890774
dMMR,OS,pembro_chemo,intervention,Pembrolizumab + paclitaxel-carboplatin,dMMR_OS_pembro_chemo,exponential,102.26388058085176,104.98237945214686,109,0.5697124739478193
dMMR,OS,pembro_chemo,intervention,Pembrolizumab + paclitaxel-carboplatin,dMMR_OS_pembro_chemo,exponential,102.26388058085176,104.98237945214686,110,0.5667793749750312
dMMR,OS,pembro_chemo,intervention,Pembrolizumab + paclitaxel-carboplatin,dMMR_OS_pembro_chemo,exponential,102.26388058085176,104.98237945214686,111,0.563861376724059
dMMR,OS,pembro_chemo,intervention,Pembrolizumab + paclitaxel-carboplatin,dMMR_OS_pembro_chemo,exponential,102.26388058085176,104.98237945214686,112,0.560958401450578
dMMR,OS,pembro_chemo,intervention,Pembrolizumab + paclitaxel-carboplatin,dMMR_OS_pembro_chemo,exponential,102.26388058085176,104.98237945214686,113,0.5580703718105208
dMMR,OS,pembro_chemo,intervention,Pembrolizumab + paclitaxel-carboplatin,dMMR_OS_pembro_chemo,exponential,102.26388058085176,104.98237945214686,114,0.5551972108580174
dMMR,OS,pembro_chemo,intervention,Pembrolizumab + paclitaxel-carboplatin,dMMR_OS_pembro_chemo,exponential,102.26388058085176,104.98237945214686,115,0.5523388420433448
dMMR,OS,pembro_chemo,intervention,Pembrolizumab + paclitaxel-carboplatin,dMMR_OS_pembro_chemo,exponential,102.26388058085176,104.98237945214686,116,0.5494951892108868
dMMR,OS,pembro_chemo,intervention,Pembrolizumab + paclitaxel-carboplatin,dMMR_OS_pembro_chemo,exponential,102.26388058085176,104.98237945214686,117,0.5466661765971064
dMMR,OS,pembro_chemo,intervention,Pembrolizumab + paclitaxel-carboplatin,dMMR_OS_pembro_chemo,exponential,102.26388058085176,104.98237945214686,118,0.5438517288285257
dMMR,OS,pembro_chemo,intervention,Pembrolizumab + paclitaxel-carboplatin,dMMR_OS_pembro_chemo,exponential,102.26388058085176,104.98237945214686,119,0.541051770919719
dMMR,OS,pembro_chemo,intervention,Pembrolizumab + paclitaxel-carboplatin,dMMR_OS_pembro_chemo,exponential,102.26388058085176,104.98237945214686,120,0.5382662282713142
dMMR,OS,pembro_chemo,intervention,Pembrolizumab + paclitaxel-carboplatin,dMMR_OS_pembro_chemo,exponential,102.26388058085176,104.98237945214686,121,0.5354950266680056
dMMR,OS,pembro_chemo,intervention,Pembrolizumab + paclitaxel-carboplatin,dMMR_OS_pembro_chemo,exponential,102.26388058085176,104.98237945214686,122,0.5327380922765762
dMMR,OS,pembro_chemo,intervention,Pembrolizumab + paclitaxel-carboplatin,dMMR_OS_pembro_chemo,exponential,102.26388058085176,104.98237945214686,123,0.5299953516439309
dMMR,OS,pembro_chemo,intervention,Pembrolizumab + paclitaxel-carboplatin,dMMR_OS_pembro_chemo,exponential,102.26388058085176,104.98237945214686,124,0.5272667316951395
dMMR,OS,pembro_chemo,intervention,Pembrolizumab + paclitaxel-carboplatin,dMMR_OS_pembro_chemo,exponential,102.26388058085176,104.98237945214686,125,0.5245521597314896
dMMR,OS,pembro_chemo,intervention,Pembrolizumab + paclitaxel-carboplatin,dMMR_OS_pembro_chemo,exponential,102.26388058085176,104.98237945214686,126,0.5218515634285497
dMMR,OS,pembro_chemo,intervention,Pembrolizumab + paclitaxel-carboplatin,dMMR_OS_pembro_chemo,exponential,102.26388058085176,104.98237945214686,127,0.5191648708342422
dMMR,OS,pembro_chemo,intervention,Pembrolizumab + paclitaxel-carboplatin,dMMR_OS_pembro_chemo,exponential,102.26388058085176,104.98237945214686,128,0.5164920103669268
dMMR,OS,pembro_chemo,intervention,Pembrolizumab + paclitaxel-carboplatin,dMMR_OS_pembro_chemo,exponential,102.26388058085176,104.98237945214686,129,0.5138329108134927
dMMR,OS,pembro_chemo,intervention,Pembrolizumab + paclitaxel-carboplatin,dMMR_OS_pembro_chemo,exponential,102.26388058085176,104.98237945214686,130,0.5111875013274616
dMMR,OS,pembro_chemo,intervention,Pembrolizumab + paclitaxel-carboplatin,dMMR_OS_pembro_chemo,exponential,102.26388058085176,104.98237945214686,131,0.5085557114271002
dMMR,OS,pembro_chemo,intervention,Pembrolizumab + paclitaxel-carboplatin,dMMR_OS_pembro_chemo,exponential,102.26388058085176,104.98237945214686,132,0.5059374709935426
dMMR,OS,pembro_chemo,intervention,Pembrolizumab + paclitaxel-carboplatin,dMMR_OS_pembro_chemo,exponential,102.26388058085176,104.98237945214686,133,0.5033327102689211
dMMR,OS,pembro_chemo,intervention,Pembrolizumab + paclitaxel-carboplatin,dMMR_OS_pembro_chemo,exponential,102.26388058085176,104.98237945214686,134,0.500741359854509
dMMR,OS,pembro_chemo,intervention,Pembrolizumab + paclitaxel-carboplatin,dMMR_OS_pembro_chemo,exponential,102.26388058085176,104.98237945214686,135,0.4981633507088705
dMMR,OS,pembro_chemo,intervention,Pembrolizumab + paclitaxel-carboplatin,dMMR_OS_pembro_chemo,exponential,102.26388058085176,104.98237945214686,136,0.4955986141460219
dMMR,OS,pembro_chemo,intervention,Pembrolizumab + paclitaxel-carboplatin,dMMR_OS_pembro_chemo,exponential,102.26388058085176,104.98237945214686,137,0.49304708183360135
dMMR,OS,pembro_chemo,intervention,Pembrolizumab + paclitaxel-carboplatin,dMMR_OS_pembro_chemo,exponential,102.26388058085176,104.98237945214686,138,0.4905086857910481
dMMR,OS,pembro_chemo,intervention,Pembrolizumab + paclitaxel-carboplatin,dMMR_OS_pembro_chemo,exponential,102.26388058085176,104.98237945214686,139,0.48798335838779183
dMMR,OS,pembro_chemo,intervention,Pembrolizumab + paclitaxel-carboplatin,dMMR_OS_pembro_chemo,exponential,102.26388058085176,104.98237945214686,140,0.48547103234145006
dMMR,OS,pembro_chemo,intervention,Pembrolizumab + paclitaxel-carboplatin,dMMR_OS_pembro_chemo,exponential,102.26388058085176,104.98237945214686,141,0.48297164071603593
dMMR,OS,pembro_chemo,intervention,Pembrolizumab + paclitaxel-carboplatin,dMMR_OS_pembro_chemo,exponential,102.26388058085176,104.98237945214686,142,0.48048511692017504
dMMR,OS,pembro_chemo,intervention,Pembrolizumab + paclitaxel-carboplatin,dMMR_OS_pembro_chemo,exponential,102.26388058085176,104.98237945214686,143,0.47801139470533094
dMMR,OS,pembro_chemo,intervention,Pembrolizumab + paclitaxel-carboplatin,dMMR_OS_pembro_chemo,exponential,102.26388058085176,104.98237945214686,144,0.4755504081640398
dMMR,OS,pembro_chemo,intervention,Pembrolizumab + paclitaxel-carboplatin,dMMR_OS_pembro_chemo,exponential,102.26388058085176,104.98237945214686,145,0.4731020917281552
dMMR,OS,pembro_chemo,intervention,Pembrolizumab + paclitaxel-carboplatin,dMMR_OS_pembro_chemo,exponential,102.26388058085176,104.98237945214686,146,0.4706663801671005
dMMR,OS,pembro_chemo,intervention,Pembrolizumab + paclitaxel-carboplatin,dMMR_OS_pembro_chemo,exponential,102.26388058085176,104.98237945214686,147,0.4682432085861312
dMMR,OS,pembro_chemo,intervention,Pembrolizumab + paclitaxel-carboplatin,dMMR_OS_pembro_chemo,exponential,102.26388058085176,104.98237945214686,148,0.4658325124246061
dMMR,OS,pembro_chemo,intervention,Pembrolizumab + paclitaxel-carboplatin,dMMR_OS_pembro_chemo,exponential,102.26388058085176,104.98237945214686,149,0.46343422745426666
dMMR,OS,pembro_chemo,intervention,Pembrolizumab + paclitaxel-carboplatin,dMMR_OS_pembro_chemo,exponential,102.26388058085176,104.98237945214686,150,0.46104828977752643
dMMR,OS,pembro_chemo,intervention,Pembrolizumab + paclitaxel-carboplatin,dMMR_OS_pembro_chemo,exponential,102.26388058085176,104.98237945214686,151,0.4586746358257683
dMMR,OS,pembro_chemo,intervention,Pembrolizumab + paclitaxel-carboplatin,dMMR_OS_pembro_chemo,exponential,102.26388058085176,104.98237945214686,152,0.4563132023576505
dMMR,OS,pembro_chemo,intervention,Pembrolizumab + paclitaxel-carboplatin,dMMR_OS_pembro_chemo,exponential,102.26388058085176,104.98237945214686,153,0.45396392645742245
dMMR,OS,pembro_chemo,intervention,Pembrolizumab + paclitaxel-carboplatin,dMMR_OS_pembro_chemo,exponential,102.26388058085176,104.98237945214686,154,0.4516267455332479
dMMR,OS,pembro_chemo,intervention,Pembrolizumab + paclitaxel-carboplatin,dMMR_OS_pembro_chemo,exponential,102.26388058085176,104.98237945214686,155,0.4493015973155374
dMMR,OS,pembro_chemo,intervention,Pembrolizumab + paclitaxel-carboplatin,dMMR_OS_pembro_chemo,exponential,102.26388058085176,104.98237945214686,156,0.44698841985528937
dMMR,OS,pembro_chemo,intervention,Pembrolizumab + paclitaxel-carboplatin,dMMR_OS_pembro_chemo,exponential,102.26388058085176,104.98237945214686,157,0.4446871515224393
dMMR,OS,pembro_chemo,intervention,Pembrolizumab + paclitaxel-carboplatin,dMMR_OS_pembro_chemo,exponential,102.26388058085176,104.98237945214686,158,0.4423977310042183
dMMR,OS,pembro_chemo,intervention,Pembrolizumab + paclitaxel-carboplatin,dMMR_OS_pembro_chemo,exponential,102.26388058085176,104.98237945214686,159,0.4401200973035191
dMMR,OS,pembro_chemo,intervention,Pembrolizumab + paclitaxel-carboplatin,dMMR_OS_pembro_chemo,exponential,102.26388058085176,104.98237945214686,160,0.43785418973727086
dMMR,OS,pembro_chemo,intervention,Pembrolizumab + paclitaxel-carboplatin,dMMR_OS_pembro_chemo,exponential,102.26388058085176,104.98237945214686,161,0.4355999479348227
dMMR,OS,pembro_chemo,intervention,Pembrolizumab + paclitaxel-carboplatin,dMMR_OS_pembro_chemo,exponential,102.26388058085176,104.98237945214686,162,0.43335731183633475
dMMR,OS,pembro_chemo,intervention,Pembrolizumab + paclitaxel-carboplatin,dMMR_OS_pembro_chemo,exponential,102.26388058085176,104.98237945214686,163,0.43112622169117887
dMMR,OS,pembro_chemo,intervention,Pembrolizumab + paclitaxel-carboplatin,dMMR_OS_pembro_chemo,exponential,102.26388058085176,104.98237945214686,164,0.42890661805634567
dMMR,OS,pembro_chemo,intervention,Pembrolizumab + paclitaxel-carboplatin,dMMR_OS_pembro_chemo,exponential,102.26388058085176,104.98237945214686,165,0.42669844179486127
dMMR,OS,pembro_chemo,intervention,Pembrolizumab + paclitaxel-carboplatin,dMMR_OS_pembro_chemo,exponential,102.26388058085176,104.98237945214686,166,0.4245016340742118
dMMR,OS,pembro_chemo,intervention,Pembrolizumab + paclitaxel-carboplatin,dMMR_OS_pembro_chemo,exponential,102.26388058085176,104.98237945214686,167,0.42231613636477605
dMMR,OS,pembro_chemo,intervention,Pembrolizumab + paclitaxel-carboplatin,dMMR_OS_pembro_chemo,exponential,102.26388058085176,104.98237945214686,168,0.42014189043826544
dMMR,OS,pembro_chemo,intervention,Pembrolizumab + paclitaxel-carboplatin,dMMR_OS_pembro_chemo,exponential,102.26388058085176,104.98237945214686,169,0.4179788383661729
dMMR,OS,pembro_chemo,intervention,Pembrolizumab + paclitaxel-carboplatin,dMMR_OS_pembro_chemo,exponential,102.26388058085176,104.98237945214686,170,0.41582692251823017
dMMR,OS,pembro_chemo,intervention,Pembrolizumab + paclitaxel-carboplatin,dMMR_OS_pembro_chemo,exponential,102.26388058085176,104.98237945214686,171,0.41368608556087116
dMMR,OS,pembro_chemo,intervention,Pembrolizumab + paclitaxel-carboplatin,dMMR_OS_pembro_chemo,exponential,102.26388058085176,104.98237945214686,172,0.41155627045570564
dMMR,OS,pembro_chemo,intervention,Pembrolizumab + paclitaxel-carboplatin,dMMR_OS_pembro_chemo,exponential,102.26388058085176,104.98237945214686,173,0.40943742045799825
dMMR,OS,pembro_chemo,intervention,Pembrolizumab + paclitaxel-carboplatin,dMMR_OS_pembro_chemo,exponential,102.26388058085176,104.98237945214686,174,0.40732947911515804
dMMR,OS,pembro_chemo,intervention,Pembrolizumab + paclitaxel-carboplatin,dMMR_OS_pembro_chemo,exponential,102.26388058085176,104.98237945214686,175,0.4052323902652334
dMMR,OS,pembro_chemo,intervention,Pembrolizumab + paclitaxel-carboplatin,dMMR_OS_pembro_chemo,exponential,102.26388058085176,104.98237945214686,176,0.4031460980354159
dMMR,OS,pembro_chemo,intervention,Pembrolizumab + paclitaxel-carboplatin,dMMR_OS_pembro_chemo,exponential,102.26388058085176,104.98237945214686,177,0.401070546840552
dMMR,OS,pembro_chemo,intervention,Pembrolizumab + paclitaxel-carboplatin,dMMR_OS_pembro_chemo,exponential,102.26388058085176,104.98237945214686,178,0.39900568138166204
dMMR,OS,pembro_chemo,intervention,Pembrolizumab + paclitaxel-carboplatin,dMMR_OS_pembro_chemo,exponential,102.26388058085176,104.98237945214686,179,0.3969514466444666
dMMR,OS,pembro_chemo,intervention,Pembrolizumab + paclitaxel-carboplatin,dMMR_OS_pembro_chemo,exponential,102.26388058085176,104.98237945214686,180,0.3949077878979209
dMMR,OS,pembro_chemo,intervention,Pembrolizumab + paclitaxel-carboplatin,dMMR_OS_pembro_chemo,exponential,102.26388058085176,104.98237945214686,181,0.39287465069275673
dMMR,OS,pembro_chemo,intervention,Pembrolizumab + paclitaxel-carboplatin,dMMR_OS_pembro_chemo,exponential,102.26388058085176,104.98237945214686,182,0.3908519808600316
dMMR,OS,pembro_chemo,intervention,Pembrolizumab + paclitaxel-carboplatin,dMMR_OS_pembro_chemo,exponential,102.26388058085176,104.98237945214686,183,0.38883972450968574
dMMR,OS,pembro_chemo,intervention,Pembrolizumab + paclitaxel-carboplatin,dMMR_OS_pembro_chemo,exponential,102.26388058085176,104.98237945214686,184,0.3868378280291058
dMMR,OS,pembro_chemo,intervention,Pembrolizumab + paclitaxel-carboplatin,dMMR_OS_pembro_chemo,exponential,102.26388058085176,104.98237945214686,185,0.38484623808169727
dMMR,OS,pembro_chemo,intervention,Pembrolizumab + paclitaxel-carboplatin,dMMR_OS_pembro_chemo,exponential,102.26388058085176,104.98237945214686,186,0.3828649016054624
dMMR,OS,pembro_chemo,intervention,Pembrolizumab + paclitaxel-carboplatin,dMMR_OS_pembro_chemo,exponential,102.26388058085176,104.98237945214686,187,0.3808937658115874
dMMR,OS,pembro_chemo,intervention,Pembrolizumab + paclitaxel-carboplatin,dMMR_OS_pembro_chemo,exponential,102.26388058085176,104.98237945214686,188,0.3789327781830355
dMMR,OS,pembro_chemo,intervention,Pembrolizumab + paclitaxel-carboplatin,dMMR_OS_pembro_chemo,exponential,102.26388058085176,104.98237945214686,189,0.3769818864731478
dMMR,OS,pembro_chemo,intervention,Pembrolizumab + paclitaxel-carboplatin,dMMR_OS_pembro_chemo,exponential,102.26388058085176,104.98237945214686,190,0.3750410387042513
dMMR,OS,pembro_chemo,intervention,Pembrolizumab + paclitaxel-carboplatin,dMMR_OS_pembro_chemo,exponential,102.26388058085176,104.98237945214686,191,0.3731101831662741
dMMR,OS,pembro_chemo,intervention,Pembrolizumab + paclitaxel-carboplatin,dMMR_OS_pembro_chemo,exponential,102.26388058085176,104.98237945214686,192,0.3711892684153676
dMMR,OS,pembro_chemo,intervention,Pembrolizumab + paclitaxel-carboplatin,dMMR_OS_pembro_chemo,exponential,102.26388058085176,104.98237945214686,193,0.369278243272536
dMMR,OS,pembro_chemo,intervention,Pembrolizumab + paclitaxel-carboplatin,dMMR_OS_pembro_chemo,exponential,102.26388058085176,104.98237945214686,194,0.3673770568222724
dMMR,OS,pembro_chemo,intervention,Pembrolizumab + paclitaxel-carboplatin,dMMR_OS_pembro_chemo,exponential,102.26388058085176,104.98237945214686,195,0.36548565841120306
dMMR,OS,pembro_chemo,intervention,Pembrolizumab + paclitaxel-carboplatin,dMMR_OS_pembro_chemo,exponential,102.26388058085176,104.98237945214686,196,0.3636039976467367
dMMR,OS,pembro_chemo,intervention,Pembrolizumab + paclitaxel-carboplatin,dMMR_OS_pembro_chemo,exponential,102.26388058085176,104.98237945214686,197,0.3617320243957227
dMMR,OS,pembro_chemo,intervention,Pembrolizumab + paclitaxel-carboplatin,dMMR_OS_pembro_chemo,exponential,102.26388058085176,104.98237945214686,198,0.3598696887831153
dMMR,OS,pembro_chemo,intervention,Pembrolizumab + paclitaxel-carboplatin,dMMR_OS_pembro_chemo,exponential,102.26388058085176,104.98237945214686,199,0.35801694119064464
dMMR,OS,pembro_chemo,intervention,Pembrolizumab + paclitaxel-carboplatin,dMMR_OS_pembro_chemo,exponential,102.26388058085176,104.98237945214686,200,0.35617373225549454
dMMR,OS,pembro_chemo,intervention,Pembrolizumab + paclitaxel-carboplatin,dMMR_OS_pembro_chemo,exponential,102.26388058085176,104.98237945214686,201,0.3543400128689881
dMMR,OS,pembro_chemo,intervention,Pembrolizumab + paclitaxel-carboplatin,dMMR_OS_pembro_chemo,exponential,102.26388058085176,104.98237945214686,202,0.35251573417527815
dMMR,OS,pembro_chemo,intervention,Pembrolizumab + paclitaxel-carboplatin,dMMR_OS_pembro_chemo,exponential,102.26388058085176,104.98237945214686,203,0.3507008475700467
dMMR,OS,pembro_chemo,intervention,Pembrolizumab + paclitaxel-carboplatin,dMMR_OS_pembro_chemo,exponential,102.26388058085176,104.98237945214686,204,0.34889530469920926
dMMR,OS,pembro_chemo,intervention,Pembrolizumab + paclitaxel-carboplatin,dMMR_OS_pembro_chemo,exponential,102.26388058085176,104.98237945214686,205,0.3470990574576269
dMMR,OS,pembro_chemo,intervention,Pembrolizumab + paclitaxel-carboplatin,dMMR_OS_pembro_chemo,exponential,102.26388058085176,104.98237945214686,206,0.3453120579878243
dMMR,OS,pembro_chemo,intervention,Pembrolizumab + paclitaxel-carboplatin,dMMR_OS_pembro_chemo,exponential,102.26388058085176,104.98237945214686,207,0.3435342586787148
dMMR,OS,pembro_chemo,intervention,Pembrolizumab + paclitaxel-carboplatin,dMMR_OS_pembro_chemo,exponential,102.26388058085176,104.98237945214686,208,0.3417656121643322
dMMR,OS,pembro_chemo,intervention,Pembrolizumab + paclitaxel-carboplatin,dMMR_OS_pembro_chemo,exponential,102.26388058085176,104.98237945214686,209,0.34000607132256844
dMMR,OS,pembro_chemo,intervention,Pembrolizumab + paclitaxel-carboplatin,dMMR_OS_pembro_chemo,exponential,102.26388058085176,104.98237945214686,210,0.33825558927391786
dMMR,OS,pembro_chemo,intervention,Pembrolizumab + paclitaxel-carboplatin,dMMR_OS_pembro_chemo,exponential,102.26388058085176,104.98237945214686,211,0.3365141193802289
dMMR,OS,pembro_chemo,intervention,Pembrolizumab + paclitaxel-carboplatin,dMMR_OS_pembro_chemo,exponential,102.26388058085176,104.98237945214686,212,0.33478161524346106
dMMR,OS,pembro_chemo,intervention,Pembrolizumab + paclitaxel-carboplatin,dMMR_OS_pembro_chemo,exponential,102.26388058085176,104.98237945214686,213,0.3330580307044486
dMMR,OS,pembro_chemo,intervention,Pembrolizumab + paclitaxel-carboplatin,dMMR_OS_pembro_chemo,exponential,102.26388058085176,104.98237945214686,214,0.3313433198416713
dMMR,OS,pembro_chemo,intervention,Pembrolizumab + paclitaxel-carboplatin,dMMR_OS_pembro_chemo,exponential,102.26388058085176,104.98237945214686,215,0.32963743697003034
dMMR,OS,pembro_chemo,intervention,Pembrolizumab + paclitaxel-carboplatin,dMMR_OS_pembro_chemo,exponential,102.26388058085176,104.98237945214686,216,0.3279403366396312
dMMR,OS,pembro_chemo,intervention,Pembrolizumab + paclitaxel-carboplatin,dMMR_OS_pembro_chemo,exponential,102.26388058085176,104.98237945214686,217,0.32625197363457337
dMMR,OS,pembro_chemo,intervention,Pembrolizumab + paclitaxel-carboplatin,dMMR_OS_pembro_chemo,exponential,102.26388058085176,104.98237945214686,218,0.32457230297174466
dMMR,OS,pembro_chemo,intervention,Pembrolizumab + paclitaxel-carboplatin,dMMR_OS_pembro_chemo,exponential,102.26388058085176,104.98237945214686,219,0.3229012798996238
dMMR,OS,pembro_chemo,intervention,Pembrolizumab + paclitaxel-carboplatin,dMMR_OS_pembro_chemo,exponential,102.26388058085176,104.98237945214686,220,0.321238859897087
dMMR,OS,pembro_chemo,intervention,Pembrolizumab + paclitaxel-carboplatin,dMMR_OS_pembro_chemo,exponential,102.26388058085176,104.98237945214686,221,0.3195849986722228
dMMR,OS,pembro_chemo,intervention,Pembrolizumab + paclitaxel-carboplatin,dMMR_OS_pembro_chemo,exponential,102.26388058085176,104.98237945214686,222,0.31793965216115117
dMMR,OS,pembro_chemo,intervention,Pembrolizumab + paclitaxel-carboplatin,dMMR_OS_pembro_chemo,exponential,102.26388058085176,104.98237945214686,223,0.31630277652685024
dMMR,OS,pembro_chemo,intervention,Pembrolizumab + paclitaxel-carboplatin,dMMR_OS_pembro_chemo,exponential,102.26388058085176,104.98237945214686,224,0.3146743281579878
dMMR,OS,pembro_chemo,intervention,Pembrolizumab + paclitaxel-carboplatin,dMMR_OS_pembro_chemo,exponential,102.26388058085176,104.98237945214686,225,0.31305426366775935
dMMR,OS,pembro_chemo,intervention,Pembrolizumab + paclitaxel-carboplatin,dMMR_OS_pembro_chemo,exponential,102.26388058085176,104.98237945214686,226,0.31144253989273296
dMMR,OS,pembro_chemo,intervention,Pembrolizumab + paclitaxel-carboplatin,dMMR_OS_pembro_chemo,exponential,102.26388058085176,104.98237945214686,227,0.30983911389169794
dMMR,OS,pembro_chemo,intervention,Pembrolizumab + paclitaxel-carboplatin,dMMR_OS_pembro_chemo,exponential,102.26388058085176,104.98237945214686,228,0.30824394294452195
dMMR,OS,pembro_chemo,intervention,Pembrolizumab + paclitaxel-carboplatin,dMMR_OS_pembro_chemo,exponential,102.26388058085176,104.98237945214686,229,0.3066569845510121
dMMR,OS,pembro_chemo,intervention,Pembrolizumab + paclitaxel-carboplatin,dMMR_OS_pembro_chemo,exponential,102.26388058085176,104.98237945214686,230,0.30507819642978296
dMMR,OS,pembro_chemo,intervention,Pembrolizumab + paclitaxel-carboplatin,dMMR_OS_pembro_chemo,exponential,102.26388058085176,104.98237945214686,231,0.3035075365171299
dMMR,OS,pembro_chemo,intervention,Pembrolizumab + paclitaxel-carboplatin,dMMR_OS_pembro_chemo,exponential,102.26388058085176,104.98237945214686,232,0.30194496296590834
dMMR,OS,pembro_chemo,intervention,Pembrolizumab + paclitaxel-carboplatin,dMMR_OS_pembro_chemo,exponential,102.26388058085176,104.98237945214686,233,0.300390434144419
dMMR,OS,pembro_chemo,intervention,Pembrolizumab + paclitaxel-carboplatin,dMMR_OS_pembro_chemo,exponential,102.26388058085176,104.98237945214686,234,0.29884390863529864
dMMR,OS,pembro_chemo,intervention,Pembrolizumab + paclitaxel-carboplatin,dMMR_OS_pembro_chemo,exponential,102.26388058085176,104.98237945214686,235,0.2973053452344163
dMMR,OS,pembro_chemo,intervention,Pembrolizumab + paclitaxel-carboplatin,dMMR_OS_pembro_chemo,exponential,102.26388058085176,104.98237945214686,236,0.29577470294977626
dMMR,OS,pembro_chemo,intervention,Pembrolizumab + paclitaxel-carboplatin,dMMR_OS_pembro_chemo,exponential,102.26388058085176,104.98237945214686,237,0.2942519410004246
dMMR,OS,pembro_chemo,intervention,Pembrolizumab + paclitaxel-carboplatin,dMMR_OS_pembro_chemo,exponential,102.26388058085176,104.98237945214686,238,0.29273701881536407
dMMR,OS,pembro_chemo,intervention,Pembrolizumab + paclitaxel-carboplatin,dMMR_OS_pembro_chemo,exponential,102.26388058085176,104.98237945214686,239,0.2912298960324723
dMMR,OS,pembro_chemo,intervention,Pembrolizumab + paclitaxel-carboplatin,dMMR_OS_pembro_chemo,exponential,102.26388058085176,104.98237945214686,240,0.28973053249742653
dMMR,OS,pembro_chemo,intervention,Pembrolizumab + paclitaxel-carboplatin,dMMR_OS_pembro_chemo,exponential,102.26388058085176,104.98237945214686,241,0.2882388882626342
dMMR,OS,pembro_chemo,intervention,Pembrolizumab + paclitaxel-carboplatin,dMMR_OS_pembro_chemo,exponential,102.26388058085176,104.98237945214686,242,0.28675492358616805
dMMR,OS,pembro_chemo,intervention,Pembrolizumab + paclitaxel-carboplatin,dMMR_OS_pembro_chemo,exponential,102.26388058085176,104.98237945214686,243,0.2852785989307075
dMMR,OS,pembro_chemo,intervention,Pembrolizumab + paclitaxel-carboplatin,dMMR_OS_pembro_chemo,exponential,102.26388058085176,104.98237945214686,244,0.2838098749624858
dMMR,OS,pembro_chemo,intervention,Pembrolizumab + paclitaxel-carboplatin,dMMR_OS_pembro_chemo,exponential,102.26388058085176,104.98237945214686,245,0.28234871255024085
dMMR,OS,pembro_chemo,intervention,Pembrolizumab + paclitaxel-carboplatin,dMMR_OS_pembro_chemo,exponential,102.26388058085176,104.98237945214686,246,0.2808950727641739
dMMR,OS,pembro_chemo,intervention,Pembrolizumab + paclitaxel-carboplatin,dMMR_OS_pembro_chemo,exponential,102.26388058085176,104.98237945214686,247,0.2794489168749116
dMMR,OS,pembro_chemo,intervention,Pembrolizumab + paclitaxel-carboplatin,dMMR_OS_pembro_chemo,exponential,102.26388058085176,104.98237945214686,248,0.2780102063524742
dMMR,OS,pembro_chemo,intervention,Pembrolizumab + paclitaxel-carboplatin,dMMR_OS_pembro_chemo,exponential,102.26388058085176,104.98237945214686,249,0.27657890286524933
dMMR,OS,pembro_chemo,intervention,Pembrolizumab + paclitaxel-carboplatin,dMMR_OS_pembro_chemo,exponential,102.26388058085176,104.98237945214686,250,0.2751549682789701
dMMR,OS,pembro_chemo,intervention,Pembrolizumab + paclitaxel-carboplatin,dMMR_OS_pembro_chemo,exponential,102.26388058085176,104.98237945214686,251,0.2737383646557001
dMMR,OS,pembro_chemo,intervention,Pembrolizumab + paclitaxel-carboplatin,dMMR_OS_pembro_chemo,exponential,102.26388058085176,104.98237945214686,252,0.2723290542528216
dMMR,OS,pembro_chemo,intervention,Pembrolizumab + paclitaxel-carboplatin,dMMR_OS_pembro_chemo,exponential,102.26388058085176,104.98237945214686,253,0.27092699952203037
dMMR,OS,pembro_chemo,intervention,Pembrolizumab + paclitaxel-carboplatin,dMMR_OS_pembro_chemo,exponential,102.26388058085176,104.98237945214686,254,0.2695321631083355
dMMR,OS,pembro_chemo,intervention,Pembrolizumab + paclitaxel-carboplatin,dMMR_OS_pembro_chemo,exponential,102.26388058085176,104.98237945214686,255,0.26814450784906363
dMMR,OS,pembro_chemo,intervention,Pembrolizumab + paclitaxel-carboplatin,dMMR_OS_pembro_chemo,exponential,102.26388058085176,104.98237945214686,256,0.26676399677286966
dMMR,OS,pembro_chemo,intervention,Pembrolizumab + paclitaxel-carboplatin,dMMR_OS_pembro_chemo,exponential,102.26388058085176,104.98237945214686,257,0.26539059309875057
dMMR,OS,pembro_chemo,intervention,Pembrolizumab + paclitaxel-carboplatin,dMMR_OS_pembro_chemo,exponential,102.26388058085176,104.98237945214686,258,0.26402426023506664
dMMR,OS,pembro_chemo,intervention,Pembrolizumab + paclitaxel-carboplatin,dMMR_OS_pembro_chemo,exponential,102.26388058085176,104.98237945214686,259,0.2626649617785657
dMMR,OS,pembro_chemo,intervention,Pembrolizumab + paclitaxel-carboplatin,dMMR_OS_pembro_chemo,exponential,102.26388058085176,104.98237945214686,260,0.2613126615134135
dMMR,OS,pembro_chemo,intervention,Pembrolizumab + paclitaxel-carboplatin,dMMR_OS_pembro_chemo,exponential,102.26388058085176,104.98237945214686,261,0.259967323410229
dMMR,OS,pembro_chemo,intervention,Pembrolizumab + paclitaxel-carboplatin,dMMR_OS_pembro_chemo,exponential,102.26388058085176,104.98237945214686,262,0.25862891162512414
dMMR,OS,pembro_chemo,intervention,Pembrolizumab + paclitaxel-carboplatin,dMMR_OS_pembro_chemo,exponential,102.26388058085176,104.98237945214686,263,0.257297390498749
dMMR,OS,pembro_chemo,intervention,Pembrolizumab + paclitaxel-carboplatin,dMMR_OS_pembro_chemo,exponential,102.26388058085176,104.98237945214686,264,0.2559727245553417
dMMR,OS,pembro_chemo,intervention,Pembrolizumab + paclitaxel-carboplatin,dMMR_OS_pembro_chemo,exponential,102.26388058085176,104.98237945214686,265,0.2546548785017835
dMMR,OS,pembro_chemo,intervention,Pembrolizumab + paclitaxel-carboplatin,dMMR_OS_pembro_chemo,exponential,102.26388058085176,104.98237945214686,266,0.25334381722665766
dMMR,OS,pembro_chemo,intervention,Pembrolizumab + paclitaxel-carboplatin,dMMR_OS_pembro_chemo,exponential,102.26388058085176,104.98237945214686,267,0.2520395057993151
dMMR,OS,pembro_chemo,intervention,Pembrolizumab + paclitaxel-carboplatin,dMMR_OS_pembro_chemo,exponential,102.26388058085176,104.98237945214686,268,0.2507419094689428
dMMR,OS,pembro_chemo,intervention,Pembrolizumab + paclitaxel-carboplatin,dMMR_OS_pembro_chemo,exponential,102.26388058085176,104.98237945214686,269,0.24945099366363854
dMMR,OS,pembro_chemo,intervention,Pembrolizumab + paclitaxel-carboplatin,dMMR_OS_pembro_chemo,exponential,102.26388058085176,104.98237945214686,270,0.24816672398948914
dMMR,OS,pembro_chemo,intervention,Pembrolizumab + paclitaxel-carboplatin,dMMR_OS_pembro_chemo,exponential,102.26388058085176,104.98237945214686,271,0.2468890662296549
dMMR,OS,pembro_chemo,intervention,Pembrolizumab + paclitaxel-carboplatin,dMMR_OS_pembro_chemo,exponential,102.26388058085176,104.98237945214686,272,0.24561798634345755
dMMR,OS,pembro_chemo,intervention,Pembrolizumab + paclitaxel-carboplatin,dMMR_OS_pembro_chemo,exponential,102.26388058085176,104.98237945214686,273,0.24435345046547308
dMMR,OS,pembro_chemo,intervention,Pembrolizumab + paclitaxel-carboplatin,dMMR_OS_pembro_chemo,exponential,102.26388058085176,104.98237945214686,274,0.24309542490463
dMMR,OS,pembro_chemo,intervention,Pembrolizumab + paclitaxel-carboplatin,dMMR_OS_pembro_chemo,exponential,102.26388058085176,104.98237945214686,275,0.24184387614331115
dMMR,OS,pembro_chemo,intervention,Pembrolizumab + paclitaxel-carboplatin,dMMR_OS_pembro_chemo,exponential,102.26388058085176,104.98237945214686,276,0.2405987708364612
dMMR,OS,pembro_chemo,intervention,Pembrolizumab + paclitaxel-carboplatin,dMMR_OS_pembro_chemo,exponential,102.26388058085176,104.98237945214686,277,0.23936007581069785
dMMR,OS,pembro_chemo,intervention,Pembrolizumab + paclitaxel-carboplatin,dMMR_OS_pembro_chemo,exponential,102.26388058085176,104.98237945214686,278,0.23812775806342812
dMMR,OS,pembro_chemo,intervention,Pembrolizumab + paclitaxel-carboplatin,dMMR_OS_pembro_chemo,exponential,102.26388058085176,104.98237945214686,279,0.2369017847619691
dMMR,OS,pembro_chemo,intervention,Pembrolizumab + paclitaxel-carboplatin,dMMR_OS_pembro_chemo,exponential,102.26388058085176,104.98237945214686,280,0.23568212324267324
dMMR,OS,pembro_chemo,intervention,Pembrolizumab + paclitaxel-carboplatin,dMMR_OS_pembro_chemo,exponential,102.26388058085176,104.98237945214686,281,0.23446874101005788
dMMR,OS,pembro_chemo,intervention,Pembrolizumab + paclitaxel-carboplatin,dMMR_OS_pembro_chemo,exponential,102.26388058085176,104.98237945214686,282,0.23326160573593968
dMMR,OS,pembro_chemo,intervention,Pembrolizumab + paclitaxel-carboplatin,dMMR_OS_pembro_chemo,exponential,102.26388058085176,104.98237945214686,283,0.23206068525857326
dMMR,OS,pembro_chemo,intervention,Pembrolizumab + paclitaxel-carboplatin,dMMR_OS_pembro_chemo,exponential,102.26388058085176,104.98237945214686,284,0.23086594758179435
dMMR,OS,pembro_chemo,intervention,Pembrolizumab + paclitaxel-carboplatin,dMMR_OS_pembro_chemo,exponential,102.26388058085176,104.98237945214686,285,0.2296773608741669
dMMR,OS,pembro_chemo,intervention,Pembrolizumab + paclitaxel-carboplatin,dMMR_OS_pembro_chemo,exponential,102.26388058085176,104.98237945214686,286,0.22849489346813567
dMMR,OS,pembro_chemo,intervention,Pembrolizumab + paclitaxel-carboplatin,dMMR_OS_pembro_chemo,exponential,102.26388058085176,104.98237945214686,287,0.227318513859182
dMMR,OS,pembro_chemo,intervention,Pembrolizumab + paclitaxel-carboplatin,dMMR_OS_pembro_chemo,exponential,102.26388058085176,104.98237945214686,288,0.22614819070498482
dMMR,OS,pembro_chemo,intervention,Pembrolizumab + paclitaxel-carboplatin,dMMR_OS_pembro_chemo,exponential,102.26388058085176,104.98237945214686,289,0.2249838928245852
dMMR,OS,pembro_chemo,intervention,Pembrolizumab + paclitaxel-carboplatin,dMMR_OS_pembro_chemo,exponential,102.26388058085176,104.98237945214686,290,0.2238255891975558
dMMR,OS,pembro_chemo,intervention,Pembrolizumab + paclitaxel-carboplatin,dMMR_OS_pembro_chemo,exponential,102.26388058085176,104.98237945214686,291,0.2226732489631743
dMMR,OS,pembro_chemo,intervention,Pembrolizumab + paclitaxel-carboplatin,dMMR_OS_pembro_chemo,exponential,102.26388058085176,104.98237945214686,292,0.22152684141960155
dMMR,OS,pembro_chemo,intervention,Pembrolizumab + paclitaxel-carboplatin,dMMR_OS_pembro_chemo,exponential,102.26388058085176,104.98237945214686,293,0.220386336023063
dMMR,OS,pembro_chemo,intervention,Pembrolizumab + paclitaxel-carboplatin,dMMR_OS_pembro_chemo,exponential,102.26388058085176,104.98237945214686,294,0.21925170238703529
dMMR,OS,pembro_chemo,intervention,Pembrolizumab + paclitaxel-carboplatin,dMMR_OS_pembro_chemo,exponential,102.26388058085176,104.98237945214686,295,0.21812291028143638
dMMR,OS,pembro_chemo,intervention,Pembrolizumab + paclitaxel-carboplatin,dMMR_OS_pembro_chemo,exponential,102.26388058085176,104.98237945214686,296,0.2169999296318208
dMMR,OS,pembro_chemo,intervention,Pembrolizumab + paclitaxel-carboplatin,dMMR_OS_pembro_chemo,exponential,102.26388058085176,104.98237945214686,297,0.21588273051857743
dMMR,OS,pembro_chemo,intervention,Pembrolizumab + paclitaxel-carboplatin,dMMR_OS_pembro_chemo,exponential,102.26388058085176,104.98237945214686,298,0.21477128317613303
dMMR,OS,pembro_chemo,intervention,Pembrolizumab + paclitaxel-carboplatin,dMMR_OS_pembro_chemo,exponential,102.26388058085176,104.98237945214686,299,0.2136655579921588
dMMR,OS,pembro_chemo,intervention,Pembrolizumab + paclitaxel-carboplatin,dMMR_OS_pembro_chemo,exponential,102.26388058085176,104.98237945214686,300,0.21256552550678198
dMMR,OS,pembro_chemo,intervention,Pembrolizumab + paclitaxel-carboplatin,dMMR_OS_pembro_chemo,exponential,102.26388058085176,104.98237945214686,301,0.21147115641180025
dMMR,OS,pembro_chemo,intervention,Pembrolizumab + paclitaxel-carboplatin,dMMR_OS_pembro_chemo,exponential,102.26388058085176,104.98237945214686,302,0.21038242154990117
dMMR,OS,pembro_chemo,intervention,Pembrolizumab + paclitaxel-carboplatin,dMMR_OS_pembro_chemo,exponential,102.26388058085176,104.98237945214686,303,0.2092992919138854
dMMR,OS,pembro_chemo,intervention,Pembrolizumab + paclitaxel-carboplatin,dMMR_OS_pembro_chemo,exponential,102.26388058085176,104.98237945214686,304,0.2082217386458941
dMMR,OS,pembro_chemo,intervention,Pembrolizumab + paclitaxel-carboplatin,dMMR_OS_pembro_chemo,exponential,102.26388058085176,104.98237945214686,305,0.20714973303663942
dMMR,OS,pembro_chemo,intervention,Pembrolizumab + paclitaxel-carboplatin,dMMR_OS_pembro_chemo,exponential,102.26388058085176,104.98237945214686,306,0.20608324652464005
dMMR,OS,pembro_chemo,intervention,Pembrolizumab + paclitaxel-carboplatin,dMMR_OS_pembro_chemo,exponential,102.26388058085176,104.98237945214686,307,0.20502225069546043
dMMR,OS,pembro_chemo,intervention,Pembrolizumab + paclitaxel-carboplatin,dMMR_OS_pembro_chemo,exponential,102.26388058085176,104.98237945214686,308,0.20396671728095306
dMMR,OS,pembro_chemo,intervention,Pembrolizumab + paclitaxel-carboplatin,dMMR_OS_pembro_chemo,exponential,102.26388058085176,104.98237945214686,309,0.20291661815850603
dMMR,OS,pembro_chemo,intervention,Pembrolizumab + paclitaxel-carboplatin,dMMR_OS_pembro_chemo,exponential,102.26388058085176,104.98237945214686,310,0.2018719253502933
dMMR,OS,pembro_chemo,intervention,Pembrolizumab + paclitaxel-carboplatin,dMMR_OS_pembro_chemo,exponential,102.26388058085176,104.98237945214686,311,0.20083261102252958
dMMR,OS,pembro_chemo,intervention,Pembrolizumab + paclitaxel-carboplatin,dMMR_OS_pembro_chemo,exponential,102.26388058085176,104.98237945214686,312,0.19979864748472842
dMMR,OS,pembro_chemo,intervention,Pembrolizumab + paclitaxel-carboplatin,dMMR_OS_pembro_chemo,exponential,102.26388058085176,104.98237945214686,313,0.19877000718896476
dMMR,OS,pembro_chemo,intervention,Pembrolizumab + paclitaxel-carboplatin,dMMR_OS_pembro_chemo,exponential,102.26388058085176,104.98237945214686,314,0.19774666272914088
dMMR,OS,pembro_chemo,intervention,Pembrolizumab + paclitaxel-carboplatin,dMMR_OS_pembro_chemo,exponential,102.26388058085176,104.98237945214686,315,0.19672858684025618
dMMR,OS,pembro_chemo,intervention,Pembrolizumab + paclitaxel-carboplatin,dMMR_OS_pembro_chemo,exponential,102.26388058085176,104.98237945214686,316,0.1957157523976807
dMMR,OS,pembro_chemo,intervention,Pembrolizumab + paclitaxel-carboplatin,dMMR_OS_pembro_chemo,exponential,102.26388058085176,104.98237945214686,317,0.1947081324164327
dMMR,OS,pembro_chemo,intervention,Pembrolizumab + paclitaxel-carboplatin,dMMR_OS_pembro_chemo,exponential,102.26388058085176,104.98237945214686,318,0.19370570005045917
dMMR,OS,pembro_chemo,intervention,Pembrolizumab + paclitaxel-carboplatin,dMMR_OS_pembro_chemo,exponential,102.26388058085176,104.98237945214686,319,0.19270842859192117
dMMR,OS,pembro_chemo,intervention,Pembrolizumab + paclitaxel-carboplatin,dMMR_OS_pembro_chemo,exponential,102.26388058085176,104.98237945214686,320,0.19171629147048208
dMMR,OS,pembro_chemo,intervention,Pembrolizumab + paclitaxel-carboplatin,dMMR_OS_pembro_chemo,exponential,102.26388058085176,104.98237945214686,321,0.19072926225259912
dMMR,OS,pembro_chemo,intervention,Pembrolizumab + paclitaxel-carboplatin,dMMR_OS_pembro_chemo,exponential,102.26388058085176,104.98237945214686,322,0.18974731464082017
dMMR,OS,pembro_chemo,intervention,Pembrolizumab + paclitaxel-carboplatin,dMMR_OS_pembro_chemo,exponential,102.26388058085176,104.98237945214686,323,0.18877042247308218
dMMR,OS,pembro_chemo,intervention,Pembrolizumab + paclitaxel-carboplatin,dMMR_OS_pembro_chemo,exponential,102.26388058085176,104.98237945214686,324,0.1877985597220143
dMMR,OS,pembro_chemo,intervention,Pembrolizumab + paclitaxel-carboplatin,dMMR_OS_pembro_chemo,exponential,102.26388058085176,104.98237945214686,325,0.18683170049424502
dMMR,OS,pembro_chemo,intervention,Pembrolizumab + paclitaxel-carboplatin,dMMR_OS_pembro_chemo,exponential,102.26388058085176,104.98237945214686,326,0.18586981902971145
dMMR,OS,pembro_chemo,intervention,Pembrolizumab + paclitaxel-carboplatin,dMMR_OS_pembro_chemo,exponential,102.26388058085176,104.98237945214686,327,0.18491288970097386
dMMR,OS,pembro_chemo,intervention,Pembrolizumab + paclitaxel-carboplatin,dMMR_OS_pembro_chemo,exponential,102.26388058085176,104.98237945214686,328,0.183960887012532
dMMR,OS,pembro_chemo,intervention,Pembrolizumab + paclitaxel-carboplatin,dMMR_OS_pembro_chemo,exponential,102.26388058085176,104.98237945214686,329,0.18301378560014636
dMMR,OS,pembro_chemo,intervention,Pembrolizumab + paclitaxel-carboplatin,dMMR_OS_pembro_chemo,exponential,102.26388058085176,104.98237945214686,330,0.18207156023016258
dMMR,OS,pembro_chemo,intervention,Pembrolizumab + paclitaxel-carboplatin,dMMR_OS_pembro_chemo,exponential,102.26388058085176,104.98237945214686,331,0.18113418579883855
dMMR,OS,pembro_chemo,intervention,Pembrolizumab + paclitaxel-carboplatin,dMMR_OS_pembro_chemo,exponential,102.26388058085176,104.98237945214686,332,0.18020163733167605
dMMR,OS,pembro_chemo,intervention,Pembrolizumab + paclitaxel-carboplatin,dMMR_OS_pembro_chemo,exponential,102.26388058085176,104.98237945214686,333,0.17927388998275517
dMMR,OS,pembro_chemo,intervention,Pembrolizumab + paclitaxel-carboplatin,dMMR_OS_pembro_chemo,exponential,102.26388058085176,104.98237945214686,334,0.1783509190340722
dMMR,OS,pembro_chemo,intervention,Pembrolizumab + paclitaxel-carboplatin,dMMR_OS_pembro_chemo,exponential,102.26388058085176,104.98237945214686,335,0.1774326998948813
dMMR,OS,pembro_chemo,intervention,Pembrolizumab + paclitaxel-carboplatin,dMMR_OS_pembro_chemo,exponential,102.26388058085176,104.98237945214686,336,0.17651920810103938
dMMR,OS,pembro_chemo,intervention,Pembrolizumab + paclitaxel-carboplatin,dMMR_OS_pembro_chemo,exponential,102.26388058085176,104.98237945214686,337,0.17561041931435406
dMMR,OS,pembro_chemo,intervention,Pembrolizumab + paclitaxel-carboplatin,dMMR_OS_pembro_chemo,exponential,102.26388058085176,104.98237945214686,338,0.17470630932193532
dMMR,OS,pembro_chemo,intervention,Pembrolizumab + paclitaxel-carboplatin,dMMR_OS_pembro_chemo,exponential,102.26388058085176,104.98237945214686,339,0.1738068540355504
dMMR,OS,pembro_chemo,intervention,Pembrolizumab + paclitaxel-carboplatin,dMMR_OS_pembro_chemo,exponential,102.26388058085176,104.98237945214686,340,0.17291202949098217
dMMR,OS,pembro_chemo,intervention,Pembrolizumab + paclitaxel-carboplatin,dMMR_OS_pembro_chemo,exponential,102.26388058085176,104.98237945214686,341,0.1720218118473903
dMMR,OS,pembro_chemo,intervention,Pembrolizumab + paclitaxel-carboplatin,dMMR_OS_pembro_chemo,exponential,102.26388058085176,104.98237945214686,342,0.1711361773866764
dMMR,OS,pembro_chemo,intervention,Pembrolizumab + paclitaxel-carboplatin,dMMR_OS_pembro_chemo,exponential,102.26388058085176,104.98237945214686,343,0.17025510251285214
dMMR,OS,pembro_chemo,intervention,Pembrolizumab + paclitaxel-carboplatin,dMMR_OS_pembro_chemo,exponential,102.26388058085176,104.98237945214686,344,0.16937856375140992
dMMR,OS,pembro_chemo,intervention,Pembrolizumab + paclitaxel-carboplatin,dMMR_OS_pembro_chemo,exponential,102.26388058085176,104.98237945214686,345,0.1685065377486984
dMMR,OS,pembro_chemo,intervention,Pembrolizumab + paclitaxel-carboplatin,dMMR_OS_pembro_chemo,exponential,102.26388058085176,104.98237945214686,346,0.16763900127129971
dMMR,OS,pembro_chemo,intervention,Pembrolizumab + paclitaxel-carboplatin,dMMR_OS_pembro_chemo,exponential,102.26388058085176,104.98237945214686,347,0.16677593120541045
dMMR,OS,pembro_chemo,intervention,Pembrolizumab + paclitaxel-carboplatin,dMMR_OS_pembro_chemo,exponential,102.26388058085176,104.98237945214686,348,0.165917304556226
dMMR,OS,pembro_chemo,intervention,Pembrolizumab + paclitaxel-carboplatin,dMMR_OS_pembro_chemo,exponential,102.26388058085176,104.98237945214686,349,0.16506309844732792
dMMR,OS,pembro_chemo,intervention,Pembrolizumab + paclitaxel-carboplatin,dMMR_OS_pembro_chemo,exponential,102.26388058085176,104.98237945214686,350,0.16421329012007435
dMMR,OS,pembro_chemo,intervention,Pembrolizumab + paclitaxel-carboplatin,dMMR_OS_pembro_chemo,exponential,102.26388058085176,104.98237945214686,351,0.1633678569329936
dMMR,OS,pembro_chemo,intervention,Pembrolizumab + paclitaxel-carboplatin,dMMR_OS_pembro_chemo,exponential,102.26388058085176,104.98237945214686,352,0.16252677636118118
dMMR,OS,pembro_chemo,intervention,Pembrolizumab + paclitaxel-carboplatin,dMMR_OS_pembro_chemo,exponential,102.26388058085176,104.98237945214686,353,0.16169002599569904
dMMR,OS,pembro_chemo,intervention,Pembrolizumab + paclitaxel-carboplatin,dMMR_OS_pembro_chemo,exponential,102.26388058085176,104.98237945214686,354,0.1608575835429794
dMMR,OS,pembro_chemo,intervention,Pembrolizumab + paclitaxel-carboplatin,dMMR_OS_pembro_chemo,exponential,102.26388058085176,104.98237945214686,355,0.16002942682423027
dMMR,OS,pembro_chemo,intervention,Pembrolizumab + paclitaxel-carboplatin,dMMR_OS_pembro_chemo,exponential,102.26388058085176,104.98237945214686,356,0.15920553377484437
dMMR,OS,pembro_chemo,intervention,Pembrolizumab + paclitaxel-carboplatin,dMMR_OS_pembro_chemo,exponential,102.26388058085176,104.98237945214686,357,0.1583858824438118
dMMR,OS,pembro_chemo,intervention,Pembrolizumab + paclitaxel-carboplatin,dMMR_OS_pembro_chemo,exponential,102.26388058085176,104.98237945214686,358,0.15757045099313483
dMMR,OS,pembro_chemo,intervention,Pembrolizumab + paclitaxel-carboplatin,dMMR_OS_pembro_chemo,exponential,102.26388058085176,104.98237945214686,359,0.15675921769724588
dMMR,OS,pembro_chemo,intervention,Pembrolizumab + paclitaxel-carboplatin,dMMR_OS_pembro_chemo,exponential,102.26388058085176,104.98237945214686,360,0.15595216094242925
pMMR,PFS,placebo_chemo,comparator,Placebo + paclitaxel-carboplatin,pMMR_PFS_placebo_chemo,weibull,941.2683233475989,948.6218309521355,0,1
pMMR,PFS,placebo_chemo,comparator,Placebo + paclitaxel-carboplatin,pMMR_PFS_placebo_chemo,weibull,941.2683233475989,948.6218309521355,1,0.9798513837246996
pMMR,PFS,placebo_chemo,comparator,Placebo + paclitaxel-carboplatin,pMMR_PFS_placebo_chemo,weibull,941.2683233475989,948.6218309521355,2,0.9419822255426951
pMMR,PFS,placebo_chemo,comparator,Placebo + paclitaxel-carboplatin,pMMR_PFS_placebo_chemo,weibull,941.2683233475989,948.6218309521355,3,0.893833622236412
pMMR,PFS,placebo_chemo,comparator,Placebo + paclitaxel-carboplatin,pMMR_PFS_placebo_chemo,weibull,941.2683233475989,948.6218309521355,4,0.8390321771497914
pMMR,PFS,placebo_chemo,comparator,Placebo + paclitaxel-carboplatin,pMMR_PFS_placebo_chemo,weibull,941.2683233475989,948.6218309521355,5,0.7801618280887673
pMMR,PFS,placebo_chemo,comparator,Placebo + paclitaxel-carboplatin,pMMR_PFS_placebo_chemo,weibull,941.2683233475989,948.6218309521355,6,0.7192326601394631
pMMR,PFS,placebo_chemo,comparator,Placebo + paclitaxel-carboplatin,pMMR_PFS_placebo_chemo,weibull,941.2683233475989,948.6218309521355,7,0.6578480805046056
pMMR,PFS,placebo_chemo,comparator,Placebo + paclitaxel-carboplatin,pMMR_PFS_placebo_chemo,weibull,941.2683233475989,948.6218309521355,8,0.5972860611717294
pMMR,PFS,placebo_chemo,comparator,Placebo + paclitaxel-carboplatin,pMMR_PFS_placebo_chemo,weibull,941.2683233475989,948.6218309521355,9,0.5385492723768747
pMMR,PFS,placebo_chemo,comparator,Placebo + paclitaxel-carboplatin,pMMR_PFS_placebo_chemo,weibull,941.2683233475989,948.6218309521355,10,0.4824024655374456
pMMR,PFS,placebo_chemo,comparator,Placebo + paclitaxel-carboplatin,pMMR_PFS_placebo_chemo,weibull,941.2683233475989,948.6218309521355,11,0.42940408726722046
pMMR,PFS,placebo_chemo,comparator,Placebo + paclitaxel-carboplatin,pMMR_PFS_placebo_chemo,weibull,941.2683233475989,948.6218309521355,12,0.3799348646435645
pMMR,PFS,placebo_chemo,comparator,Placebo + paclitaxel-carboplatin,pMMR_PFS_placebo_chemo,weibull,941.2683233475989,948.6218309521355,13,0.3342243560310122
pMMR,PFS,placebo_chemo,comparator,Placebo + paclitaxel-carboplatin,pMMR_PFS_placebo_chemo,weibull,941.2683233475989,948.6218309521355,14,0.2923757193278348
pMMR,PFS,placebo_chemo,comparator,Placebo + paclitaxel-carboplatin,pMMR_PFS_placebo_chemo,weibull,941.2683233475989,948.6218309521355,15,0.2543886504941957
pMMR,PFS,placebo_chemo,comparator,Placebo + paclitaxel-carboplatin,pMMR_PFS_placebo_chemo,weibull,941.2683233475989,948.6218309521355,16,0.22018035318694162
pMMR,PFS,placebo_chemo,comparator,Placebo + paclitaxel-carboplatin,pMMR_PFS_placebo_chemo,weibull,941.2683233475989,948.6218309521355,17,0.1896044057530173
pMMR,PFS,placebo_chemo,comparator,Placebo + paclitaxel-carboplatin,pMMR_PFS_placebo_chemo,weibull,941.2683233475989,948.6218309521355,18,0.16246744031198523
pMMR,PFS,placebo_chemo,comparator,Placebo + paclitaxel-carboplatin,pMMR_PFS_placebo_chemo,weibull,941.2683233475989,948.6218309521355,19,0.13854361188765918
pMMR,PFS,placebo_chemo,comparator,Placebo + paclitaxel-carboplatin,pMMR_PFS_placebo_chemo,weibull,941.2683233475989,948.6218309521355,20,0.11758689858517635
pMMR,PFS,placebo_chemo,comparator,Placebo + paclitaxel-carboplatin,pMMR_PFS_placebo_chemo,weibull,941.2683233475989,948.6218309521355,21,0.09934132899926629
pMMR,PFS,placebo_chemo,comparator,Placebo + paclitaxel-carboplatin,pMMR_PFS_placebo_chemo,weibull,941.2683233475989,948.6218309521355,22,0.08354927690827452
pMMR,PFS,placebo_chemo,comparator,Placebo + paclitaxel-carboplatin,pMMR_PFS_placebo_chemo,weibull,941.2683233475989,948.6218309521355,23,0.0699579948476391
pMMR,PFS,placebo_chemo,comparator,Placebo + paclitaxel-carboplatin,pMMR_PFS_placebo_chemo,weibull,941.2683233475989,948.6218309521355,24,0.05832457781061973
pMMR,PFS,placebo_chemo,comparator,Placebo + paclitaxel-carboplatin,pMMR_PFS_placebo_chemo,weibull,941.2683233475989,948.6218309521355,25,0.04841955736138237
pMMR,PFS,placebo_chemo,comparator,Placebo + paclitaxel-carboplatin,pMMR_PFS_placebo_chemo,weibull,941.2683233475989,948.6218309521355,26,0.04002932654982061
pMMR,PFS,placebo_chemo,comparator,Placebo + paclitaxel-carboplatin,pMMR_PFS_placebo_chemo,weibull,941.2683233475989,948.6218309521355,27,0.032957589018969946
pMMR,PFS,placebo_chemo,comparator,Placebo + paclitaxel-carboplatin,pMMR_PFS_placebo_chemo,weibull,941.2683233475989,948.6218309521355,28,0.027026013395056725
pMMR,PFS,placebo_chemo,comparator,Placebo + paclitaxel-carboplatin,pMMR_PFS_placebo_chemo,weibull,941.2683233475989,948.6218309521355,29,0.02207425810657271
pMMR,PFS,placebo_chemo,comparator,Placebo + paclitaxel-carboplatin,pMMR_PFS_placebo_chemo,weibull,941.2683233475989,948.6218309521355,30,0.017959513646185976
pMMR,PFS,placebo_chemo,comparator,Placebo + paclitaxel-carboplatin,pMMR_PFS_placebo_chemo,weibull,941.2683233475989,948.6218309521355,31,0.01455569018536329
pMMR,PFS,placebo_chemo,comparator,Placebo + paclitaxel-carboplatin,pMMR_PFS_placebo_chemo,weibull,941.2683233475989,948.6218309521355,32,0.011752359350988395
pMMR,PFS,placebo_chemo,comparator,Placebo + paclitaxel-carboplatin,pMMR_PFS_placebo_chemo,weibull,941.2683233475989,948.6218309521355,33,0.009453540617945788
pMMR,PFS,placebo_chemo,comparator,Placebo + paclitaxel-carboplatin,pMMR_PFS_placebo_chemo,weibull,941.2683233475989,948.6218309521355,34,0.0075764056917676514
pMMR,PFS,placebo_chemo,comparator,Placebo + paclitaxel-carboplatin,pMMR_PFS_placebo_chemo,weibull,941.2683233475989,948.6218309521355,35,0.0060499587966639234
pMMR,PFS,placebo_chemo,comparator,Placebo + paclitaxel-carboplatin,pMMR_PFS_placebo_chemo,weibull,941.2683233475989,948.6218309521355,36,0.004813737137779883
pMMR,PFS,placebo_chemo,comparator,Placebo + paclitaxel-carboplatin,pMMR_PFS_placebo_chemo,weibull,941.2683233475989,948.6218309521355,37,0.0038165640394405287
pMMR,PFS,placebo_chemo,comparator,Placebo + paclitaxel-carboplatin,pMMR_PFS_placebo_chemo,weibull,941.2683233475989,948.6218309521355,38,0.0030153773450906085
pMMR,PFS,placebo_chemo,comparator,Placebo + paclitaxel-carboplatin,pMMR_PFS_placebo_chemo,weibull,941.2683233475989,948.6218309521355,39,0.0023741475018284053
pMMR,PFS,placebo_chemo,comparator,Placebo + paclitaxel-carboplatin,pMMR_PFS_placebo_chemo,weibull,941.2683233475989,948.6218309521355,40,0.0018628931981334862
pMMR,PFS,placebo_chemo,comparator,Placebo + paclitaxel-carboplatin,pMMR_PFS_placebo_chemo,weibull,941.2683233475989,948.6218309521355,41,0.0014567973047451277
pMMR,PFS,placebo_chemo,comparator,Placebo + paclitaxel-carboplatin,pMMR_PFS_placebo_chemo,weibull,941.2683233475989,948.6218309521355,42,0.0011354219998703785
pMMR,PFS,placebo_chemo,comparator,Placebo + paclitaxel-carboplatin,pMMR_PFS_placebo_chemo,weibull,941.2683233475989,948.6218309521355,43,8.820191538522204e-4
pMMR,PFS,placebo_chemo,comparator,Placebo + paclitaxel-carboplatin,pMMR_PFS_placebo_chemo,weibull,941.2683233475989,948.6218309521355,44,6.829301252605502e-4
pMMR,PFS,placebo_chemo,comparator,Placebo + paclitaxel-carboplatin,pMMR_PFS_placebo_chemo,weibull,941.2683233475989,948.6218309521355,45,5.27067913330681e-4
pMMR,PFS,placebo_chemo,comparator,Placebo + paclitaxel-carboplatin,pMMR_PFS_placebo_chemo,weibull,941.2683233475989,948.6218309521355,46,4.054739707965993e-4
pMMR,PFS,placebo_chemo,comparator,Placebo + paclitaxel-carboplatin,pMMR_PFS_placebo_chemo,weibull,941.2683233475989,948.6218309521355,47,3.1094177506074683e-4
pMMR,PFS,placebo_chemo,comparator,Placebo + paclitaxel-carboplatin,pMMR_PFS_placebo_chemo,weibull,941.2683233475989,948.6218309521355,48,2.3769937202067215e-4
pMMR,PFS,placebo_chemo,comparator,Placebo + paclitaxel-carboplatin,pMMR_PFS_placebo_chemo,weibull,941.2683233475989,948.6218309521355,49,1.811434519550792e-4
pMMR,PFS,placebo_chemo,comparator,Placebo + paclitaxel-carboplatin,pMMR_PFS_placebo_chemo,weibull,941.2683233475989,948.6218309521355,50,1.3761801419209796e-4
pMMR,PFS,placebo_chemo,comparator,Placebo + paclitaxel-carboplatin,pMMR_PFS_placebo_chemo,weibull,941.2683233475989,948.6218309521355,51,1.04231265995125e-4
pMMR,PFS,placebo_chemo,comparator,Placebo + paclitaxel-carboplatin,pMMR_PFS_placebo_chemo,weibull,941.2683233475989,948.6218309521355,52,7.870503408824447e-5
pMMR,PFS,placebo_chemo,comparator,Placebo + paclitaxel-carboplatin,pMMR_PFS_placebo_chemo,weibull,941.2683233475989,948.6218309521355,53,5.9251609145771766e-5
pMMR,PFS,placebo_chemo,comparator,Placebo + paclitaxel-carboplatin,pMMR_PFS_placebo_chemo,weibull,941.2683233475989,948.6218309521355,54,4.4473568873049096e-5
pMMR,PFS,placebo_chemo,comparator,Placebo + paclitaxel-carboplatin,pMMR_PFS_placebo_chemo,weibull,941.2683233475989,948.6218309521355,55,3.3282716507265775e-5
pMMR,PFS,placebo_chemo,comparator,Placebo + paclitaxel-carboplatin,pMMR_PFS_placebo_chemo,weibull,941.2683233475989,948.6218309521355,56,2.4834817606844695e-5
pMMR,PFS,placebo_chemo,comparator,Placebo + paclitaxel-carboplatin,pMMR_PFS_placebo_chemo,weibull,941.2683233475989,948.6218309521355,57,1.847731275239628e-5
pMMR,PFS,placebo_chemo,comparator,Placebo + paclitaxel-carboplatin,pMMR_PFS_placebo_chemo,weibull,941.2683233475989,948.6218309521355,58,1.370762491725852e-5
pMMR,PFS,placebo_chemo,comparator,Placebo + paclitaxel-carboplatin,pMMR_PFS_placebo_chemo,weibull,941.2683233475989,948.6218309521355,59,1.0140068157693527e-5
pMMR,PFS,placebo_chemo,comparator,Placebo + paclitaxel-carboplatin,pMMR_PFS_placebo_chemo,weibull,941.2683233475989,948.6218309521355,60,7.479701199852862e-6
pMMR,PFS,placebo_chemo,comparator,Placebo + paclitaxel-carboplatin,pMMR_PFS_placebo_chemo,weibull,941.2683233475989,948.6218309521355,61,5.501758982617844e-6
pMMR,PFS,placebo_chemo,comparator,Placebo + paclitaxel-carboplatin,pMMR_PFS_placebo_chemo,weibull,941.2683233475989,948.6218309521355,62,4.035541480651439e-6
pMMR,PFS,placebo_chemo,comparator,Placebo + paclitaxel-carboplatin,pMMR_PFS_placebo_chemo,weibull,941.2683233475989,948.6218309521355,63,2.951846748366904e-6
pMMR,PFS,placebo_chemo,comparator,Placebo + paclitaxel-carboplatin,pMMR_PFS_placebo_chemo,weibull,941.2683233475989,948.6218309521355,64,2.153208692234898e-6
pMMR,PFS,placebo_chemo,comparator,Placebo + paclitaxel-carboplatin,pMMR_PFS_placebo_chemo,weibull,941.2683233475989,948.6218309521355,65,1.5663440645630189e-6
pMMR,PFS,placebo_chemo,comparator,Placebo + paclitaxel-carboplatin,pMMR_PFS_placebo_chemo,weibull,941.2683233475989,948.6218309521355,66,1.136331744033825e-6
pMMR,PFS,placebo_chemo,comparator,Placebo + paclitaxel-carboplatin,pMMR_PFS_placebo_chemo,weibull,941.2683233475989,948.6218309521355,67,8.221443420497465e-7
pMMR,PFS,placebo_chemo,comparator,Placebo + paclitaxel-carboplatin,pMMR_PFS_placebo_chemo,weibull,941.2683233475989,948.6218309521355,68,5.932309753431397e-7
pMMR,PFS,placebo_chemo,comparator,Placebo + paclitaxel-carboplatin,pMMR_PFS_placebo_chemo,weibull,941.2683233475989,948.6218309521355,69,4.269136752999003e-7
pMMR,PFS,placebo_chemo,comparator,Placebo + paclitaxel-carboplatin,pMMR_PFS_placebo_chemo,weibull,941.2683233475989,948.6218309521355,70,3.064109903583301e-7
pMMR,PFS,placebo_chemo,comparator,Placebo + paclitaxel-carboplatin,pMMR_PFS_placebo_chemo,weibull,941.2683233475989,948.6218309521355,71,2.1934311322802102e-7
pMMR,PFS,placebo_chemo,comparator,Placebo + paclitaxel-carboplatin,pMMR_PFS_placebo_chemo,weibull,941.2683233475989,948.6218309521355,72,1.5660523622340605e-7
pMMR,PFS,placebo_chemo,comparator,Placebo + paclitaxel-carboplatin,pMMR_PFS_placebo_chemo,weibull,941.2683233475989,948.6218309521355,73,1.1152140644288266e-7
pMMR,PFS,placebo_chemo,comparator,Placebo + paclitaxel-carboplatin,pMMR_PFS_placebo_chemo,weibull,941.2683233475989,948.6218309521355,74,7.921123990062284e-8
pMMR,PFS,placebo_chemo,comparator,Placebo + paclitaxel-carboplatin,pMMR_PFS_placebo_chemo,weibull,941.2683233475989,948.6218309521355,75,5.611756193069084e-8
pMMR,PFS,placebo_chemo,comparator,Placebo + paclitaxel-carboplatin,pMMR_PFS_placebo_chemo,weibull,941.2683233475989,948.6218309521355,76,3.965526473859171e-8
pMMR,PFS,placebo_chemo,comparator,Placebo + paclitaxel-carboplatin,pMMR_PFS_placebo_chemo,weibull,941.2683233475989,948.6218309521355,77,2.79511398471044e-8
pMMR,PFS,placebo_chemo,comparator,Placebo + paclitaxel-carboplatin,pMMR_PFS_placebo_chemo,weibull,941.2683233475989,948.6218309521355,78,1.9651749338933655e-8
pMMR,PFS,placebo_chemo,comparator,Placebo + paclitaxel-carboplatin,pMMR_PFS_placebo_chemo,weibull,941.2683233475989,948.6218309521355,79,1.3781999541606638e-8
pMMR,PFS,placebo_chemo,comparator,Placebo + paclitaxel-carboplatin,pMMR_PFS_placebo_chemo,weibull,941.2683233475989,948.6218309521355,80,9.641369813628842e-9
pMMR,PFS,placebo_chemo,comparator,Placebo + paclitaxel-carboplatin,pMMR_PFS_placebo_chemo,weibull,941.2683233475989,948.6218309521355,81,6.72801292456171e-9
pMMR,PFS,placebo_chemo,comparator,Placebo + paclitaxel-carboplatin,pMMR_PFS_placebo_chemo,weibull,941.2683233475989,948.6218309521355,82,4.683412546668819e-9
pMMR,PFS,placebo_chemo,comparator,Placebo + paclitaxel-carboplatin,pMMR_PFS_placebo_chemo,weibull,941.2683233475989,948.6218309521355,83,3.2521562109977253e-9
pMMR,PFS,placebo_chemo,comparator,Placebo + paclitaxel-carboplatin,pMMR_PFS_placebo_chemo,weibull,941.2683233475989,948.6218309521355,84,2.252783737333175e-9
pMMR,PFS,placebo_chemo,comparator,Placebo + paclitaxel-carboplatin,pMMR_PFS_placebo_chemo,weibull,941.2683233475989,948.6218309521355,85,1.5567266364868715e-9
pMMR,PFS,placebo_chemo,comparator,Placebo + paclitaxel-carboplatin,pMMR_PFS_placebo_chemo,weibull,941.2683233475989,948.6218309521355,86,1.0731380228889975e-9
pMMR,PFS,placebo_chemo,comparator,Placebo + paclitaxel-carboplatin,pMMR_PFS_placebo_chemo,weibull,941.2683233475989,948.6218309521355,87,7.379969968468458e-10
pMMR,PFS,placebo_chemo,comparator,Placebo + paclitaxel-carboplatin,pMMR_PFS_placebo_chemo,weibull,941.2683233475989,948.6218309521355,88,5.063078845068958e-10
pMMR,PFS,placebo_chemo,comparator,Placebo + paclitaxel-carboplatin,pMMR_PFS_placebo_chemo,weibull,941.2683233475989,948.6218309521355,89,3.465303599625713e-10
pMMR,PFS,placebo_chemo,comparator,Placebo + paclitaxel-carboplatin,pMMR_PFS_placebo_chemo,weibull,941.2683233475989,948.6218309521355,90,2.366135065656749e-10
pMMR,PFS,placebo_chemo,comparator,Placebo + paclitaxel-carboplatin,pMMR_PFS_placebo_chemo,weibull,941.2683233475989,948.6218309521355,91,1.6118129053666053e-10
pMMR,PFS,placebo_chemo,comparator,Placebo + paclitaxel-carboplatin,pMMR_PFS_placebo_chemo,weibull,941.2683233475989,948.6218309521355,92,1.0953959961312876e-10
pMMR,PFS,placebo_chemo,comparator,Placebo + paclitaxel-carboplatin,pMMR_PFS_placebo_chemo,weibull,941.2683233475989,948.6218309521355,93,7.427025661144171e-11
pMMR,PFS,placebo_chemo,comparator,Placebo + paclitaxel-carboplatin,pMMR_PFS_placebo_chemo,weibull,941.2683233475989,948.6218309521355,94,5.024003435494251e-11
pMMR,PFS,placebo_chemo,comparator,Placebo + paclitaxel-carboplatin,pMMR_PFS_placebo_chemo,weibull,941.2683233475989,948.6218309521355,95,3.3906433216657206e-11
pMMR,PFS,placebo_chemo,comparator,Placebo + paclitaxel-carboplatin,pMMR_PFS_placebo_chemo,weibull,941.2683233475989,948.6218309521355,96,2.2830404233786794e-11
pMMR,PFS,placebo_chemo,comparator,Placebo + paclitaxel-carboplatin,pMMR_PFS_placebo_chemo,weibull,941.2683233475989,948.6218309521355,97,1.533739801828915e-11
pMMR,PFS,placebo_chemo,comparator,Placebo + paclitaxel-carboplatin,pMMR_PFS_placebo_chemo,weibull,941.2683233475989,948.6218309521355,98,1.02802211188191e-11
pMMR,PFS,placebo_chemo,comparator,Placebo + paclitaxel-carboplatin,pMMR_PFS_placebo_chemo,weibull,941.2683233475989,948.6218309521355,99,6.874834035386357e-12
pMMR,PFS,placebo_chemo,comparator,Placebo + paclitaxel-carboplatin,pMMR_PFS_placebo_chemo,weibull,941.2683233475989,948.6218309521355,100,4.587219493146222e-12
pMMR,PFS,placebo_chemo,comparator,Placebo + paclitaxel-carboplatin,pMMR_PFS_placebo_chemo,weibull,941.2683233475989,948.6218309521355,101,3.053890473836418e-12
pMMR,PFS,placebo_chemo,comparator,Placebo + paclitaxel-carboplatin,pMMR_PFS_placebo_chemo,weibull,941.2683233475989,948.6218309521355,102,2.028599510595086e-12
pMMR,PFS,placebo_chemo,comparator,Placebo + paclitaxel-carboplatin,pMMR_PFS_placebo_chemo,weibull,941.2683233475989,948.6218309521355,103,1.3444800828210646e-12
pMMR,PFS,placebo_chemo,comparator,Placebo + paclitaxel-carboplatin,pMMR_PFS_placebo_chemo,weibull,941.2683233475989,948.6218309521355,104,8.890665981198254e-13
pMMR,PFS,placebo_chemo,comparator,Placebo + paclitaxel-carboplatin,pMMR_PFS_placebo_chemo,weibull,941.2683233475989,948.6218309521355,105,5.866418462119327e-13
pMMR,PFS,placebo_chemo,comparator,Placebo + paclitaxel-carboplatin,pMMR_PFS_placebo_chemo,weibull,941.2683233475989,948.6218309521355,106,3.8624659026709196e-13
pMMR,PFS,placebo_chemo,comparator,Placebo + paclitaxel-carboplatin,pMMR_PFS_placebo_chemo,weibull,941.2683233475989,948.6218309521355,107,2.537969834293108e-13
pMMR,PFS,placebo_chemo,comparator,Placebo + paclitaxel-carboplatin,pMMR_PFS_placebo_chemo,weibull,941.2683233475989,948.6218309521355,108,1.6631140908884845e-13
pMMR,PFS,placebo_chemo,comparator,Placebo + paclitaxel-carboplatin,pMMR_PFS_placebo_chemo,weibull,941.2683233475989,948.6218309521355,109,1.0880185641326534e-13
pMMR,PFS,placebo_chemo,comparator,Placebo + paclitaxel-carboplatin,pMMR_PFS_placebo_chemo,weibull,941.2683233475989,948.6218309521355,110,7.105427357601002e-14
pMMR,PFS,placebo_chemo,comparator,Placebo + paclitaxel-carboplatin,pMMR_PFS_placebo_chemo,weibull,941.2683233475989,948.6218309521355,111,4.629630012686903e-14
pMMR,PFS,placebo_chemo,comparator,Placebo + paclitaxel-carboplatin,pMMR_PFS_placebo_chemo,weibull,941.2683233475989,948.6218309521355,112,3.008704396734174e-14
pMMR,PFS,placebo_chemo,comparator,Placebo + paclitaxel-carboplatin,pMMR_PFS_placebo_chemo,weibull,941.2683233475989,948.6218309521355,113,1.9539925233402755e-14
pMMR,PFS,placebo_chemo,comparator,Placebo + paclitaxel-carboplatin,pMMR_PFS_placebo_chemo,weibull,941.2683233475989,948.6218309521355,114,1.2656542480726785e-14
pMMR,PFS,placebo_chemo,comparator,Placebo + paclitaxel-carboplatin,pMMR_PFS_placebo_chemo,weibull,941.2683233475989,948.6218309521355,115,8.104628079763643e-15
pMMR,PFS,placebo_chemo,comparator,Placebo + paclitaxel-carboplatin,pMMR_PFS_placebo_chemo,weibull,941.2683233475989,948.6218309521355,116,5.218048215738236e-15
pMMR,PFS,placebo_chemo,comparator,Placebo + paclitaxel-carboplatin,pMMR_PFS_placebo_chemo,weibull,941.2683233475989,948.6218309521355,117,3.3306690738754696e-15
pMMR,PFS,placebo_chemo,comparator,Placebo + paclitaxel-carboplatin,pMMR_PFS_placebo_chemo,weibull,941.2683233475989,948.6218309521355,118,2.220446049250313e-15
pMMR,PFS,placebo_chemo,comparator,Placebo + paclitaxel-carboplatin,pMMR_PFS_placebo_chemo,weibull,941.2683233475989,948.6218309521355,119,1.3322676295501878e-15
pMMR,PFS,placebo_chemo,comparator,Placebo + paclitaxel-carboplatin,pMMR_PFS_placebo_chemo,weibull,941.2683233475989,948.6218309521355,120,8.881784197001252e-16
pMMR,PFS,placebo_chemo,comparator,Placebo + paclitaxel-carboplatin,pMMR_PFS_placebo_chemo,weibull,941.2683233475989,948.6218309521355,121,5.551115123125783e-16
pMMR,PFS,placebo_chemo,comparator,Placebo + paclitaxel-carboplatin,pMMR_PFS_placebo_chemo,weibull,941.2683233475989,948.6218309521355,122,3.3306690738754696e-16
pMMR,PFS,placebo_chemo,comparator,Placebo + paclitaxel-carboplatin,pMMR_PFS_placebo_chemo,weibull,941.2683233475989,948.6218309521355,123,2.220446049250313e-16
pMMR,PFS,placebo_chemo,comparator,Placebo + paclitaxel-carboplatin,pMMR_PFS_placebo_chemo,weibull,941.2683233475989,948.6218309521355,124,1.1102230246251565e-16
pMMR,PFS,placebo_chemo,comparator,Placebo + paclitaxel-carboplatin,pMMR_PFS_placebo_chemo,weibull,941.2683233475989,948.6218309521355,125,1.1102230246251565e-16
pMMR,PFS,placebo_chemo,comparator,Placebo + paclitaxel-carboplatin,pMMR_PFS_placebo_chemo,weibull,941.2683233475989,948.6218309521355,126,1.1102230246251565e-16
pMMR,PFS,placebo_chemo,comparator,Placebo + paclitaxel-carboplatin,pMMR_PFS_placebo_chemo,weibull,941.2683233475989,948.6218309521355,127,0
pMMR,PFS,placebo_chemo,comparator,Placebo + paclitaxel-carboplatin,pMMR_PFS_placebo_chemo,weibull,941.2683233475989,948.6218309521355,128,0
pMMR,PFS,placebo_chemo,comparator,Placebo + paclitaxel-carboplatin,pMMR_PFS_placebo_chemo,weibull,941.2683233475989,948.6218309521355,129,0
pMMR,PFS,placebo_chemo,comparator,Placebo + paclitaxel-carboplatin,pMMR_PFS_placebo_chemo,weibull,941.2683233475989,948.6218309521355,130,0
pMMR,PFS,placebo_chemo,comparator,Placebo + paclitaxel-carboplatin,pMMR_PFS_placebo_chemo,weibull,941.2683233475989,948.6218309521355,131,0
pMMR,PFS,placebo_chemo,comparator,Placebo + paclitaxel-carboplatin,pMMR_PFS_placebo_chemo,weibull,941.2683233475989,948.6218309521355,132,0
pMMR,PFS,placebo_chemo,comparator,Placebo + paclitaxel-carboplatin,pMMR_PFS_placebo_chemo,weibull,941.2683233475989,948.6218309521355,133,0
pMMR,PFS,placebo_chemo,comparator,Placebo + paclitaxel-carboplatin,pMMR_PFS_placebo_chemo,weibull,941.2683233475989,948.6218309521355,134,0
pMMR,PFS,placebo_chemo,comparator,Placebo + paclitaxel-carboplatin,pMMR_PFS_placebo_chemo,weibull,941.2683233475989,948.6218309521355,135,0
pMMR,PFS,placebo_chemo,comparator,Placebo + paclitaxel-carboplatin,pMMR_PFS_placebo_chemo,weibull,941.2683233475989,948.6218309521355,136,0
pMMR,PFS,placebo_chemo,comparator,Placebo + paclitaxel-carboplatin,pMMR_PFS_placebo_chemo,weibull,941.2683233475989,948.6218309521355,137,0
pMMR,PFS,placebo_chemo,comparator,Placebo + paclitaxel-carboplatin,pMMR_PFS_placebo_chemo,weibull,941.2683233475989,948.6218309521355,138,0
pMMR,PFS,placebo_chemo,comparator,Placebo + paclitaxel-carboplatin,pMMR_PFS_placebo_chemo,weibull,941.2683233475989,948.6218309521355,139,0
pMMR,PFS,placebo_chemo,comparator,Placebo + paclitaxel-carboplatin,pMMR_PFS_placebo_chemo,weibull,941.2683233475989,948.6218309521355,140,0
pMMR,PFS,placebo_chemo,comparator,Placebo + paclitaxel-carboplatin,pMMR_PFS_placebo_chemo,weibull,941.2683233475989,948.6218309521355,141,0
pMMR,PFS,placebo_chemo,comparator,Placebo + paclitaxel-carboplatin,pMMR_PFS_placebo_chemo,weibull,941.2683233475989,948.6218309521355,142,0
pMMR,PFS,placebo_chemo,comparator,Placebo + paclitaxel-carboplatin,pMMR_PFS_placebo_chemo,weibull,941.2683233475989,948.6218309521355,143,0
pMMR,PFS,placebo_chemo,comparator,Placebo + paclitaxel-carboplatin,pMMR_PFS_placebo_chemo,weibull,941.2683233475989,948.6218309521355,144,0
pMMR,PFS,placebo_chemo,comparator,Placebo + paclitaxel-carboplatin,pMMR_PFS_placebo_chemo,weibull,941.2683233475989,948.6218309521355,145,0
pMMR,PFS,placebo_chemo,comparator,Placebo + paclitaxel-carboplatin,pMMR_PFS_placebo_chemo,weibull,941.2683233475989,948.6218309521355,146,0
pMMR,PFS,placebo_chemo,comparator,Placebo + paclitaxel-carboplatin,pMMR_PFS_placebo_chemo,weibull,941.2683233475989,948.6218309521355,147,0
pMMR,PFS,placebo_chemo,comparator,Placebo + paclitaxel-carboplatin,pMMR_PFS_placebo_chemo,weibull,941.2683233475989,948.6218309521355,148,0
pMMR,PFS,placebo_chemo,comparator,Placebo + paclitaxel-carboplatin,pMMR_PFS_placebo_chemo,weibull,941.2683233475989,948.6218309521355,149,0
pMMR,PFS,placebo_chemo,comparator,Placebo + paclitaxel-carboplatin,pMMR_PFS_placebo_chemo,weibull,941.2683233475989,948.6218309521355,150,0
pMMR,PFS,placebo_chemo,comparator,Placebo + paclitaxel-carboplatin,pMMR_PFS_placebo_chemo,weibull,941.2683233475989,948.6218309521355,151,0
pMMR,PFS,placebo_chemo,comparator,Placebo + paclitaxel-carboplatin,pMMR_PFS_placebo_chemo,weibull,941.2683233475989,948.6218309521355,152,0
pMMR,PFS,placebo_chemo,comparator,Placebo + paclitaxel-carboplatin,pMMR_PFS_placebo_chemo,weibull,941.2683233475989,948.6218309521355,153,0
pMMR,PFS,placebo_chemo,comparator,Placebo + paclitaxel-carboplatin,pMMR_PFS_placebo_chemo,weibull,941.2683233475989,948.6218309521355,154,0
pMMR,PFS,placebo_chemo,comparator,Placebo + paclitaxel-carboplatin,pMMR_PFS_placebo_chemo,weibull,941.2683233475989,948.6218309521355,155,0
pMMR,PFS,placebo_chemo,comparator,Placebo + paclitaxel-carboplatin,pMMR_PFS_placebo_chemo,weibull,941.2683233475989,948.6218309521355,156,0
pMMR,PFS,placebo_chemo,comparator,Placebo + paclitaxel-carboplatin,pMMR_PFS_placebo_chemo,weibull,941.2683233475989,948.6218309521355,157,0
pMMR,PFS,placebo_chemo,comparator,Placebo + paclitaxel-carboplatin,pMMR_PFS_placebo_chemo,weibull,941.2683233475989,948.6218309521355,158,0
pMMR,PFS,placebo_chemo,comparator,Placebo + paclitaxel-carboplatin,pMMR_PFS_placebo_chemo,weibull,941.2683233475989,948.6218309521355,159,0
pMMR,PFS,placebo_chemo,comparator,Placebo + paclitaxel-carboplatin,pMMR_PFS_placebo_chemo,weibull,941.2683233475989,948.6218309521355,160,0
pMMR,PFS,placebo_chemo,comparator,Placebo + paclitaxel-carboplatin,pMMR_PFS_placebo_chemo,weibull,941.2683233475989,948.6218309521355,161,0
pMMR,PFS,placebo_chemo,comparator,Placebo + paclitaxel-carboplatin,pMMR_PFS_placebo_chemo,weibull,941.2683233475989,948.6218309521355,162,0
pMMR,PFS,placebo_chemo,comparator,Placebo + paclitaxel-carboplatin,pMMR_PFS_placebo_chemo,weibull,941.2683233475989,948.6218309521355,163,0
pMMR,PFS,placebo_chemo,comparator,Placebo + paclitaxel-carboplatin,pMMR_PFS_placebo_chemo,weibull,941.2683233475989,948.6218309521355,164,0
pMMR,PFS,placebo_chemo,comparator,Placebo + paclitaxel-carboplatin,pMMR_PFS_placebo_chemo,weibull,941.2683233475989,948.6218309521355,165,0
pMMR,PFS,placebo_chemo,comparator,Placebo + paclitaxel-carboplatin,pMMR_PFS_placebo_chemo,weibull,941.2683233475989,948.6218309521355,166,0
pMMR,PFS,placebo_chemo,comparator,Placebo + paclitaxel-carboplatin,pMMR_PFS_placebo_chemo,weibull,941.2683233475989,948.6218309521355,167,0
pMMR,PFS,placebo_chemo,comparator,Placebo + paclitaxel-carboplatin,pMMR_PFS_placebo_chemo,weibull,941.2683233475989,948.6218309521355,168,0
pMMR,PFS,placebo_chemo,comparator,Placebo + paclitaxel-carboplatin,pMMR_PFS_placebo_chemo,weibull,941.2683233475989,948.6218309521355,169,0
pMMR,PFS,placebo_chemo,comparator,Placebo + paclitaxel-carboplatin,pMMR_PFS_placebo_chemo,weibull,941.2683233475989,948.6218309521355,170,0
pMMR,PFS,placebo_chemo,comparator,Placebo + paclitaxel-carboplatin,pMMR_PFS_placebo_chemo,weibull,941.2683233475989,948.6218309521355,171,0
pMMR,PFS,placebo_chemo,comparator,Placebo + paclitaxel-carboplatin,pMMR_PFS_placebo_chemo,weibull,941.2683233475989,948.6218309521355,172,0
pMMR,PFS,placebo_chemo,comparator,Placebo + paclitaxel-carboplatin,pMMR_PFS_placebo_chemo,weibull,941.2683233475989,948.6218309521355,173,0
pMMR,PFS,placebo_chemo,comparator,Placebo + paclitaxel-carboplatin,pMMR_PFS_placebo_chemo,weibull,941.2683233475989,948.6218309521355,174,0
pMMR,PFS,placebo_chemo,comparator,Placebo + paclitaxel-carboplatin,pMMR_PFS_placebo_chemo,weibull,941.2683233475989,948.6218309521355,175,0
pMMR,PFS,placebo_chemo,comparator,Placebo + paclitaxel-carboplatin,pMMR_PFS_placebo_chemo,weibull,941.2683233475989,948.6218309521355,176,0
pMMR,PFS,placebo_chemo,comparator,Placebo + paclitaxel-carboplatin,pMMR_PFS_placebo_chemo,weibull,941.2683233475989,948.6218309521355,177,0
pMMR,PFS,placebo_chemo,comparator,Placebo + paclitaxel-carboplatin,pMMR_PFS_placebo_chemo,weibull,941.2683233475989,948.6218309521355,178,0
pMMR,PFS,placebo_chemo,comparator,Placebo + paclitaxel-carboplatin,pMMR_PFS_placebo_chemo,weibull,941.2683233475989,948.6218309521355,179,0
pMMR,PFS,placebo_chemo,comparator,Placebo + paclitaxel-carboplatin,pMMR_PFS_placebo_chemo,weibull,941.2683233475989,948.6218309521355,180,0
pMMR,PFS,placebo_chemo,comparator,Placebo + paclitaxel-carboplatin,pMMR_PFS_placebo_chemo,weibull,941.2683233475989,948.6218309521355,181,0
pMMR,PFS,placebo_chemo,comparator,Placebo + paclitaxel-carboplatin,pMMR_PFS_placebo_chemo,weibull,941.2683233475989,948.6218309521355,182,0
pMMR,PFS,placebo_chemo,comparator,Placebo + paclitaxel-carboplatin,pMMR_PFS_placebo_chemo,weibull,941.2683233475989,948.6218309521355,183,0
pMMR,PFS,placebo_chemo,comparator,Placebo + paclitaxel-carboplatin,pMMR_PFS_placebo_chemo,weibull,941.2683233475989,948.6218309521355,184,0
pMMR,PFS,placebo_chemo,comparator,Placebo + paclitaxel-carboplatin,pMMR_PFS_placebo_chemo,weibull,941.2683233475989,948.6218309521355,185,0
pMMR,PFS,placebo_chemo,comparator,Placebo + paclitaxel-carboplatin,pMMR_PFS_placebo_chemo,weibull,941.2683233475989,948.6218309521355,186,0
pMMR,PFS,placebo_chemo,comparator,Placebo + paclitaxel-carboplatin,pMMR_PFS_placebo_chemo,weibull,941.2683233475989,948.6218309521355,187,0
pMMR,PFS,placebo_chemo,comparator,Placebo + paclitaxel-carboplatin,pMMR_PFS_placebo_chemo,weibull,941.2683233475989,948.6218309521355,188,0
pMMR,PFS,placebo_chemo,comparator,Placebo + paclitaxel-carboplatin,pMMR_PFS_placebo_chemo,weibull,941.2683233475989,948.6218309521355,189,0
pMMR,PFS,placebo_chemo,comparator,Placebo + paclitaxel-carboplatin,pMMR_PFS_placebo_chemo,weibull,941.2683233475989,948.6218309521355,190,0
pMMR,PFS,placebo_chemo,comparator,Placebo + paclitaxel-carboplatin,pMMR_PFS_placebo_chemo,weibull,941.2683233475989,948.6218309521355,191,0
pMMR,PFS,placebo_chemo,comparator,Placebo + paclitaxel-carboplatin,pMMR_PFS_placebo_chemo,weibull,941.2683233475989,948.6218309521355,192,0
pMMR,PFS,placebo_chemo,comparator,Placebo + paclitaxel-carboplatin,pMMR_PFS_placebo_chemo,weibull,941.2683233475989,948.6218309521355,193,0
pMMR,PFS,placebo_chemo,comparator,Placebo + paclitaxel-carboplatin,pMMR_PFS_placebo_chemo,weibull,941.2683233475989,948.6218309521355,194,0
pMMR,PFS,placebo_chemo,comparator,Placebo + paclitaxel-carboplatin,pMMR_PFS_placebo_chemo,weibull,941.2683233475989,948.6218309521355,195,0
pMMR,PFS,placebo_chemo,comparator,Placebo + paclitaxel-carboplatin,pMMR_PFS_placebo_chemo,weibull,941.2683233475989,948.6218309521355,196,0
pMMR,PFS,placebo_chemo,comparator,Placebo + paclitaxel-carboplatin,pMMR_PFS_placebo_chemo,weibull,941.2683233475989,948.6218309521355,197,0
pMMR,PFS,placebo_chemo,comparator,Placebo + paclitaxel-carboplatin,pMMR_PFS_placebo_chemo,weibull,941.2683233475989,948.6218309521355,198,0
pMMR,PFS,placebo_chemo,comparator,Placebo + paclitaxel-carboplatin,pMMR_PFS_placebo_chemo,weibull,941.2683233475989,948.6218309521355,199,0
pMMR,PFS,placebo_chemo,comparator,Placebo + paclitaxel-carboplatin,pMMR_PFS_placebo_chemo,weibull,941.2683233475989,948.6218309521355,200,0
pMMR,PFS,placebo_chemo,comparator,Placebo + paclitaxel-carboplatin,pMMR_PFS_placebo_chemo,weibull,941.2683233475989,948.6218309521355,201,0
pMMR,PFS,placebo_chemo,comparator,Placebo + paclitaxel-carboplatin,pMMR_PFS_placebo_chemo,weibull,941.2683233475989,948.6218309521355,202,0
pMMR,PFS,placebo_chemo,comparator,Placebo + paclitaxel-carboplatin,pMMR_PFS_placebo_chemo,weibull,941.2683233475989,948.6218309521355,203,0
pMMR,PFS,placebo_chemo,comparator,Placebo + paclitaxel-carboplatin,pMMR_PFS_placebo_chemo,weibull,941.2683233475989,948.6218309521355,204,0
pMMR,PFS,placebo_chemo,comparator,Placebo + paclitaxel-carboplatin,pMMR_PFS_placebo_chemo,weibull,941.2683233475989,948.6218309521355,205,0
pMMR,PFS,placebo_chemo,comparator,Placebo + paclitaxel-carboplatin,pMMR_PFS_placebo_chemo,weibull,941.2683233475989,948.6218309521355,206,0
pMMR,PFS,placebo_chemo,comparator,Placebo + paclitaxel-carboplatin,pMMR_PFS_placebo_chemo,weibull,941.2683233475989,948.6218309521355,207,0
pMMR,PFS,placebo_chemo,comparator,Placebo + paclitaxel-carboplatin,pMMR_PFS_placebo_chemo,weibull,941.2683233475989,948.6218309521355,208,0
pMMR,PFS,placebo_chemo,comparator,Placebo + paclitaxel-carboplatin,pMMR_PFS_placebo_chemo,weibull,941.2683233475989,948.6218309521355,209,0
pMMR,PFS,placebo_chemo,comparator,Placebo + paclitaxel-carboplatin,pMMR_PFS_placebo_chemo,weibull,941.2683233475989,948.6218309521355,210,0
pMMR,PFS,placebo_chemo,comparator,Placebo + paclitaxel-carboplatin,pMMR_PFS_placebo_chemo,weibull,941.2683233475989,948.6218309521355,211,0
pMMR,PFS,placebo_chemo,comparator,Placebo + paclitaxel-carboplatin,pMMR_PFS_placebo_chemo,weibull,941.2683233475989,948.6218309521355,212,0
pMMR,PFS,placebo_chemo,comparator,Placebo + paclitaxel-carboplatin,pMMR_PFS_placebo_chemo,weibull,941.2683233475989,948.6218309521355,213,0
pMMR,PFS,placebo_chemo,comparator,Placebo + paclitaxel-carboplatin,pMMR_PFS_placebo_chemo,weibull,941.2683233475989,948.6218309521355,214,0
pMMR,PFS,placebo_chemo,comparator,Placebo + paclitaxel-carboplatin,pMMR_PFS_placebo_chemo,weibull,941.2683233475989,948.6218309521355,215,0
pMMR,PFS,placebo_chemo,comparator,Placebo + paclitaxel-carboplatin,pMMR_PFS_placebo_chemo,weibull,941.2683233475989,948.6218309521355,216,0
pMMR,PFS,placebo_chemo,comparator,Placebo + paclitaxel-carboplatin,pMMR_PFS_placebo_chemo,weibull,941.2683233475989,948.6218309521355,217,0
pMMR,PFS,placebo_chemo,comparator,Placebo + paclitaxel-carboplatin,pMMR_PFS_placebo_chemo,weibull,941.2683233475989,948.6218309521355,218,0
pMMR,PFS,placebo_chemo,comparator,Placebo + paclitaxel-carboplatin,pMMR_PFS_placebo_chemo,weibull,941.2683233475989,948.6218309521355,219,0
pMMR,PFS,placebo_chemo,comparator,Placebo + paclitaxel-carboplatin,pMMR_PFS_placebo_chemo,weibull,941.2683233475989,948.6218309521355,220,0
pMMR,PFS,placebo_chemo,comparator,Placebo + paclitaxel-carboplatin,pMMR_PFS_placebo_chemo,weibull,941.2683233475989,948.6218309521355,221,0
pMMR,PFS,placebo_chemo,comparator,Placebo + paclitaxel-carboplatin,pMMR_PFS_placebo_chemo,weibull,941.2683233475989,948.6218309521355,222,0
pMMR,PFS,placebo_chemo,comparator,Placebo + paclitaxel-carboplatin,pMMR_PFS_placebo_chemo,weibull,941.2683233475989,948.6218309521355,223,0
pMMR,PFS,placebo_chemo,comparator,Placebo + paclitaxel-carboplatin,pMMR_PFS_placebo_chemo,weibull,941.2683233475989,948.6218309521355,224,0
pMMR,PFS,placebo_chemo,comparator,Placebo + paclitaxel-carboplatin,pMMR_PFS_placebo_chemo,weibull,941.2683233475989,948.6218309521355,225,0
pMMR,PFS,placebo_chemo,comparator,Placebo + paclitaxel-carboplatin,pMMR_PFS_placebo_chemo,weibull,941.2683233475989,948.6218309521355,226,0
pMMR,PFS,placebo_chemo,comparator,Placebo + paclitaxel-carboplatin,pMMR_PFS_placebo_chemo,weibull,941.2683233475989,948.6218309521355,227,0
pMMR,PFS,placebo_chemo,comparator,Placebo + paclitaxel-carboplatin,pMMR_PFS_placebo_chemo,weibull,941.2683233475989,948.6218309521355,228,0
pMMR,PFS,placebo_chemo,comparator,Placebo + paclitaxel-carboplatin,pMMR_PFS_placebo_chemo,weibull,941.2683233475989,948.6218309521355,229,0
pMMR,PFS,placebo_chemo,comparator,Placebo + paclitaxel-carboplatin,pMMR_PFS_placebo_chemo,weibull,941.2683233475989,948.6218309521355,230,0
pMMR,PFS,placebo_chemo,comparator,Placebo + paclitaxel-carboplatin,pMMR_PFS_placebo_chemo,weibull,941.2683233475989,948.6218309521355,231,0
pMMR,PFS,placebo_chemo,comparator,Placebo + paclitaxel-carboplatin,pMMR_PFS_placebo_chemo,weibull,941.2683233475989,948.6218309521355,232,0
pMMR,PFS,placebo_chemo,comparator,Placebo + paclitaxel-carboplatin,pMMR_PFS_placebo_chemo,weibull,941.2683233475989,948.6218309521355,233,0
pMMR,PFS,placebo_chemo,comparator,Placebo + paclitaxel-carboplatin,pMMR_PFS_placebo_chemo,weibull,941.2683233475989,948.6218309521355,234,0
pMMR,PFS,placebo_chemo,comparator,Placebo + paclitaxel-carboplatin,pMMR_PFS_placebo_chemo,weibull,941.2683233475989,948.6218309521355,235,0
pMMR,PFS,placebo_chemo,comparator,Placebo + paclitaxel-carboplatin,pMMR_PFS_placebo_chemo,weibull,941.2683233475989,948.6218309521355,236,0
pMMR,PFS,placebo_chemo,comparator,Placebo + paclitaxel-carboplatin,pMMR_PFS_placebo_chemo,weibull,941.2683233475989,948.6218309521355,237,0
pMMR,PFS,placebo_chemo,comparator,Placebo + paclitaxel-carboplatin,pMMR_PFS_placebo_chemo,weibull,941.2683233475989,948.6218309521355,238,0
pMMR,PFS,placebo_chemo,comparator,Placebo + paclitaxel-carboplatin,pMMR_PFS_placebo_chemo,weibull,941.2683233475989,948.6218309521355,239,0
pMMR,PFS,placebo_chemo,comparator,Placebo + paclitaxel-carboplatin,pMMR_PFS_placebo_chemo,weibull,941.2683233475989,948.6218309521355,240,0
pMMR,PFS,placebo_chemo,comparator,Placebo + paclitaxel-carboplatin,pMMR_PFS_placebo_chemo,weibull,941.2683233475989,948.6218309521355,241,0
pMMR,PFS,placebo_chemo,comparator,Placebo + paclitaxel-carboplatin,pMMR_PFS_placebo_chemo,weibull,941.2683233475989,948.6218309521355,242,0
pMMR,PFS,placebo_chemo,comparator,Placebo + paclitaxel-carboplatin,pMMR_PFS_placebo_chemo,weibull,941.2683233475989,948.6218309521355,243,0
pMMR,PFS,placebo_chemo,comparator,Placebo + paclitaxel-carboplatin,pMMR_PFS_placebo_chemo,weibull,941.2683233475989,948.6218309521355,244,0
pMMR,PFS,placebo_chemo,comparator,Placebo + paclitaxel-carboplatin,pMMR_PFS_placebo_chemo,weibull,941.2683233475989,948.6218309521355,245,0
pMMR,PFS,placebo_chemo,comparator,Placebo + paclitaxel-carboplatin,pMMR_PFS_placebo_chemo,weibull,941.2683233475989,948.6218309521355,246,0
pMMR,PFS,placebo_chemo,comparator,Placebo + paclitaxel-carboplatin,pMMR_PFS_placebo_chemo,weibull,941.2683233475989,948.6218309521355,247,0
pMMR,PFS,placebo_chemo,comparator,Placebo + paclitaxel-carboplatin,pMMR_PFS_placebo_chemo,weibull,941.2683233475989,948.6218309521355,248,0
pMMR,PFS,placebo_chemo,comparator,Placebo + paclitaxel-carboplatin,pMMR_PFS_placebo_chemo,weibull,941.2683233475989,948.6218309521355,249,0
pMMR,PFS,placebo_chemo,comparator,Placebo + paclitaxel-carboplatin,pMMR_PFS_placebo_chemo,weibull,941.2683233475989,948.6218309521355,250,0
pMMR,PFS,placebo_chemo,comparator,Placebo + paclitaxel-carboplatin,pMMR_PFS_placebo_chemo,weibull,941.2683233475989,948.6218309521355,251,0
pMMR,PFS,placebo_chemo,comparator,Placebo + paclitaxel-carboplatin,pMMR_PFS_placebo_chemo,weibull,941.2683233475989,948.6218309521355,252,0
pMMR,PFS,placebo_chemo,comparator,Placebo + paclitaxel-carboplatin,pMMR_PFS_placebo_chemo,weibull,941.2683233475989,948.6218309521355,253,0
pMMR,PFS,placebo_chemo,comparator,Placebo + paclitaxel-carboplatin,pMMR_PFS_placebo_chemo,weibull,941.2683233475989,948.6218309521355,254,0
pMMR,PFS,placebo_chemo,comparator,Placebo + paclitaxel-carboplatin,pMMR_PFS_placebo_chemo,weibull,941.2683233475989,948.6218309521355,255,0
pMMR,PFS,placebo_chemo,comparator,Placebo + paclitaxel-carboplatin,pMMR_PFS_placebo_chemo,weibull,941.2683233475989,948.6218309521355,256,0
pMMR,PFS,placebo_chemo,comparator,Placebo + paclitaxel-carboplatin,pMMR_PFS_placebo_chemo,weibull,941.2683233475989,948.6218309521355,257,0
pMMR,PFS,placebo_chemo,comparator,Placebo + paclitaxel-carboplatin,pMMR_PFS_placebo_chemo,weibull,941.2683233475989,948.6218309521355,258,0
pMMR,PFS,placebo_chemo,comparator,Placebo + paclitaxel-carboplatin,pMMR_PFS_placebo_chemo,weibull,941.2683233475989,948.6218309521355,259,0
pMMR,PFS,placebo_chemo,comparator,Placebo + paclitaxel-carboplatin,pMMR_PFS_placebo_chemo,weibull,941.2683233475989,948.6218309521355,260,0
pMMR,PFS,placebo_chemo,comparator,Placebo + paclitaxel-carboplatin,pMMR_PFS_placebo_chemo,weibull,941.2683233475989,948.6218309521355,261,0
pMMR,PFS,placebo_chemo,comparator,Placebo + paclitaxel-carboplatin,pMMR_PFS_placebo_chemo,weibull,941.2683233475989,948.6218309521355,262,0
pMMR,PFS,placebo_chemo,comparator,Placebo + paclitaxel-carboplatin,pMMR_PFS_placebo_chemo,weibull,941.2683233475989,948.6218309521355,263,0
pMMR,PFS,placebo_chemo,comparator,Placebo + paclitaxel-carboplatin,pMMR_PFS_placebo_chemo,weibull,941.2683233475989,948.6218309521355,264,0
pMMR,PFS,placebo_chemo,comparator,Placebo + paclitaxel-carboplatin,pMMR_PFS_placebo_chemo,weibull,941.2683233475989,948.6218309521355,265,0
pMMR,PFS,placebo_chemo,comparator,Placebo + paclitaxel-carboplatin,pMMR_PFS_placebo_chemo,weibull,941.2683233475989,948.6218309521355,266,0
pMMR,PFS,placebo_chemo,comparator,Placebo + paclitaxel-carboplatin,pMMR_PFS_placebo_chemo,weibull,941.2683233475989,948.6218309521355,267,0
pMMR,PFS,placebo_chemo,comparator,Placebo + paclitaxel-carboplatin,pMMR_PFS_placebo_chemo,weibull,941.2683233475989,948.6218309521355,268,0
pMMR,PFS,placebo_chemo,comparator,Placebo + paclitaxel-carboplatin,pMMR_PFS_placebo_chemo,weibull,941.2683233475989,948.6218309521355,269,0
pMMR,PFS,placebo_chemo,comparator,Placebo + paclitaxel-carboplatin,pMMR_PFS_placebo_chemo,weibull,941.2683233475989,948.6218309521355,270,0
pMMR,PFS,placebo_chemo,comparator,Placebo + paclitaxel-carboplatin,pMMR_PFS_placebo_chemo,weibull,941.2683233475989,948.6218309521355,271,0
pMMR,PFS,placebo_chemo,comparator,Placebo + paclitaxel-carboplatin,pMMR_PFS_placebo_chemo,weibull,941.2683233475989,948.6218309521355,272,0
pMMR,PFS,placebo_chemo,comparator,Placebo + paclitaxel-carboplatin,pMMR_PFS_placebo_chemo,weibull,941.2683233475989,948.6218309521355,273,0
pMMR,PFS,placebo_chemo,comparator,Placebo + paclitaxel-carboplatin,pMMR_PFS_placebo_chemo,weibull,941.2683233475989,948.6218309521355,274,0
pMMR,PFS,placebo_chemo,comparator,Placebo + paclitaxel-carboplatin,pMMR_PFS_placebo_chemo,weibull,941.2683233475989,948.6218309521355,275,0
pMMR,PFS,placebo_chemo,comparator,Placebo + paclitaxel-carboplatin,pMMR_PFS_placebo_chemo,weibull,941.2683233475989,948.6218309521355,276,0
pMMR,PFS,placebo_chemo,comparator,Placebo + paclitaxel-carboplatin,pMMR_PFS_placebo_chemo,weibull,941.2683233475989,948.6218309521355,277,0
pMMR,PFS,placebo_chemo,comparator,Placebo + paclitaxel-carboplatin,pMMR_PFS_placebo_chemo,weibull,941.2683233475989,948.6218309521355,278,0
pMMR,PFS,placebo_chemo,comparator,Placebo + paclitaxel-carboplatin,pMMR_PFS_placebo_chemo,weibull,941.2683233475989,948.6218309521355,279,0
pMMR,PFS,placebo_chemo,comparator,Placebo + paclitaxel-carboplatin,pMMR_PFS_placebo_chemo,weibull,941.2683233475989,948.6218309521355,280,0
pMMR,PFS,placebo_chemo,comparator,Placebo + paclitaxel-carboplatin,pMMR_PFS_placebo_chemo,weibull,941.2683233475989,948.6218309521355,281,0
pMMR,PFS,placebo_chemo,comparator,Placebo + paclitaxel-carboplatin,pMMR_PFS_placebo_chemo,weibull,941.2683233475989,948.6218309521355,282,0
pMMR,PFS,placebo_chemo,comparator,Placebo + paclitaxel-carboplatin,pMMR_PFS_placebo_chemo,weibull,941.2683233475989,948.6218309521355,283,0
pMMR,PFS,placebo_chemo,comparator,Placebo + paclitaxel-carboplatin,pMMR_PFS_placebo_chemo,weibull,941.2683233475989,948.6218309521355,284,0
pMMR,PFS,placebo_chemo,comparator,Placebo + paclitaxel-carboplatin,pMMR_PFS_placebo_chemo,weibull,941.2683233475989,948.6218309521355,285,0
pMMR,PFS,placebo_chemo,comparator,Placebo + paclitaxel-carboplatin,pMMR_PFS_placebo_chemo,weibull,941.2683233475989,948.6218309521355,286,0
pMMR,PFS,placebo_chemo,comparator,Placebo + paclitaxel-carboplatin,pMMR_PFS_placebo_chemo,weibull,941.2683233475989,948.6218309521355,287,0
pMMR,PFS,placebo_chemo,comparator,Placebo + paclitaxel-carboplatin,pMMR_PFS_placebo_chemo,weibull,941.2683233475989,948.6218309521355,288,0
pMMR,PFS,placebo_chemo,comparator,Placebo + paclitaxel-carboplatin,pMMR_PFS_placebo_chemo,weibull,941.2683233475989,948.6218309521355,289,0
pMMR,PFS,placebo_chemo,comparator,Placebo + paclitaxel-carboplatin,pMMR_PFS_placebo_chemo,weibull,941.2683233475989,948.6218309521355,290,0
pMMR,PFS,placebo_chemo,comparator,Placebo + paclitaxel-carboplatin,pMMR_PFS_placebo_chemo,weibull,941.2683233475989,948.6218309521355,291,0
pMMR,PFS,placebo_chemo,comparator,Placebo + paclitaxel-carboplatin,pMMR_PFS_placebo_chemo,weibull,941.2683233475989,948.6218309521355,292,0
pMMR,PFS,placebo_chemo,comparator,Placebo + paclitaxel-carboplatin,pMMR_PFS_placebo_chemo,weibull,941.2683233475989,948.6218309521355,293,0
pMMR,PFS,placebo_chemo,comparator,Placebo + paclitaxel-carboplatin,pMMR_PFS_placebo_chemo,weibull,941.2683233475989,948.6218309521355,294,0
pMMR,PFS,placebo_chemo,comparator,Placebo + paclitaxel-carboplatin,pMMR_PFS_placebo_chemo,weibull,941.2683233475989,948.6218309521355,295,0
pMMR,PFS,placebo_chemo,comparator,Placebo + paclitaxel-carboplatin,pMMR_PFS_placebo_chemo,weibull,941.2683233475989,948.6218309521355,296,0
pMMR,PFS,placebo_chemo,comparator,Placebo + paclitaxel-carboplatin,pMMR_PFS_placebo_chemo,weibull,941.2683233475989,948.6218309521355,297,0
pMMR,PFS,placebo_chemo,comparator,Placebo + paclitaxel-carboplatin,pMMR_PFS_placebo_chemo,weibull,941.2683233475989,948.6218309521355,298,0
pMMR,PFS,placebo_chemo,comparator,Placebo + paclitaxel-carboplatin,pMMR_PFS_placebo_chemo,weibull,941.2683233475989,948.6218309521355,299,0
pMMR,PFS,placebo_chemo,comparator,Placebo + paclitaxel-carboplatin,pMMR_PFS_placebo_chemo,weibull,941.2683233475989,948.6218309521355,300,0
pMMR,PFS,placebo_chemo,comparator,Placebo + paclitaxel-carboplatin,pMMR_PFS_placebo_chemo,weibull,941.2683233475989,948.6218309521355,301,0
pMMR,PFS,placebo_chemo,comparator,Placebo + paclitaxel-carboplatin,pMMR_PFS_placebo_chemo,weibull,941.2683233475989,948.6218309521355,302,0
pMMR,PFS,placebo_chemo,comparator,Placebo + paclitaxel-carboplatin,pMMR_PFS_placebo_chemo,weibull,941.2683233475989,948.6218309521355,303,0
pMMR,PFS,placebo_chemo,comparator,Placebo + paclitaxel-carboplatin,pMMR_PFS_placebo_chemo,weibull,941.2683233475989,948.6218309521355,304,0
pMMR,PFS,placebo_chemo,comparator,Placebo + paclitaxel-carboplatin,pMMR_PFS_placebo_chemo,weibull,941.2683233475989,948.6218309521355,305,0
pMMR,PFS,placebo_chemo,comparator,Placebo + paclitaxel-carboplatin,pMMR_PFS_placebo_chemo,weibull,941.2683233475989,948.6218309521355,306,0
pMMR,PFS,placebo_chemo,comparator,Placebo + paclitaxel-carboplatin,pMMR_PFS_placebo_chemo,weibull,941.2683233475989,948.6218309521355,307,0
pMMR,PFS,placebo_chemo,comparator,Placebo + paclitaxel-carboplatin,pMMR_PFS_placebo_chemo,weibull,941.2683233475989,948.6218309521355,308,0
pMMR,PFS,placebo_chemo,comparator,Placebo + paclitaxel-carboplatin,pMMR_PFS_placebo_chemo,weibull,941.2683233475989,948.6218309521355,309,0
pMMR,PFS,placebo_chemo,comparator,Placebo + paclitaxel-carboplatin,pMMR_PFS_placebo_chemo,weibull,941.2683233475989,948.6218309521355,310,0
pMMR,PFS,placebo_chemo,comparator,Placebo + paclitaxel-carboplatin,pMMR_PFS_placebo_chemo,weibull,941.2683233475989,948.6218309521355,311,0
pMMR,PFS,placebo_chemo,comparator,Placebo + paclitaxel-carboplatin,pMMR_PFS_placebo_chemo,weibull,941.2683233475989,948.6218309521355,312,0
pMMR,PFS,placebo_chemo,comparator,Placebo + paclitaxel-carboplatin,pMMR_PFS_placebo_chemo,weibull,941.2683233475989,948.6218309521355,313,0
pMMR,PFS,placebo_chemo,comparator,Placebo + paclitaxel-carboplatin,pMMR_PFS_placebo_chemo,weibull,941.2683233475989,948.6218309521355,314,0
pMMR,PFS,placebo_chemo,comparator,Placebo + paclitaxel-carboplatin,pMMR_PFS_placebo_chemo,weibull,941.2683233475989,948.6218309521355,315,0
pMMR,PFS,placebo_chemo,comparator,Placebo + paclitaxel-carboplatin,pMMR_PFS_placebo_chemo,weibull,941.2683233475989,948.6218309521355,316,0
pMMR,PFS,placebo_chemo,comparator,Placebo + paclitaxel-carboplatin,pMMR_PFS_placebo_chemo,weibull,941.2683233475989,948.6218309521355,317,0
pMMR,PFS,placebo_chemo,comparator,Placebo + paclitaxel-carboplatin,pMMR_PFS_placebo_chemo,weibull,941.2683233475989,948.6218309521355,318,0
pMMR,PFS,placebo_chemo,comparator,Placebo + paclitaxel-carboplatin,pMMR_PFS_placebo_chemo,weibull,941.2683233475989,948.6218309521355,319,0
pMMR,PFS,placebo_chemo,comparator,Placebo + paclitaxel-carboplatin,pMMR_PFS_placebo_chemo,weibull,941.2683233475989,948.6218309521355,320,0
pMMR,PFS,placebo_chemo,comparator,Placebo + paclitaxel-carboplatin,pMMR_PFS_placebo_chemo,weibull,941.2683233475989,948.6218309521355,321,0
pMMR,PFS,placebo_chemo,comparator,Placebo + paclitaxel-carboplatin,pMMR_PFS_placebo_chemo,weibull,941.2683233475989,948.6218309521355,322,0
pMMR,PFS,placebo_chemo,comparator,Placebo + paclitaxel-carboplatin,pMMR_PFS_placebo_chemo,weibull,941.2683233475989,948.6218309521355,323,0
pMMR,PFS,placebo_chemo,comparator,Placebo + paclitaxel-carboplatin,pMMR_PFS_placebo_chemo,weibull,941.2683233475989,948.6218309521355,324,0
pMMR,PFS,placebo_chemo,comparator,Placebo + paclitaxel-carboplatin,pMMR_PFS_placebo_chemo,weibull,941.2683233475989,948.6218309521355,325,0
pMMR,PFS,placebo_chemo,comparator,Placebo + paclitaxel-carboplatin,pMMR_PFS_placebo_chemo,weibull,941.2683233475989,948.6218309521355,326,0
pMMR,PFS,placebo_chemo,comparator,Placebo + paclitaxel-carboplatin,pMMR_PFS_placebo_chemo,weibull,941.2683233475989,948.6218309521355,327,0
pMMR,PFS,placebo_chemo,comparator,Placebo + paclitaxel-carboplatin,pMMR_PFS_placebo_chemo,weibull,941.2683233475989,948.6218309521355,328,0
pMMR,PFS,placebo_chemo,comparator,Placebo + paclitaxel-carboplatin,pMMR_PFS_placebo_chemo,weibull,941.2683233475989,948.6218309521355,329,0
pMMR,PFS,placebo_chemo,comparator,Placebo + paclitaxel-carboplatin,pMMR_PFS_placebo_chemo,weibull,941.2683233475989,948.6218309521355,330,0
pMMR,PFS,placebo_chemo,comparator,Placebo + paclitaxel-carboplatin,pMMR_PFS_placebo_chemo,weibull,941.2683233475989,948.6218309521355,331,0
pMMR,PFS,placebo_chemo,comparator,Placebo + paclitaxel-carboplatin,pMMR_PFS_placebo_chemo,weibull,941.2683233475989,948.6218309521355,332,0
pMMR,PFS,placebo_chemo,comparator,Placebo + paclitaxel-carboplatin,pMMR_PFS_placebo_chemo,weibull,941.2683233475989,948.6218309521355,333,0
pMMR,PFS,placebo_chemo,comparator,Placebo + paclitaxel-carboplatin,pMMR_PFS_placebo_chemo,weibull,941.2683233475989,948.6218309521355,334,0
pMMR,PFS,placebo_chemo,comparator,Placebo + paclitaxel-carboplatin,pMMR_PFS_placebo_chemo,weibull,941.2683233475989,948.6218309521355,335,0
pMMR,PFS,placebo_chemo,comparator,Placebo + paclitaxel-carboplatin,pMMR_PFS_placebo_chemo,weibull,941.2683233475989,948.6218309521355,336,0
pMMR,PFS,placebo_chemo,comparator,Placebo + paclitaxel-carboplatin,pMMR_PFS_placebo_chemo,weibull,941.2683233475989,948.6218309521355,337,0
pMMR,PFS,placebo_chemo,comparator,Placebo + paclitaxel-carboplatin,pMMR_PFS_placebo_chemo,weibull,941.2683233475989,948.6218309521355,338,0
pMMR,PFS,placebo_chemo,comparator,Placebo + paclitaxel-carboplatin,pMMR_PFS_placebo_chemo,weibull,941.2683233475989,948.6218309521355,339,0
pMMR,PFS,placebo_chemo,comparator,Placebo + paclitaxel-carboplatin,pMMR_PFS_placebo_chemo,weibull,941.2683233475989,948.6218309521355,340,0
pMMR,PFS,placebo_chemo,comparator,Placebo + paclitaxel-carboplatin,pMMR_PFS_placebo_chemo,weibull,941.2683233475989,948.6218309521355,341,0
pMMR,PFS,placebo_chemo,comparator,Placebo + paclitaxel-carboplatin,pMMR_PFS_placebo_chemo,weibull,941.2683233475989,948.6218309521355,342,0
pMMR,PFS,placebo_chemo,comparator,Placebo + paclitaxel-carboplatin,pMMR_PFS_placebo_chemo,weibull,941.2683233475989,948.6218309521355,343,0
pMMR,PFS,placebo_chemo,comparator,Placebo + paclitaxel-carboplatin,pMMR_PFS_placebo_chemo,weibull,941.2683233475989,948.6218309521355,344,0
pMMR,PFS,placebo_chemo,comparator,Placebo + paclitaxel-carboplatin,pMMR_PFS_placebo_chemo,weibull,941.2683233475989,948.6218309521355,345,0
pMMR,PFS,placebo_chemo,comparator,Placebo + paclitaxel-carboplatin,pMMR_PFS_placebo_chemo,weibull,941.2683233475989,948.6218309521355,346,0
pMMR,PFS,placebo_chemo,comparator,Placebo + paclitaxel-carboplatin,pMMR_PFS_placebo_chemo,weibull,941.2683233475989,948.6218309521355,347,0
pMMR,PFS,placebo_chemo,comparator,Placebo + paclitaxel-carboplatin,pMMR_PFS_placebo_chemo,weibull,941.2683233475989,948.6218309521355,348,0
pMMR,PFS,placebo_chemo,comparator,Placebo + paclitaxel-carboplatin,pMMR_PFS_placebo_chemo,weibull,941.2683233475989,948.6218309521355,349,0
pMMR,PFS,placebo_chemo,comparator,Placebo + paclitaxel-carboplatin,pMMR_PFS_placebo_chemo,weibull,941.2683233475989,948.6218309521355,350,0
pMMR,PFS,placebo_chemo,comparator,Placebo + paclitaxel-carboplatin,pMMR_PFS_placebo_chemo,weibull,941.2683233475989,948.6218309521355,351,0
pMMR,PFS,placebo_chemo,comparator,Placebo + paclitaxel-carboplatin,pMMR_PFS_placebo_chemo,weibull,941.2683233475989,948.6218309521355,352,0
pMMR,PFS,placebo_chemo,comparator,Placebo + paclitaxel-carboplatin,pMMR_PFS_placebo_chemo,weibull,941.2683233475989,948.6218309521355,353,0
pMMR,PFS,placebo_chemo,comparator,Placebo + paclitaxel-carboplatin,pMMR_PFS_placebo_chemo,weibull,941.2683233475989,948.6218309521355,354,0
pMMR,PFS,placebo_chemo,comparator,Placebo + paclitaxel-carboplatin,pMMR_PFS_placebo_chemo,weibull,941.2683233475989,948.6218309521355,355,0
pMMR,PFS,placebo_chemo,comparator,Placebo + paclitaxel-carboplatin,pMMR_PFS_placebo_chemo,weibull,941.2683233475989,948.6218309521355,356,0
pMMR,PFS,placebo_chemo,comparator,Placebo + paclitaxel-carboplatin,pMMR_PFS_placebo_chemo,weibull,941.2683233475989,948.6218309521355,357,0
pMMR,PFS,placebo_chemo,comparator,Placebo + paclitaxel-carboplatin,pMMR_PFS_placebo_chemo,weibull,941.2683233475989,948.6218309521355,358,0
pMMR,PFS,placebo_chemo,comparator,Placebo + paclitaxel-carboplatin,pMMR_PFS_placebo_chemo,weibull,941.2683233475989,948.6218309521355,359,0
pMMR,PFS,placebo_chemo,comparator,Placebo + paclitaxel-carboplatin,pMMR_PFS_placebo_chemo,weibull,941.2683233475989,948.6218309521355,360,0
pMMR,PFS,pembro_chemo,intervention,Pembrolizumab + paclitaxel-carboplatin,pMMR_PFS_pembro_chemo,loglogistic,738.453541593105,745.793303439066,0,1
pMMR,PFS,pembro_chemo,intervention,Pembrolizumab + paclitaxel-carboplatin,pMMR_PFS_pembro_chemo,loglogistic,738.453541593105,745.793303439066,1,0.9902058413052597
pMMR,PFS,pembro_chemo,intervention,Pembrolizumab + paclitaxel-carboplatin,pMMR_PFS_pembro_chemo,loglogistic,738.453541593105,745.793303439066,2,0.9683678589247384
pMMR,PFS,pembro_chemo,intervention,Pembrolizumab + paclitaxel-carboplatin,pMMR_PFS_pembro_chemo,loglogistic,738.453541593105,745.793303439066,3,0.9383465650195686
pMMR,PFS,pembro_chemo,intervention,Pembrolizumab + paclitaxel-carboplatin,pMMR_PFS_pembro_chemo,loglogistic,738.453541593105,745.793303439066,4,0.9026260767257729
pMMR,PFS,pembro_chemo,intervention,Pembrolizumab + paclitaxel-carboplatin,pMMR_PFS_pembro_chemo,loglogistic,738.453541593105,745.793303439066,5,0.8632023344207918
pMMR,PFS,pembro_chemo,intervention,Pembrolizumab + paclitaxel-carboplatin,pMMR_PFS_pembro_chemo,loglogistic,738.453541593105,745.793303439066,6,0.8216991488116012
pMMR,PFS,pembro_chemo,intervention,Pembrolizumab + paclitaxel-carboplatin,pMMR_PFS_pembro_chemo,loglogistic,738.453541593105,745.793303439066,7,0.7794067231650341
pMMR,PFS,pembro_chemo,intervention,Pembrolizumab + paclitaxel-carboplatin,pMMR_PFS_pembro_chemo,loglogistic,738.453541593105,745.793303439066,8,0.7373153757756252
pMMR,PFS,pembro_chemo,intervention,Pembrolizumab + paclitaxel-carboplatin,pMMR_PFS_pembro_chemo,loglogistic,738.453541593105,745.793303439066,9,0.6961548933474924
pMMR,PFS,pembro_chemo,intervention,Pembrolizumab + paclitaxel-carboplatin,pMMR_PFS_pembro_chemo,loglogistic,738.453541593105,745.793303439066,10,0.6564373553709225
pMMR,PFS,pembro_chemo,intervention,Pembrolizumab + paclitaxel-carboplatin,pMMR_PFS_pembro_chemo,loglogistic,738.453541593105,745.793303439066,11,0.61849943315878
pMMR,PFS,pembro_chemo,intervention,Pembrolizumab + paclitaxel-carboplatin,pMMR_PFS_pembro_chemo,loglogistic,738.453541593105,745.793303439066,12,0.5825411020509013
pMMR,PFS,pembro_chemo,intervention,Pembrolizumab + paclitaxel-carboplatin,pMMR_PFS_pembro_chemo,loglogistic,738.453541593105,745.793303439066,13,0.5486590979788984
pMMR,PFS,pembro_chemo,intervention,Pembrolizumab + paclitaxel-carboplatin,pMMR_PFS_pembro_chemo,loglogistic,738.453541593105,745.793303439066,14,0.5168745918626707
pMMR,PFS,pembro_chemo,intervention,Pembrolizumab + paclitaxel-carboplatin,pMMR_PFS_pembro_chemo,loglogistic,738.453541593105,745.793303439066,15,0.48715530164509724
pMMR,PFS,pembro_chemo,intervention,Pembrolizumab + paclitaxel-carboplatin,pMMR_PFS_pembro_chemo,loglogistic,738.453541593105,745.793303439066,16,0.4594326633952701
pMMR,PFS,pembro_chemo,intervention,Pembrolizumab + paclitaxel-carboplatin,pMMR_PFS_pembro_chemo,loglogistic,738.453541593105,745.793303439066,17,0.43361484083962987
pMMR,PFS,pembro_chemo,intervention,Pembrolizumab + paclitaxel-carboplatin,pMMR_PFS_pembro_chemo,loglogistic,738.453541593105,745.793303439066,18,0.4095963609295783
pMMR,PFS,pembro_chemo,intervention,Pembrolizumab + paclitaxel-carboplatin,pMMR_PFS_pembro_chemo,loglogistic,738.453541593105,745.793303439066,19,0.3872650917924112
pMMR,PFS,pembro_chemo,intervention,Pembrolizumab + paclitaxel-carboplatin,pMMR_PFS_pembro_chemo,loglogistic,738.453541593105,745.793303439066,20,0.36650717469728256
pMMR,PFS,pembro_chemo,intervention,Pembrolizumab + paclitaxel-carboplatin,pMMR_PFS_pembro_chemo,loglogistic,738.453541593105,745.793303439066,21,0.3472104106891615
pMMR,PFS,pembro_chemo,intervention,Pembrolizumab + paclitaxel-carboplatin,pMMR_PFS_pembro_chemo,loglogistic,738.453541593105,745.793303439066,22,0.3292664995433974
pMMR,PFS,pembro_chemo,intervention,Pembrolizumab + paclitaxel-carboplatin,pMMR_PFS_pembro_chemo,loglogistic,738.453541593105,745.793303439066,23,0.31257243982335237
pMMR,PFS,pembro_chemo,intervention,Pembrolizumab + paclitaxel-carboplatin,pMMR_PFS_pembro_chemo,loglogistic,738.453541593105,745.793303439066,24,0.2970313255990308
pMMR,PFS,pembro_chemo,intervention,Pembrolizumab + paclitaxel-carboplatin,pMMR_PFS_pembro_chemo,loglogistic,738.453541593105,745.793303439066,25,0.2825527169258547
pMMR,PFS,pembro_chemo,intervention,Pembrolizumab + paclitaxel-carboplatin,pMMR_PFS_pembro_chemo,loglogistic,738.453541593105,745.793303439066,26,0.26905271556496846
pMMR,PFS,pembro_chemo,intervention,Pembrolizumab + paclitaxel-carboplatin,pMMR_PFS_pembro_chemo,loglogistic,738.453541593105,745.793303439066,27,0.25645384243630687
pMMR,PFS,pembro_chemo,intervention,Pembrolizumab + paclitaxel-carboplatin,pMMR_PFS_pembro_chemo,loglogistic,738.453541593105,745.793303439066,28,0.2446847868166402
pMMR,PFS,pembro_chemo,intervention,Pembrolizumab + paclitaxel-carboplatin,pMMR_PFS_pembro_chemo,loglogistic,738.453541593105,745.793303439066,29,0.233680077475939
pMMR,PFS,pembro_chemo,intervention,Pembrolizumab + paclitaxel-carboplatin,pMMR_PFS_pembro_chemo,loglogistic,738.453541593105,745.793303439066,30,0.2233797112503919
pMMR,PFS,pembro_chemo,intervention,Pembrolizumab + paclitaxel-carboplatin,pMMR_PFS_pembro_chemo,loglogistic,738.453541593105,745.793303439066,31,0.2137287637467541
pMMR,PFS,pembro_chemo,intervention,Pembrolizumab + paclitaxel-carboplatin,pMMR_PFS_pembro_chemo,loglogistic,738.453541593105,745.793303439066,32,0.20467699899459113
pMMR,PFS,pembro_chemo,intervention,Pembrolizumab + paclitaxel-carboplatin,pMMR_PFS_pembro_chemo,loglogistic,738.453541593105,745.793303439066,33,0.19617848916617475
pMMR,PFS,pembro_chemo,intervention,Pembrolizumab + paclitaxel-carboplatin,pMMR_PFS_pembro_chemo,loglogistic,738.453541593105,745.793303439066,34,0.1881912514020888
pMMR,PFS,pembro_chemo,intervention,Pembrolizumab + paclitaxel-carboplatin,pMMR_PFS_pembro_chemo,loglogistic,738.453541593105,745.793303439066,35,0.18067690588729945
pMMR,PFS,pembro_chemo,intervention,Pembrolizumab + paclitaxel-carboplatin,pMMR_PFS_pembro_chemo,loglogistic,738.453541593105,745.793303439066,36,0.1736003572983853
pMMR,PFS,pembro_chemo,intervention,Pembrolizumab + paclitaxel-carboplatin,pMMR_PFS_pembro_chemo,loglogistic,738.453541593105,745.793303439066,37,0.16692950035062437
pMMR,PFS,pembro_chemo,intervention,Pembrolizumab + paclitaxel-carboplatin,pMMR_PFS_pembro_chemo,loglogistic,738.453541593105,745.793303439066,38,0.16063494923823607
pMMR,PFS,pembro_chemo,intervention,Pembrolizumab + paclitaxel-carboplatin,pMMR_PFS_pembro_chemo,loglogistic,738.453541593105,745.793303439066,39,0.15468979015318052
pMMR,PFS,pembro_chemo,intervention,Pembrolizumab + paclitaxel-carboplatin,pMMR_PFS_pembro_chemo,loglogistic,738.453541593105,745.793303439066,40,0.1490693556928543
pMMR,PFS,pembro_chemo,intervention,Pembrolizumab + paclitaxel-carboplatin,pMMR_PFS_pembro_chemo,loglogistic,738.453541593105,745.793303439066,41,0.14375101975572946
pMMR,PFS,pembro_chemo,intervention,Pembrolizumab + paclitaxel-carboplatin,pMMR_PFS_pembro_chemo,loglogistic,738.453541593105,745.793303439066,42,0.1387140114262616
pMMR,PFS,pembro_chemo,intervention,Pembrolizumab + paclitaxel-carboplatin,pMMR_PFS_pembro_chemo,loglogistic,738.453541593105,745.793303439066,43,0.13393924632996956
pMMR,PFS,pembro_chemo,intervention,Pembrolizumab + paclitaxel-carboplatin,pMMR_PFS_pembro_chemo,loglogistic,738.453541593105,745.793303439066,44,0.12940917397039675
pMMR,PFS,pembro_chemo,intervention,Pembrolizumab + paclitaxel-carboplatin,pMMR_PFS_pembro_chemo,loglogistic,738.453541593105,745.793303439066,45,0.12510763962309268
pMMR,PFS,pembro_chemo,intervention,Pembrolizumab + paclitaxel-carboplatin,pMMR_PFS_pembro_chemo,loglogistic,738.453541593105,745.793303439066,46,0.12101975944466925
pMMR,PFS,pembro_chemo,intervention,Pembrolizumab + paclitaxel-carboplatin,pMMR_PFS_pembro_chemo,loglogistic,738.453541593105,745.793303439066,47,0.11713180754818386
pMMR,PFS,pembro_chemo,intervention,Pembrolizumab + paclitaxel-carboplatin,pMMR_PFS_pembro_chemo,loglogistic,738.453541593105,745.793303439066,48,0.11343111389328908
pMMR,PFS,pembro_chemo,intervention,Pembrolizumab + paclitaxel-carboplatin,pMMR_PFS_pembro_chemo,loglogistic,738.453541593105,745.793303439066,49,0.10990597193648732
pMMR,PFS,pembro_chemo,intervention,Pembrolizumab + paclitaxel-carboplatin,pMMR_PFS_pembro_chemo,loglogistic,738.453541593105,745.793303439066,50,0.10654555508068042
pMMR,PFS,pembro_chemo,intervention,Pembrolizumab + paclitaxel-carboplatin,pMMR_PFS_pembro_chemo,loglogistic,738.453541593105,745.793303439066,51,0.10333984105229332
pMMR,PFS,pembro_chemo,intervention,Pembrolizumab + paclitaxel-carboplatin,pMMR_PFS_pembro_chemo,loglogistic,738.453541593105,745.793303439066,52,0.10027954341757128
pMMR,PFS,pembro_chemo,intervention,Pembrolizumab + paclitaxel-carboplatin,pMMR_PFS_pembro_chemo,loglogistic,738.453541593105,745.793303439066,53,0.09735604952676491
pMMR,PFS,pembro_chemo,intervention,Pembrolizumab + paclitaxel-carboplatin,pMMR_PFS_pembro_chemo,loglogistic,738.453541593105,745.793303439066,54,0.09456136424566997
pMMR,PFS,pembro_chemo,intervention,Pembrolizumab + paclitaxel-carboplatin,pMMR_PFS_pembro_chemo,loglogistic,738.453541593105,745.793303439066,55,0.0918880588985258
pMMR,PFS,pembro_chemo,intervention,Pembrolizumab + paclitaxel-carboplatin,pMMR_PFS_pembro_chemo,loglogistic,738.453541593105,745.793303439066,56,0.08932922490483164
pMMR,PFS,pembro_chemo,intervention,Pembrolizumab + paclitaxel-carboplatin,pMMR_PFS_pembro_chemo,loglogistic,738.453541593105,745.793303439066,57,0.08687843164557851
pMMR,PFS,pembro_chemo,intervention,Pembrolizumab + paclitaxel-carboplatin,pMMR_PFS_pembro_chemo,loglogistic,738.453541593105,745.793303439066,58,0.08452968814209982
pMMR,PFS,pembro_chemo,intervention,Pembrolizumab + paclitaxel-carboplatin,pMMR_PFS_pembro_chemo,loglogistic,738.453541593105,745.793303439066,59,0.08227740817365492
pMMR,PFS,pembro_chemo,intervention,Pembrolizumab + paclitaxel-carboplatin,pMMR_PFS_pembro_chemo,loglogistic,738.453541593105,745.793303439066,60,0.08011637849835673
pMMR,PFS,pembro_chemo,intervention,Pembrolizumab + paclitaxel-carboplatin,pMMR_PFS_pembro_chemo,loglogistic,738.453541593105,745.793303439066,61,0.07804172987658009
pMMR,PFS,pembro_chemo,intervention,Pembrolizumab + paclitaxel-carboplatin,pMMR_PFS_pembro_chemo,loglogistic,738.453541593105,745.793303439066,62,0.07604891062689267
pMMR,PFS,pembro_chemo,intervention,Pembrolizumab + paclitaxel-carboplatin,pMMR_PFS_pembro_chemo,loglogistic,738.453541593105,745.793303439066,63,0.07413366247220732
pMMR,PFS,pembro_chemo,intervention,Pembrolizumab + paclitaxel-carboplatin,pMMR_PFS_pembro_chemo,loglogistic,738.453541593105,745.793303439066,64,0.07229199845859924
pMMR,PFS,pembro_chemo,intervention,Pembrolizumab + paclitaxel-carboplatin,pMMR_PFS_pembro_chemo,loglogistic,738.453541593105,745.793303439066,65,0.0705201827513412
pMMR,PFS,pembro_chemo,intervention,Pembrolizumab + paclitaxel-carboplatin,pMMR_PFS_pembro_chemo,loglogistic,738.453541593105,745.793303439066,66,0.06881471213249601
pMMR,PFS,pembro_chemo,intervention,Pembrolizumab + paclitaxel-carboplatin,pMMR_PFS_pembro_chemo,loglogistic,738.453541593105,745.793303439066,67,0.06717229904208433
pMMR,PFS,pembro_chemo,intervention,Pembrolizumab + paclitaxel-carboplatin,pMMR_PFS_pembro_chemo,loglogistic,738.453541593105,745.793303439066,68,0.06558985602065481
pMMR,PFS,pembro_chemo,intervention,Pembrolizumab + paclitaxel-carboplatin,pMMR_PFS_pembro_chemo,loglogistic,738.453541593105,745.793303439066,69,0.06406448142524146
pMMR,PFS,pembro_chemo,intervention,Pembrolizumab + paclitaxel-carboplatin,pMMR_PFS_pembro_chemo,loglogistic,738.453541593105,745.793303439066,70,0.06259344630332975
pMMR,PFS,pembro_chemo,intervention,Pembrolizumab + paclitaxel-carboplatin,pMMR_PFS_pembro_chemo,loglogistic,738.453541593105,745.793303439066,71,0.061174182320805515
pMMR,PFS,pembro_chemo,intervention,Pembrolizumab + paclitaxel-carboplatin,pMMR_PFS_pembro_chemo,loglogistic,738.453541593105,745.793303439066,72,0.059804270649991054
pMMR,PFS,pembro_chemo,intervention,Pembrolizumab + paclitaxel-carboplatin,pMMR_PFS_pembro_chemo,loglogistic,738.453541593105,745.793303439066,73,0.05848143173297449
pMMR,PFS,pembro_chemo,intervention,Pembrolizumab + paclitaxel-carboplatin,pMMR_PFS_pembro_chemo,loglogistic,738.453541593105,745.793303439066,74,0.057203515843590735
pMMR,PFS,pembro_chemo,intervention,Pembrolizumab + paclitaxel-carboplatin,pMMR_PFS_pembro_chemo,loglogistic,738.453541593105,745.793303439066,75,0.055968494378728306
pMMR,PFS,pembro_chemo,intervention,Pembrolizumab + paclitaxel-carboplatin,pMMR_PFS_pembro_chemo,loglogistic,738.453541593105,745.793303439066,76,0.05477445181619878
pMMR,PFS,pembro_chemo,intervention,Pembrolizumab + paclitaxel-carboplatin,pMMR_PFS_pembro_chemo,loglogistic,738.453541593105,745.793303439066,77,0.05361957828231323
pMMR,PFS,pembro_chemo,intervention,Pembrolizumab + paclitaxel-carboplatin,pMMR_PFS_pembro_chemo,loglogistic,738.453541593105,745.793303439066,78,0.0525021626776081
pMMR,PFS,pembro_chemo,intervention,Pembrolizumab + paclitaxel-carboplatin,pMMR_PFS_pembro_chemo,loglogistic,738.453541593105,745.793303439066,79,0.0514205863139352
pMMR,PFS,pembro_chemo,intervention,Pembrolizumab + paclitaxel-carboplatin,pMMR_PFS_pembro_chemo,loglogistic,738.453541593105,745.793303439066,80,0.050373317020432684
pMMR,PFS,pembro_chemo,intervention,Pembrolizumab + paclitaxel-carboplatin,pMMR_PFS_pembro_chemo,loglogistic,738.453541593105,745.793303439066,81,0.049358903679755484
pMMR,PFS,pembro_chemo,intervention,Pembrolizumab + paclitaxel-carboplatin,pMMR_PFS_pembro_chemo,loglogistic,738.453541593105,745.793303439066,82,0.04837597115944203
pMMR,PFS,pembro_chemo,intervention,Pembrolizumab + paclitaxel-carboplatin,pMMR_PFS_pembro_chemo,loglogistic,738.453541593105,745.793303439066,83,0.047423215606436475
pMMR,PFS,pembro_chemo,intervention,Pembrolizumab + paclitaxel-carboplatin,pMMR_PFS_pembro_chemo,loglogistic,738.453541593105,745.793303439066,84,0.04649940007563702
pMMR,PFS,pembro_chemo,intervention,Pembrolizumab + paclitaxel-carboplatin,pMMR_PFS_pembro_chemo,loglogistic,738.453541593105,745.793303439066,85,0.0456033504659028
pMMR,PFS,pembro_chemo,intervention,Pembrolizumab + paclitaxel-carboplatin,pMMR_PFS_pembro_chemo,loglogistic,738.453541593105,745.793303439066,86,0.044733951739284517
pMMR,PFS,pembro_chemo,intervention,Pembrolizumab + paclitaxel-carboplatin,pMMR_PFS_pembro_chemo,loglogistic,738.453541593105,745.793303439066,87,0.04389014440133965
pMMR,PFS,pembro_chemo,intervention,Pembrolizumab + paclitaxel-carboplatin,pMMR_PFS_pembro_chemo,loglogistic,738.453541593105,745.793303439066,88,0.04307092122230749
pMMR,PFS,pembro_chemo,intervention,Pembrolizumab + paclitaxel-carboplatin,pMMR_PFS_pembro_chemo,loglogistic,738.453541593105,745.793303439066,89,0.04227532418064006
pMMR,PFS,pembro_chemo,intervention,Pembrolizumab + paclitaxel-carboplatin,pMMR_PFS_pembro_chemo,loglogistic,738.453541593105,745.793303439066,90,0.04150244161195482
pMMR,PFS,pembro_chemo,intervention,Pembrolizumab + paclitaxel-carboplatin,pMMR_PFS_pembro_chemo,loglogistic,738.453541593105,745.793303439066,91,0.04075140554790058
pMMR,PFS,pembro_chemo,intervention,Pembrolizumab + paclitaxel-carboplatin,pMMR_PFS_pembro_chemo,loglogistic,738.453541593105,745.793303439066,92,0.04002138923071463
pMMR,PFS,pembro_chemo,intervention,Pembrolizumab + paclitaxel-carboplatin,pMMR_PFS_pembro_chemo,loglogistic,738.453541593105,745.793303439066,93,0.03931160479043372
pMMR,PFS,pembro_chemo,intervention,Pembrolizumab + paclitaxel-carboplatin,pMMR_PFS_pembro_chemo,loglogistic,738.453541593105,745.793303439066,94,0.038621301072781944
pMMR,PFS,pembro_chemo,intervention,Pembrolizumab + paclitaxel-carboplatin,pMMR_PFS_pembro_chemo,loglogistic,738.453541593105,745.793303439066,95,0.03794976160673835
pMMR,PFS,pembro_chemo,intervention,Pembrolizumab + paclitaxel-carboplatin,pMMR_PFS_pembro_chemo,loglogistic,738.453541593105,745.793303439066,96,0.037296302701676165
pMMR,PFS,pembro_chemo,intervention,Pembrolizumab + paclitaxel-carboplatin,pMMR_PFS_pembro_chemo,loglogistic,738.453541593105,745.793303439066,97,0.03666027166476871
pMMR,PFS,pembro_chemo,intervention,Pembrolizumab + paclitaxel-carboplatin,pMMR_PFS_pembro_chemo,loglogistic,738.453541593105,745.793303439066,98,0.03604104513010187
pMMR,PFS,pembro_chemo,intervention,Pembrolizumab + paclitaxel-carboplatin,pMMR_PFS_pembro_chemo,loglogistic,738.453541593105,745.793303439066,99,0.03543802749160818
pMMR,PFS,pembro_chemo,intervention,Pembrolizumab + paclitaxel-carboplatin,pMMR_PFS_pembro_chemo,loglogistic,738.453541593105,745.793303439066,100,0.03485064943254568
pMMR,PFS,pembro_chemo,intervention,Pembrolizumab + paclitaxel-carboplatin,pMMR_PFS_pembro_chemo,loglogistic,738.453541593105,745.793303439066,101,0.034278366544823524
pMMR,PFS,pembro_chemo,intervention,Pembrolizumab + paclitaxel-carboplatin,pMMR_PFS_pembro_chemo,loglogistic,738.453541593105,745.793303439066,102,0.03372065803197566
pMMR,PFS,pembro_chemo,intervention,Pembrolizumab + paclitaxel-carboplatin,pMMR_PFS_pembro_chemo,loglogistic,738.453541593105,745.793303439066,103,0.03317702549007273
pMMR,PFS,pembro_chemo,intervention,Pembrolizumab + paclitaxel-carboplatin,pMMR_PFS_pembro_chemo,loglogistic,738.453541593105,745.793303439066,104,0.03264699176128283
pMMR,PFS,pembro_chemo,intervention,Pembrolizumab + paclitaxel-carboplatin,pMMR_PFS_pembro_chemo,loglogistic,738.453541593105,745.793303439066,105,0.03213009985519566
pMMR,PFS,pembro_chemo,intervention,Pembrolizumab + paclitaxel-carboplatin,pMMR_PFS_pembro_chemo,loglogistic,738.453541593105,745.793303439066,106,0.03162591193339237
pMMR,PFS,pembro_chemo,intervention,Pembrolizumab + paclitaxel-carboplatin,pMMR_PFS_pembro_chemo,loglogistic,738.453541593105,745.793303439066,107,0.031134008353066345
pMMR,PFS,pembro_chemo,intervention,Pembrolizumab + paclitaxel-carboplatin,pMMR_PFS_pembro_chemo,loglogistic,738.453541593105,745.793303439066,108,0.030653986765822205
pMMR,PFS,pembro_chemo,intervention,Pembrolizumab + paclitaxel-carboplatin,pMMR_PFS_pembro_chemo,loglogistic,738.453541593105,745.793303439066,109,0.030185461268054214
pMMR,PFS,pembro_chemo,intervention,Pembrolizumab + paclitaxel-carboplatin,pMMR_PFS_pembro_chemo,loglogistic,738.453541593105,745.793303439066,110,0.02972806159956709
pMMR,PFS,pembro_chemo,intervention,Pembrolizumab + paclitaxel-carboplatin,pMMR_PFS_pembro_chemo,loglogistic,738.453541593105,745.793303439066,111,0.02928143238734493
pMMR,PFS,pembro_chemo,intervention,Pembrolizumab + paclitaxel-carboplatin,pMMR_PFS_pembro_chemo,loglogistic,738.453541593105,745.793303439066,112,0.028845232431592094
pMMR,PFS,pembro_chemo,intervention,Pembrolizumab + paclitaxel-carboplatin,pMMR_PFS_pembro_chemo,loglogistic,738.453541593105,745.793303439066,113,0.028419134031372417
pMMR,PFS,pembro_chemo,intervention,Pembrolizumab + paclitaxel-carboplatin,pMMR_PFS_pembro_chemo,loglogistic,738.453541593105,745.793303439066,114,0.028002822347366396
pMMR,PFS,pembro_chemo,intervention,Pembrolizumab + paclitaxel-carboplatin,pMMR_PFS_pembro_chemo,loglogistic,738.453541593105,745.793303439066,115,0.027595994799431645
pMMR,PFS,pembro_chemo,intervention,Pembrolizumab + paclitaxel-carboplatin,pMMR_PFS_pembro_chemo,loglogistic,738.453541593105,745.793303439066,116,0.02719836049681712
pMMR,PFS,pembro_chemo,intervention,Pembrolizumab + paclitaxel-carboplatin,pMMR_PFS_pembro_chemo,loglogistic,738.453541593105,745.793303439066,117,0.026809639699030052
pMMR,PFS,pembro_chemo,intervention,Pembrolizumab + paclitaxel-carboplatin,pMMR_PFS_pembro_chemo,loglogistic,738.453541593105,745.793303439066,118,0.02642956330548607
pMMR,PFS,pembro_chemo,intervention,Pembrolizumab + paclitaxel-carboplatin,pMMR_PFS_pembro_chemo,loglogistic,738.453541593105,745.793303439066,119,0.026057872372205138
pMMR,PFS,pembro_chemo,intervention,Pembrolizumab + paclitaxel-carboplatin,pMMR_PFS_pembro_chemo,loglogistic,738.453541593105,745.793303439066,120,0.025694317653929044
pMMR,PFS,pembro_chemo,intervention,Pembrolizumab + paclitaxel-carboplatin,pMMR_PFS_pembro_chemo,loglogistic,738.453541593105,745.793303439066,121,0.025338659170147104
pMMR,PFS,pembro_chemo,intervention,Pembrolizumab + paclitaxel-carboplatin,pMMR_PFS_pembro_chemo,loglogistic,738.453541593105,745.793303439066,122,0.02499066579361553
pMMR,PFS,pembro_chemo,intervention,Pembrolizumab + paclitaxel-carboplatin,pMMR_PFS_pembro_chemo,loglogistic,738.453541593105,745.793303439066,123,0.024650114860050087
pMMR,PFS,pembro_chemo,intervention,Pembrolizumab + paclitaxel-carboplatin,pMMR_PFS_pembro_chemo,loglogistic,738.453541593105,745.793303439066,124,0.024316791797757253
pMMR,PFS,pembro_chemo,intervention,Pembrolizumab + paclitaxel-carboplatin,pMMR_PFS_pembro_chemo,loglogistic,738.453541593105,745.793303439066,125,0.023990489776049895
pMMR,PFS,pembro_chemo,intervention,Pembrolizumab + paclitaxel-carboplatin,pMMR_PFS_pembro_chemo,loglogistic,738.453541593105,745.793303439066,126,0.023671009371367346
pMMR,PFS,pembro_chemo,intervention,Pembrolizumab + paclitaxel-carboplatin,pMMR_PFS_pembro_chemo,loglogistic,738.453541593105,745.793303439066,127,0.02335815825008991
pMMR,PFS,pembro_chemo,intervention,Pembrolizumab + paclitaxel-carboplatin,pMMR_PFS_pembro_chemo,loglogistic,738.453541593105,745.793303439066,128,0.023051750867100762
pMMR,PFS,pembro_chemo,intervention,Pembrolizumab + paclitaxel-carboplatin,pMMR_PFS_pembro_chemo,loglogistic,738.453541593105,745.793303439066,129,0.022751608179209182
pMMR,PFS,pembro_chemo,intervention,Pembrolizumab + paclitaxel-carboplatin,pMMR_PFS_pembro_chemo,loglogistic,738.453541593105,745.793303439066,130,0.022457557372603687
pMMR,PFS,pembro_chemo,intervention,Pembrolizumab + paclitaxel-carboplatin,pMMR_PFS_pembro_chemo,loglogistic,738.453541593105,745.793303439066,131,0.022169431603557554
pMMR,PFS,pembro_chemo,intervention,Pembrolizumab + paclitaxel-carboplatin,pMMR_PFS_pembro_chemo,loglogistic,738.453541593105,745.793303439066,132,0.021887069751652666
pMMR,PFS,pembro_chemo,intervention,Pembrolizumab + paclitaxel-carboplatin,pMMR_PFS_pembro_chemo,loglogistic,738.453541593105,745.793303439066,133,0.021610316184840772
pMMR,PFS,pembro_chemo,intervention,Pembrolizumab + paclitaxel-carboplatin,pMMR_PFS_pembro_chemo,loglogistic,738.453541593105,745.793303439066,134,0.021339020535692477
pMMR,PFS,pembro_chemo,intervention,Pembrolizumab + paclitaxel-carboplatin,pMMR_PFS_pembro_chemo,loglogistic,738.453541593105,745.793303439066,135,0.02107303748823297
pMMR,PFS,pembro_chemo,intervention,Pembrolizumab + paclitaxel-carboplatin,pMMR_PFS_pembro_chemo,loglogistic,738.453541593105,745.793303439066,136,0.02081222657479631
pMMR,PFS,pembro_chemo,intervention,Pembrolizumab + paclitaxel-carboplatin,pMMR_PFS_pembro_chemo,loglogistic,738.453541593105,745.793303439066,137,0.02055645198236078
pMMR,PFS,pembro_chemo,intervention,Pembrolizumab + paclitaxel-carboplatin,pMMR_PFS_pembro_chemo,loglogistic,738.453541593105,745.793303439066,138,0.020305582367865616
pMMR,PFS,pembro_chemo,intervention,Pembrolizumab + paclitaxel-carboplatin,pMMR_PFS_pembro_chemo,loglogistic,738.453541593105,745.793303439066,139,0.020059490682035275
pMMR,PFS,pembro_chemo,intervention,Pembrolizumab + paclitaxel-carboplatin,pMMR_PFS_pembro_chemo,loglogistic,738.453541593105,745.793303439066,140,0.019818054001266017
pMMR,PFS,pembro_chemo,intervention,Pembrolizumab + paclitaxel-carboplatin,pMMR_PFS_pembro_chemo,loglogistic,738.453541593105,745.793303439066,141,0.0195811533671576
pMMR,PFS,pembro_chemo,intervention,Pembrolizumab + paclitaxel-carboplatin,pMMR_PFS_pembro_chemo,loglogistic,738.453541593105,745.793303439066,142,0.019348673633291513
pMMR,PFS,pembro_chemo,intervention,Pembrolizumab + paclitaxel-carboplatin,pMMR_PFS_pembro_chemo,loglogistic,738.453541593105,745.793303439066,143,0.019120503318887483
pMMR,PFS,pembro_chemo,intervention,Pembrolizumab + paclitaxel-carboplatin,pMMR_PFS_pembro_chemo,loglogistic,738.453541593105,745.793303439066,144,0.018896534468987425
pMMR,PFS,pembro_chemo,intervention,Pembrolizumab + paclitaxel-carboplatin,pMMR_PFS_pembro_chemo,loglogistic,738.453541593105,745.793303439066,145,0.018676662520832776
pMMR,PFS,pembro_chemo,intervention,Pembrolizumab + paclitaxel-carboplatin,pMMR_PFS_pembro_chemo,loglogistic,738.453541593105,745.793303439066,146,0.018460786176127564
pMMR,PFS,pembro_chemo,intervention,Pembrolizumab + paclitaxel-carboplatin,pMMR_PFS_pembro_chemo,loglogistic,738.453541593105,745.793303439066,147,0.018248807278889556
pMMR,PFS,pembro_chemo,intervention,Pembrolizumab + paclitaxel-carboplatin,pMMR_PFS_pembro_chemo,loglogistic,738.453541593105,745.793303439066,148,0.018040630698613613
pMMR,PFS,pembro_chemo,intervention,Pembrolizumab + paclitaxel-carboplatin,pMMR_PFS_pembro_chemo,loglogistic,738.453541593105,745.793303439066,149,0.017836164218483996
pMMR,PFS,pembro_chemo,intervention,Pembrolizumab + paclitaxel-carboplatin,pMMR_PFS_pembro_chemo,loglogistic,738.453541593105,745.793303439066,150,0.017635318428386837
pMMR,PFS,pembro_chemo,intervention,Pembrolizumab + paclitaxel-carboplatin,pMMR_PFS_pembro_chemo,loglogistic,738.453541593105,745.793303439066,151,0.017438006622489732
pMMR,PFS,pembro_chemo,intervention,Pembrolizumab + paclitaxel-carboplatin,pMMR_PFS_pembro_chemo,loglogistic,738.453541593105,745.793303439066,152,0.017244144701166975
pMMR,PFS,pembro_chemo,intervention,Pembrolizumab + paclitaxel-carboplatin,pMMR_PFS_pembro_chemo,loglogistic,738.453541593105,745.793303439066,153,0.01705365107705803
pMMR,PFS,pembro_chemo,intervention,Pembrolizumab + paclitaxel-carboplatin,pMMR_PFS_pembro_chemo,loglogistic,738.453541593105,745.793303439066,154,0.016866446585066197
pMMR,PFS,pembro_chemo,intervention,Pembrolizumab + paclitaxel-carboplatin,pMMR_PFS_pembro_chemo,loglogistic,738.453541593105,745.793303439066,155,0.01668245439610405
pMMR,PFS,pembro_chemo,intervention,Pembrolizumab + paclitaxel-carboplatin,pMMR_PFS_pembro_chemo,loglogistic,738.453541593105,745.793303439066,156,0.01650159993441236
pMMR,PFS,pembro_chemo,intervention,Pembrolizumab + paclitaxel-carboplatin,pMMR_PFS_pembro_chemo,loglogistic,738.453541593105,745.793303439066,157,0.0163238107982816
pMMR,PFS,pembro_chemo,intervention,Pembrolizumab + paclitaxel-carboplatin,pMMR_PFS_pembro_chemo,loglogistic,738.453541593105,745.793303439066,158,0.01614901668401858
pMMR,PFS,pembro_chemo,intervention,Pembrolizumab + paclitaxel-carboplatin,pMMR_PFS_pembro_chemo,loglogistic,738.453541593105,745.793303439066,159,0.015977149313005423
pMMR,PFS,pembro_chemo,intervention,Pembrolizumab + paclitaxel-carboplatin,pMMR_PFS_pembro_chemo,loglogistic,738.453541593105,745.793303439066,160,0.015808142361710242
pMMR,PFS,pembro_chemo,intervention,Pembrolizumab + paclitaxel-carboplatin,pMMR_PFS_pembro_chemo,loglogistic,738.453541593105,745.793303439066,161,0.015641931394508757
pMMR,PFS,pembro_chemo,intervention,Pembrolizumab + paclitaxel-carboplatin,pMMR_PFS_pembro_chemo,loglogistic,738.453541593105,745.793303439066,162,0.015478453799196656
pMMR,PFS,pembro_chemo,intervention,Pembrolizumab + paclitaxel-carboplatin,pMMR_PFS_pembro_chemo,loglogistic,738.453541593105,745.793303439066,163,0.015317648725059585
pMMR,PFS,pembro_chemo,intervention,Pembrolizumab + paclitaxel-carboplatin,pMMR_PFS_pembro_chemo,loglogistic,738.453541593105,745.793303439066,164,0.015159457023395273
pMMR,PFS,pembro_chemo,intervention,Pembrolizumab + paclitaxel-carboplatin,pMMR_PFS_pembro_chemo,loglogistic,738.453541593105,745.793303439066,165,0.015003821190369915
pMMR,PFS,pembro_chemo,intervention,Pembrolizumab + paclitaxel-carboplatin,pMMR_PFS_pembro_chemo,loglogistic,738.453541593105,745.793303439066,166,0.014850685312109535
pMMR,PFS,pembro_chemo,intervention,Pembrolizumab + paclitaxel-carboplatin,pMMR_PFS_pembro_chemo,loglogistic,738.453541593105,745.793303439066,167,0.014699995011923206
pMMR,PFS,pembro_chemo,intervention,Pembrolizumab + paclitaxel-carboplatin,pMMR_PFS_pembro_chemo,loglogistic,738.453541593105,745.793303439066,168,0.014551697399566521
pMMR,PFS,pembro_chemo,intervention,Pembrolizumab + paclitaxel-carboplatin,pMMR_PFS_pembro_chemo,loglogistic,738.453541593105,745.793303439066,169,0.014405741022453733
pMMR,PFS,pembro_chemo,intervention,Pembrolizumab + paclitaxel-carboplatin,pMMR_PFS_pembro_chemo,loglogistic,738.453541593105,745.793303439066,170,0.014262075818735065
pMMR,PFS,pembro_chemo,intervention,Pembrolizumab + paclitaxel-carboplatin,pMMR_PFS_pembro_chemo,loglogistic,738.453541593105,745.793303439066,171,0.01412065307215582
pMMR,PFS,pembro_chemo,intervention,Pembrolizumab + paclitaxel-carboplatin,pMMR_PFS_pembro_chemo,loglogistic,738.453541593105,745.793303439066,172,0.013981425368622569
pMMR,PFS,pembro_chemo,intervention,Pembrolizumab + paclitaxel-carboplatin,pMMR_PFS_pembro_chemo,loglogistic,738.453541593105,745.793303439066,173,0.013844346554401143
pMMR,PFS,pembro_chemo,intervention,Pembrolizumab + paclitaxel-carboplatin,pMMR_PFS_pembro_chemo,loglogistic,738.453541593105,745.793303439066,174,0.013709371695877937
pMMR,PFS,pembro_chemo,intervention,Pembrolizumab + paclitaxel-carboplatin,pMMR_PFS_pembro_chemo,loglogistic,738.453541593105,745.793303439066,175,0.013576457040816003
pMMR,PFS,pembro_chemo,intervention,Pembrolizumab + paclitaxel-carboplatin,pMMR_PFS_pembro_chemo,loglogistic,738.453541593105,745.793303439066,176,0.013445559981045574
pMMR,PFS,pembro_chemo,intervention,Pembrolizumab + paclitaxel-carboplatin,pMMR_PFS_pembro_chemo,loglogistic,738.453541593105,745.793303439066,177,0.013316639016526577
pMMR,PFS,pembro_chemo,intervention,Pembrolizumab + paclitaxel-carboplatin,pMMR_PFS_pembro_chemo,loglogistic,738.453541593105,745.793303439066,178,0.013189653720724781
pMMR,PFS,pembro_chemo,intervention,Pembrolizumab + paclitaxel-carboplatin,pMMR_PFS_pembro_chemo,loglogistic,738.453541593105,745.793303439066,179,0.013064564707249038
pMMR,PFS,pembro_chemo,intervention,Pembrolizumab + paclitaxel-carboplatin,pMMR_PFS_pembro_chemo,loglogistic,738.453541593105,745.793303439066,180,0.012941333597697224
pMMR,PFS,pembro_chemo,intervention,Pembrolizumab + paclitaxel-carboplatin,pMMR_PFS_pembro_chemo,loglogistic,738.453541593105,745.793303439066,181,0.012819922990658705
pMMR,PFS,pembro_chemo,intervention,Pembrolizumab + paclitaxel-carboplatin,pMMR_PFS_pembro_chemo,loglogistic,738.453541593105,745.793303439066,182,0.012700296431828018
pMMR,PFS,pembro_chemo,intervention,Pembrolizumab + paclitaxel-carboplatin,pMMR_PFS_pembro_chemo,loglogistic,738.453541593105,745.793303439066,183,0.012582418385183591
pMMR,PFS,pembro_chemo,intervention,Pembrolizumab + paclitaxel-carboplatin,pMMR_PFS_pembro_chemo,loglogistic,738.453541593105,745.793303439066,184,0.012466254205188543
pMMR,PFS,pembro_chemo,intervention,Pembrolizumab + paclitaxel-carboplatin,pMMR_PFS_pembro_chemo,loglogistic,738.453541593105,745.793303439066,185,0.012351770109972682
pMMR,PFS,pembro_chemo,intervention,Pembrolizumab + paclitaxel-carboplatin,pMMR_PFS_pembro_chemo,loglogistic,738.453541593105,745.793303439066,186,0.01223893315545388
pMMR,PFS,pembro_chemo,intervention,Pembrolizumab + paclitaxel-carboplatin,pMMR_PFS_pembro_chemo,loglogistic,738.453541593105,745.793303439066,187,0.012127711210364711
pMMR,PFS,pembro_chemo,intervention,Pembrolizumab + paclitaxel-carboplatin,pMMR_PFS_pembro_chemo,loglogistic,738.453541593105,745.793303439066,188,0.012018072932147739
pMMR,PFS,pembro_chemo,intervention,Pembrolizumab + paclitaxel-carboplatin,pMMR_PFS_pembro_chemo,loglogistic,738.453541593105,745.793303439066,189,0.011909987743679462
pMMR,PFS,pembro_chemo,intervention,Pembrolizumab + paclitaxel-carboplatin,pMMR_PFS_pembro_chemo,loglogistic,738.453541593105,745.793303439066,190,0.011803425810800738
pMMR,PFS,pembro_chemo,intervention,Pembrolizumab + paclitaxel-carboplatin,pMMR_PFS_pembro_chemo,loglogistic,738.453541593105,745.793303439066,191,0.011698358020612032
pMMR,PFS,pembro_chemo,intervention,Pembrolizumab + paclitaxel-carboplatin,pMMR_PFS_pembro_chemo,loglogistic,738.453541593105,745.793303439066,192,0.01159475596050874
pMMR,PFS,pembro_chemo,intervention,Pembrolizumab + paclitaxel-carboplatin,pMMR_PFS_pembro_chemo,loglogistic,738.453541593105,745.793303439066,193,0.011492591897927285
pMMR,PFS,pembro_chemo,intervention,Pembrolizumab + paclitaxel-carboplatin,pMMR_PFS_pembro_chemo,loglogistic,738.453541593105,745.793303439066,194,0.011391838760774764
pMMR,PFS,pembro_chemo,intervention,Pembrolizumab + paclitaxel-carboplatin,pMMR_PFS_pembro_chemo,loglogistic,738.453541593105,745.793303439066,195,0.011292470118513198
pMMR,PFS,pembro_chemo,intervention,Pembrolizumab + paclitaxel-carboplatin,pMMR_PFS_pembro_chemo,loglogistic,738.453541593105,745.793303439066,196,0.011194460163877817
pMMR,PFS,pembro_chemo,intervention,Pembrolizumab + paclitaxel-carboplatin,pMMR_PFS_pembro_chemo,loglogistic,738.453541593105,745.793303439066,197,0.011097783695200203
pMMR,PFS,pembro_chemo,intervention,Pembrolizumab + paclitaxel-carboplatin,pMMR_PFS_pembro_chemo,loglogistic,738.453541593105,745.793303439066,198,0.011002416099318735
pMMR,PFS,pembro_chemo,intervention,Pembrolizumab + paclitaxel-carboplatin,pMMR_PFS_pembro_chemo,loglogistic,738.453541593105,745.793303439066,199,0.010908333335049147
pMMR,PFS,pembro_chemo,intervention,Pembrolizumab + paclitaxel-carboplatin,pMMR_PFS_pembro_chemo,loglogistic,738.453541593105,745.793303439066,200,0.010815511917197651
pMMR,PFS,pembro_chemo,intervention,Pembrolizumab + paclitaxel-carboplatin,pMMR_PFS_pembro_chemo,loglogistic,738.453541593105,745.793303439066,201,0.010723928901094748
pMMR,PFS,pembro_chemo,intervention,Pembrolizumab + paclitaxel-carboplatin,pMMR_PFS_pembro_chemo,loglogistic,738.453541593105,745.793303439066,202,0.010633561867631425
pMMR,PFS,pembro_chemo,intervention,Pembrolizumab + paclitaxel-carboplatin,pMMR_PFS_pembro_chemo,loglogistic,738.453541593105,745.793303439066,203,0.010544388908776736
pMMR,PFS,pembro_chemo,intervention,Pembrolizumab + paclitaxel-carboplatin,pMMR_PFS_pembro_chemo,loglogistic,738.453541593105,745.793303439066,204,0.010456388613563572
pMMR,PFS,pembro_chemo,intervention,Pembrolizumab + paclitaxel-carboplatin,pMMR_PFS_pembro_chemo,loglogistic,738.453541593105,745.793303439066,205,0.010369540054519732
pMMR,PFS,pembro_chemo,intervention,Pembrolizumab + paclitaxel-carboplatin,pMMR_PFS_pembro_chemo,loglogistic,738.453541593105,745.793303439066,206,0.010283822774533768
pMMR,PFS,pembro_chemo,intervention,Pembrolizumab + paclitaxel-carboplatin,pMMR_PFS_pembro_chemo,loglogistic,738.453541593105,745.793303439066,207,0.010199216774134823
pMMR,PFS,pembro_chemo,intervention,Pembrolizumab + paclitaxel-carboplatin,pMMR_PFS_pembro_chemo,loglogistic,738.453541593105,745.793303439066,208,0.010115702499175039
pMMR,PFS,pembro_chemo,intervention,Pembrolizumab + paclitaxel-carboplatin,pMMR_PFS_pembro_chemo,loglogistic,738.453541593105,745.793303439066,209,0.010033260828898327
pMMR,PFS,pembro_chemo,intervention,Pembrolizumab + paclitaxel-carboplatin,pMMR_PFS_pembro_chemo,loglogistic,738.453541593105,745.793303439066,210,0.009951873064382055
pMMR,PFS,pembro_chemo,intervention,Pembrolizumab + paclitaxel-carboplatin,pMMR_PFS_pembro_chemo,loglogistic,738.453541593105,745.793303439066,211,0.009871520917338117
pMMR,PFS,pembro_chemo,intervention,Pembrolizumab + paclitaxel-carboplatin,pMMR_PFS_pembro_chemo,loglogistic,738.453541593105,745.793303439066,212,0.009792186499262057
pMMR,PFS,pembro_chemo,intervention,Pembrolizumab + paclitaxel-carboplatin,pMMR_PFS_pembro_chemo,loglogistic,738.453541593105,745.793303439066,213,0.009713852310914706
pMMR,PFS,pembro_chemo,intervention,Pembrolizumab + paclitaxel-carboplatin,pMMR_PFS_pembro_chemo,loglogistic,738.453541593105,745.793303439066,214,0.009636501232129002
pMMR,PFS,pembro_chemo,intervention,Pembrolizumab + paclitaxel-carboplatin,pMMR_PFS_pembro_chemo,loglogistic,738.453541593105,745.793303439066,215,0.009560116511926009
pMMR,PFS,pembro_chemo,intervention,Pembrolizumab + paclitaxel-carboplatin,pMMR_PFS_pembro_chemo,loglogistic,738.453541593105,745.793303439066,216,0.00948468175893391
pMMR,PFS,pembro_chemo,intervention,Pembrolizumab + paclitaxel-carboplatin,pMMR_PFS_pembro_chemo,loglogistic,738.453541593105,745.793303439066,217,0.009410180932095114
pMMR,PFS,pembro_chemo,intervention,Pembrolizumab + paclitaxel-carboplatin,pMMR_PFS_pembro_chemo,loglogistic,738.453541593105,745.793303439066,218,0.009336598331655455
pMMR,PFS,pembro_chemo,intervention,Pembrolizumab + paclitaxel-carboplatin,pMMR_PFS_pembro_chemo,loglogistic,738.453541593105,745.793303439066,219,0.009263918590422304
pMMR,PFS,pembro_chemo,intervention,Pembrolizumab + paclitaxel-carboplatin,pMMR_PFS_pembro_chemo,loglogistic,738.453541593105,745.793303439066,220,0.009192126665284461
pMMR,PFS,pembro_chemo,intervention,Pembrolizumab + paclitaxel-carboplatin,pMMR_PFS_pembro_chemo,loglogistic,738.453541593105,745.793303439066,221,0.0091212078289859555
pMMR,PFS,pembro_chemo,intervention,Pembrolizumab + paclitaxel-carboplatin,pMMR_PFS_pembro_chemo,loglogistic,738.453541593105,745.793303439066,222,0.009051147662140435
pMMR,PFS,pembro_chemo,intervention,Pembrolizumab + paclitaxel-carboplatin,pMMR_PFS_pembro_chemo,loglogistic,738.453541593105,745.793303439066,223,0.008981932045484697
pMMR,PFS,pembro_chemo,intervention,Pembrolizumab + paclitaxel-carboplatin,pMMR_PFS_pembro_chemo,loglogistic,738.453541593105,745.793303439066,224,0.008913547152356593
pMMR,PFS,pembro_chemo,intervention,Pembrolizumab + paclitaxel-carboplatin,pMMR_PFS_pembro_chemo,loglogistic,738.453541593105,745.793303439066,225,0.008845979441395313
pMMR,PFS,pembro_chemo,intervention,Pembrolizumab + paclitaxel-carboplatin,pMMR_PFS_pembro_chemo,loglogistic,738.453541593105,745.793303439066,226,0.008779215649454164
pMMR,PFS,pembro_chemo,intervention,Pembrolizumab + paclitaxel-carboplatin,pMMR_PFS_pembro_chemo,loglogistic,738.453541593105,745.793303439066,227,0.008713242784715969
pMMR,PFS,pembro_chemo,intervention,Pembrolizumab + paclitaxel-carboplatin,pMMR_PFS_pembro_chemo,loglogistic,738.453541593105,745.793303439066,228,0.008648048120011187
pMMR,PFS,pembro_chemo,intervention,Pembrolizumab + paclitaxel-carboplatin,pMMR_PFS_pembro_chemo,loglogistic,738.453541593105,745.793303439066,229,0.008583619186326108
pMMR,PFS,pembro_chemo,intervention,Pembrolizumab + paclitaxel-carboplatin,pMMR_PFS_pembro_chemo,loglogistic,738.453541593105,745.793303439066,230,0.008519943766497118
pMMR,PFS,pembro_chemo,intervention,Pembrolizumab + paclitaxel-carboplatin,pMMR_PFS_pembro_chemo,loglogistic,738.453541593105,745.793303439066,231,0.008457009889084932
pMMR,PFS,pembro_chemo,intervention,Pembrolizumab + paclitaxel-carboplatin,pMMR_PFS_pembro_chemo,loglogistic,738.453541593105,745.793303439066,232,0.008394805822423246
pMMR,PFS,pembro_chemo,intervention,Pembrolizumab + paclitaxel-carboplatin,pMMR_PFS_pembro_chemo,loglogistic,738.453541593105,745.793303439066,233,0.008333320068834582
pMMR,PFS,pembro_chemo,intervention,Pembrolizumab + paclitaxel-carboplatin,pMMR_PFS_pembro_chemo,loglogistic,738.453541593105,745.793303439066,234,0.008272541359010344
pMMR,PFS,pembro_chemo,intervention,Pembrolizumab + paclitaxel-carboplatin,pMMR_PFS_pembro_chemo,loglogistic,738.453541593105,745.793303439066,235,0.008212458646547738
pMMR,PFS,pembro_chemo,intervention,Pembrolizumab + paclitaxel-carboplatin,pMMR_PFS_pembro_chemo,loglogistic,738.453541593105,745.793303439066,236,0.008153061102638914
pMMR,PFS,pembro_chemo,intervention,Pembrolizumab + paclitaxel-carboplatin,pMMR_PFS_pembro_chemo,loglogistic,738.453541593105,745.793303439066,237,0.008094338110909871
pMMR,PFS,pembro_chemo,intervention,Pembrolizumab + paclitaxel-carboplatin,pMMR_PFS_pembro_chemo,loglogistic,738.453541593105,745.793303439066,238,0.008036279262399026
pMMR,PFS,pembro_chemo,intervention,Pembrolizumab + paclitaxel-carboplatin,pMMR_PFS_pembro_chemo,loglogistic,738.453541593105,745.793303439066,239,0.007978874350677567
pMMR,PFS,pembro_chemo,intervention,Pembrolizumab + paclitaxel-carboplatin,pMMR_PFS_pembro_chemo,loglogistic,738.453541593105,745.793303439066,240,0.00792211336710169
pMMR,PFS,pembro_chemo,intervention,Pembrolizumab + paclitaxel-carboplatin,pMMR_PFS_pembro_chemo,loglogistic,738.453541593105,745.793303439066,241,0.007865986496196298
pMMR,PFS,pembro_chemo,intervention,Pembrolizumab + paclitaxel-carboplatin,pMMR_PFS_pembro_chemo,loglogistic,738.453541593105,745.793303439066,242,0.007810484111163807
pMMR,PFS,pembro_chemo,intervention,Pembrolizumab + paclitaxel-carboplatin,pMMR_PFS_pembro_chemo,loglogistic,738.453541593105,745.793303439066,243,0.007755596769514428
pMMR,PFS,pembro_chemo,intervention,Pembrolizumab + paclitaxel-carboplatin,pMMR_PFS_pembro_chemo,loglogistic,738.453541593105,745.793303439066,244,0.0077013152088162284
pMMR,PFS,pembro_chemo,intervention,Pembrolizumab + paclitaxel-carboplatin,pMMR_PFS_pembro_chemo,loglogistic,738.453541593105,745.793303439066,245,0.007647630342557332
pMMR,PFS,pembro_chemo,intervention,Pembrolizumab + paclitaxel-carboplatin,pMMR_PFS_pembro_chemo,loglogistic,738.453541593105,745.793303439066,246,0.007594533256121805
pMMR,PFS,pembro_chemo,intervention,Pembrolizumab + paclitaxel-carboplatin,pMMR_PFS_pembro_chemo,loglogistic,738.453541593105,745.793303439066,247,0.007542015202871344
pMMR,PFS,pembro_chemo,intervention,Pembrolizumab + paclitaxel-carboplatin,pMMR_PFS_pembro_chemo,loglogistic,738.453541593105,745.793303439066,248,0.007490067600331329
pMMR,PFS,pembro_chemo,intervention,Pembrolizumab + paclitaxel-carboplatin,pMMR_PFS_pembro_chemo,loglogistic,738.453541593105,745.793303439066,249,0.007438682026478682
pMMR,PFS,pembro_chemo,intervention,Pembrolizumab + paclitaxel-carboplatin,pMMR_PFS_pembro_chemo,loglogistic,738.453541593105,745.793303439066,250,0.007387850216127867
pMMR,PFS,pembro_chemo,intervention,Pembrolizumab + paclitaxel-carboplatin,pMMR_PFS_pembro_chemo,loglogistic,738.453541593105,745.793303439066,251,0.007337564057411261
pMMR,PFS,pembro_chemo,intervention,Pembrolizumab + paclitaxel-carboplatin,pMMR_PFS_pembro_chemo,loglogistic,738.453541593105,745.793303439066,252,0.007287815588352453
pMMR,PFS,pembro_chemo,intervention,Pembrolizumab + paclitaxel-carboplatin,pMMR_PFS_pembro_chemo,loglogistic,738.453541593105,745.793303439066,253,0.007238596993528468
pMMR,PFS,pembro_chemo,intervention,Pembrolizumab + paclitaxel-carboplatin,pMMR_PFS_pembro_chemo,loglogistic,738.453541593105,745.793303439066,254,0.007189900600819477
pMMR,PFS,pembro_chemo,intervention,Pembrolizumab + paclitaxel-carboplatin,pMMR_PFS_pembro_chemo,loglogistic,738.453541593105,745.793303439066,255,0.007141718878241887
pMMR,PFS,pembro_chemo,intervention,Pembrolizumab + paclitaxel-carboplatin,pMMR_PFS_pembro_chemo,loglogistic,738.453541593105,745.793303439066,256,0.007094044430864255
pMMR,PFS,pembro_chemo,intervention,Pembrolizumab + paclitaxel-carboplatin,pMMR_PFS_pembro_chemo,loglogistic,738.453541593105,745.793303439066,257,0.007046869997801575
pMMR,PFS,pembro_chemo,intervention,Pembrolizumab + paclitaxel-carboplatin,pMMR_PFS_pembro_chemo,loglogistic,738.453541593105,745.793303439066,258,0.00700018844928707
pMMR,PFS,pembro_chemo,intervention,Pembrolizumab + paclitaxel-carboplatin,pMMR_PFS_pembro_chemo,loglogistic,738.453541593105,745.793303439066,259,0.0069539927838183635
pMMR,PFS,pembro_chemo,intervention,Pembrolizumab + paclitaxel-carboplatin,pMMR_PFS_pembro_chemo,loglogistic,738.453541593105,745.793303439066,260,0.006908276125376811
pMMR,PFS,pembro_chemo,intervention,Pembrolizumab + paclitaxel-carboplatin,pMMR_PFS_pembro_chemo,loglogistic,738.453541593105,745.793303439066,261,0.0068630317207170055
pMMR,PFS,pembro_chemo,intervention,Pembrolizumab + paclitaxel-carboplatin,pMMR_PFS_pembro_chemo,loglogistic,738.453541593105,745.793303439066,262,0.006818252936723779
pMMR,PFS,pembro_chemo,intervention,Pembrolizumab + paclitaxel-carboplatin,pMMR_PFS_pembro_chemo,loglogistic,738.453541593105,745.793303439066,263,0.0067739332578379274
pMMR,PFS,pembro_chemo,intervention,Pembrolizumab + paclitaxel-carboplatin,pMMR_PFS_pembro_chemo,loglogistic,738.453541593105,745.793303439066,264,0.006730066283544001
pMMR,PFS,pembro_chemo,intervention,Pembrolizumab + paclitaxel-carboplatin,pMMR_PFS_pembro_chemo,loglogistic,738.453541593105,745.793303439066,265,0.006686645725921592
pMMR,PFS,pembro_chemo,intervention,Pembrolizumab + paclitaxel-carboplatin,pMMR_PFS_pembro_chemo,loglogistic,738.453541593105,745.793303439066,266,0.006643665407259136
pMMR,PFS,pembro_chemo,intervention,Pembrolizumab + paclitaxel-carboplatin,pMMR_PFS_pembro_chemo,loglogistic,738.453541593105,745.793303439066,267,0.006601119257723886
pMMR,PFS,pembro_chemo,intervention,Pembrolizumab + paclitaxel-carboplatin,pMMR_PFS_pembro_chemo,loglogistic,738.453541593105,745.793303439066,268,0.006559001313092394
pMMR,PFS,pembro_chemo,intervention,Pembrolizumab + paclitaxel-carboplatin,pMMR_PFS_pembro_chemo,loglogistic,738.453541593105,745.793303439066,269,0.006517305712534283
pMMR,PFS,pembro_chemo,intervention,Pembrolizumab + paclitaxel-carboplatin,pMMR_PFS_pembro_chemo,loglogistic,738.453541593105,745.793303439066,270,0.006476026696452308
pMMR,PFS,pembro_chemo,intervention,Pembrolizumab + paclitaxel-carboplatin,pMMR_PFS_pembro_chemo,loglogistic,738.453541593105,745.793303439066,271,0.006435158604374269
pMMR,PFS,pembro_chemo,intervention,Pembrolizumab + paclitaxel-carboplatin,pMMR_PFS_pembro_chemo,loglogistic,738.453541593105,745.793303439066,272,0.0063946958728962056
pMMR,PFS,pembro_chemo,intervention,Pembrolizumab + paclitaxel-carboplatin,pMMR_PFS_pembro_chemo,loglogistic,738.453541593105,745.793303439066,273,0.006354633033675117
pMMR,PFS,pembro_chemo,intervention,Pembrolizumab + paclitaxel-carboplatin,pMMR_PFS_pembro_chemo,loglogistic,738.453541593105,745.793303439066,274,0.00631496471147186
pMMR,PFS,pembro_chemo,intervention,Pembrolizumab + paclitaxel-carboplatin,pMMR_PFS_pembro_chemo,loglogistic,738.453541593105,745.793303439066,275,0.006275685622239013
pMMR,PFS,pembro_chemo,intervention,Pembrolizumab + paclitaxel-carboplatin,pMMR_PFS_pembro_chemo,loglogistic,738.453541593105,745.793303439066,276,0.0062367905712560345
pMMR,PFS,pembro_chemo,intervention,Pembrolizumab + paclitaxel-carboplatin,pMMR_PFS_pembro_chemo,loglogistic,738.453541593105,745.793303439066,277,0.006198274451308161
pMMR,PFS,pembro_chemo,intervention,Pembrolizumab + paclitaxel-carboplatin,pMMR_PFS_pembro_chemo,loglogistic,738.453541593105,745.793303439066,278,0.0061601322409100545
pMMR,PFS,pembro_chemo,intervention,Pembrolizumab + paclitaxel-carboplatin,pMMR_PFS_pembro_chemo,loglogistic,738.453541593105,745.793303439066,279,0.006122359002569189
pMMR,PFS,pembro_chemo,intervention,Pembrolizumab + paclitaxel-carboplatin,pMMR_PFS_pembro_chemo,loglogistic,738.453541593105,745.793303439066,280,0.006084949881093538
pMMR,PFS,pembro_chemo,intervention,Pembrolizumab + paclitaxel-carboplatin,pMMR_PFS_pembro_chemo,loglogistic,738.453541593105,745.793303439066,281,0.006047900101936232
pMMR,PFS,pembro_chemo,intervention,Pembrolizumab + paclitaxel-carboplatin,pMMR_PFS_pembro_chemo,loglogistic,738.453541593105,745.793303439066,282,0.006011204969580519
pMMR,PFS,pembro_chemo,intervention,Pembrolizumab + paclitaxel-carboplatin,pMMR_PFS_pembro_chemo,loglogistic,738.453541593105,745.793303439066,283,0.0059748598659631336
pMMR,PFS,pembro_chemo,intervention,Pembrolizumab + paclitaxel-carboplatin,pMMR_PFS_pembro_chemo,loglogistic,738.453541593105,745.793303439066,284,0.005938860248931865
pMMR,PFS,pembro_chemo,intervention,Pembrolizumab + paclitaxel-carboplatin,pMMR_PFS_pembro_chemo,loglogistic,738.453541593105,745.793303439066,285,0.005903201650743428
pMMR,PFS,pembro_chemo,intervention,Pembrolizumab + paclitaxel-carboplatin,pMMR_PFS_pembro_chemo,loglogistic,738.453541593105,745.793303439066,286,0.005867879676591414
pMMR,PFS,pembro_chemo,intervention,Pembrolizumab + paclitaxel-carboplatin,pMMR_PFS_pembro_chemo,loglogistic,738.453541593105,745.793303439066,287,0.0058328900031709985
pMMR,PFS,pembro_chemo,intervention,Pembrolizumab + paclitaxel-carboplatin,pMMR_PFS_pembro_chemo,loglogistic,738.453541593105,745.793303439066,288,0.005798228377276171
pMMR,PFS,pembro_chemo,intervention,Pembrolizumab + paclitaxel-carboplatin,pMMR_PFS_pembro_chemo,loglogistic,738.453541593105,745.793303439066,289,0.005763890614428835
pMMR,PFS,pembro_chemo,intervention,Pembrolizumab + paclitaxel-carboplatin,pMMR_PFS_pembro_chemo,loglogistic,738.453541593105,745.793303439066,290,0.005729872597539987
pMMR,PFS,pembro_chemo,intervention,Pembrolizumab + paclitaxel-carboplatin,pMMR_PFS_pembro_chemo,loglogistic,738.453541593105,745.793303439066,291,0.005696170275599544
pMMR,PFS,pembro_chemo,intervention,Pembrolizumab + paclitaxel-carboplatin,pMMR_PFS_pembro_chemo,loglogistic,738.453541593105,745.793303439066,292,0.005662779662398809
pMMR,PFS,pembro_chemo,intervention,Pembrolizumab + paclitaxel-carboplatin,pMMR_PFS_pembro_chemo,loglogistic,738.453541593105,745.793303439066,293,0.005629696835279141
pMMR,PFS,pembro_chemo,intervention,Pembrolizumab + paclitaxel-carboplatin,pMMR_PFS_pembro_chemo,loglogistic,738.453541593105,745.793303439066,294,0.005596917933910817
pMMR,PFS,pembro_chemo,intervention,Pembrolizumab + paclitaxel-carboplatin,pMMR_PFS_pembro_chemo,loglogistic,738.453541593105,745.793303439066,295,0.005564439159097434
pMMR,PFS,pembro_chemo,intervention,Pembrolizumab + paclitaxel-carboplatin,pMMR_PFS_pembro_chemo,loglogistic,738.453541593105,745.793303439066,296,0.00553225677160929
pMMR,PFS,pembro_chemo,intervention,Pembrolizumab + paclitaxel-carboplatin,pMMR_PFS_pembro_chemo,loglogistic,738.453541593105,745.793303439066,297,0.0055003670910409586
pMMR,PFS,pembro_chemo,intervention,Pembrolizumab + paclitaxel-carboplatin,pMMR_PFS_pembro_chemo,loglogistic,738.453541593105,745.793303439066,298,0.005468766494696076
pMMR,PFS,pembro_chemo,intervention,Pembrolizumab + paclitaxel-carboplatin,pMMR_PFS_pembro_chemo,loglogistic,738.453541593105,745.793303439066,299,0.005437451416494432
pMMR,PFS,pembro_chemo,intervention,Pembrolizumab + paclitaxel-carboplatin,pMMR_PFS_pembro_chemo,loglogistic,738.453541593105,745.793303439066,300,0.005406418345905717
pMMR,PFS,pembro_chemo,intervention,Pembrolizumab + paclitaxel-carboplatin,pMMR_PFS_pembro_chemo,loglogistic,738.453541593105,745.793303439066,301,0.0053756638269052415
pMMR,PFS,pembro_chemo,intervention,Pembrolizumab + paclitaxel-carboplatin,pMMR_PFS_pembro_chemo,loglogistic,738.453541593105,745.793303439066,302,0.005345184456953644
pMMR,PFS,pembro_chemo,intervention,Pembrolizumab + paclitaxel-carboplatin,pMMR_PFS_pembro_chemo,loglogistic,738.453541593105,745.793303439066,303,0.005314976885997691
pMMR,PFS,pembro_chemo,intervention,Pembrolizumab + paclitaxel-carboplatin,pMMR_PFS_pembro_chemo,loglogistic,738.453541593105,745.793303439066,304,0.005285037815494054
pMMR,PFS,pembro_chemo,intervention,Pembrolizumab + paclitaxel-carboplatin,pMMR_PFS_pembro_chemo,loglogistic,738.453541593105,745.793303439066,305,0.005255363997453966
pMMR,PFS,pembro_chemo,intervention,Pembrolizumab + paclitaxel-carboplatin,pMMR_PFS_pembro_chemo,loglogistic,738.453541593105,745.793303439066,306,0.005225952233507969
pMMR,PFS,pembro_chemo,intervention,Pembrolizumab + paclitaxel-carboplatin,pMMR_PFS_pembro_chemo,loglogistic,738.453541593105,745.793303439066,307,0.005196799373991756
pMMR,PFS,pembro_chemo,intervention,Pembrolizumab + paclitaxel-carboplatin,pMMR_PFS_pembro_chemo,loglogistic,738.453541593105,745.793303439066,308,0.005167902317051443
pMMR,PFS,pembro_chemo,intervention,Pembrolizumab + paclitaxel-carboplatin,pMMR_PFS_pembro_chemo,loglogistic,738.453541593105,745.793303439066,309,0.005139258007768488
pMMR,PFS,pembro_chemo,intervention,Pembrolizumab + paclitaxel-carboplatin,pMMR_PFS_pembro_chemo,loglogistic,738.453541593105,745.793303439066,310,0.005110863437301605
pMMR,PFS,pembro_chemo,intervention,Pembrolizumab + paclitaxel-carboplatin,pMMR_PFS_pembro_chemo,loglogistic,738.453541593105,745.793303439066,311,0.00508271564204954
pMMR,PFS,pembro_chemo,intervention,Pembrolizumab + paclitaxel-carboplatin,pMMR_PFS_pembro_chemo,loglogistic,738.453541593105,745.793303439066,312,0.005054811702829509
pMMR,PFS,pembro_chemo,intervention,Pembrolizumab + paclitaxel-carboplatin,pMMR_PFS_pembro_chemo,loglogistic,738.453541593105,745.793303439066,313,0.00502714874407495
pMMR,PFS,pembro_chemo,intervention,Pembrolizumab + paclitaxel-carboplatin,pMMR_PFS_pembro_chemo,loglogistic,738.453541593105,745.793303439066,314,0.004999723933048039
pMMR,PFS,pembro_chemo,intervention,Pembrolizumab + paclitaxel-carboplatin,pMMR_PFS_pembro_chemo,loglogistic,738.453541593105,745.793303439066,315,0.004972534479071089
pMMR,PFS,pembro_chemo,intervention,Pembrolizumab + paclitaxel-carboplatin,pMMR_PFS_pembro_chemo,loglogistic,738.453541593105,745.793303439066,316,0.004945577632772813
pMMR,PFS,pembro_chemo,intervention,Pembrolizumab + paclitaxel-carboplatin,pMMR_PFS_pembro_chemo,loglogistic,738.453541593105,745.793303439066,317,0.004918850685349696
pMMR,PFS,pembro_chemo,intervention,Pembrolizumab + paclitaxel-carboplatin,pMMR_PFS_pembro_chemo,loglogistic,738.453541593105,745.793303439066,318,0.004892350967845127
pMMR,PFS,pembro_chemo,intervention,Pembrolizumab + paclitaxel-carboplatin,pMMR_PFS_pembro_chemo,loglogistic,738.453541593105,745.793303439066,319,0.004866075850441298
pMMR,PFS,pembro_chemo,intervention,Pembrolizumab + paclitaxel-carboplatin,pMMR_PFS_pembro_chemo,loglogistic,738.453541593105,745.793303439066,320,0.0048400227417669806
pMMR,PFS,pembro_chemo,intervention,Pembrolizumab + paclitaxel-carboplatin,pMMR_PFS_pembro_chemo,loglogistic,738.453541593105,745.793303439066,321,0.004814189088218845
pMMR,PFS,pembro_chemo,intervention,Pembrolizumab + paclitaxel-carboplatin,pMMR_PFS_pembro_chemo,loglogistic,738.453541593105,745.793303439066,322,0.0047885723732977725
pMMR,PFS,pembro_chemo,intervention,Pembrolizumab + paclitaxel-carboplatin,pMMR_PFS_pembro_chemo,loglogistic,738.453541593105,745.793303439066,323,0.004763170116957927
pMMR,PFS,pembro_chemo,intervention,Pembrolizumab + paclitaxel-carboplatin,pMMR_PFS_pembro_chemo,loglogistic,738.453541593105,745.793303439066,324,0.004737979874969933
pMMR,PFS,pembro_chemo,intervention,Pembrolizumab + paclitaxel-carboplatin,pMMR_PFS_pembro_chemo,loglogistic,738.453541593105,745.793303439066,325,0.004712999238296378
pMMR,PFS,pembro_chemo,intervention,Pembrolizumab + paclitaxel-carboplatin,pMMR_PFS_pembro_chemo,loglogistic,738.453541593105,745.793303439066,326,0.004688225832480297
pMMR,PFS,pembro_chemo,intervention,Pembrolizumab + paclitaxel-carboplatin,pMMR_PFS_pembro_chemo,loglogistic,738.453541593105,745.793303439066,327,0.004663657317046543
pMMR,PFS,pembro_chemo,intervention,Pembrolizumab + paclitaxel-carboplatin,pMMR_PFS_pembro_chemo,loglogistic,738.453541593105,745.793303439066,328,0.004639291384914035
pMMR,PFS,pembro_chemo,intervention,Pembrolizumab + paclitaxel-carboplatin,pMMR_PFS_pembro_chemo,loglogistic,738.453541593105,745.793303439066,329,0.004615125761822214
pMMR,PFS,pembro_chemo,intervention,Pembrolizumab + paclitaxel-carboplatin,pMMR_PFS_pembro_chemo,loglogistic,738.453541593105,745.793303439066,330,0.004591158205766277
pMMR,PFS,pembro_chemo,intervention,Pembrolizumab + paclitaxel-carboplatin,pMMR_PFS_pembro_chemo,loglogistic,738.453541593105,745.793303439066,331,0.004567386506445281
pMMR,PFS,pembro_chemo,intervention,Pembrolizumab + paclitaxel-carboplatin,pMMR_PFS_pembro_chemo,loglogistic,738.453541593105,745.793303439066,332,0.004543808484721579
pMMR,PFS,pembro_chemo,intervention,Pembrolizumab + paclitaxel-carboplatin,pMMR_PFS_pembro_chemo,loglogistic,738.453541593105,745.793303439066,333,0.004520421992090351
pMMR,PFS,pembro_chemo,intervention,Pembrolizumab + paclitaxel-carboplatin,pMMR_PFS_pembro_chemo,loglogistic,738.453541593105,745.793303439066,334,0.00449722491015947
pMMR,PFS,pembro_chemo,intervention,Pembrolizumab + paclitaxel-carboplatin,pMMR_PFS_pembro_chemo,loglogistic,738.453541593105,745.793303439066,335,0.004474215150141125
pMMR,PFS,pembro_chemo,intervention,Pembrolizumab + paclitaxel-carboplatin,pMMR_PFS_pembro_chemo,loglogistic,738.453541593105,745.793303439066,336,0.004451390652351339
pMMR,PFS,pembro_chemo,intervention,Pembrolizumab + paclitaxel-carboplatin,pMMR_PFS_pembro_chemo,loglogistic,738.453541593105,745.793303439066,337,0.004428749385721242
pMMR,PFS,pembro_chemo,intervention,Pembrolizumab + paclitaxel-carboplatin,pMMR_PFS_pembro_chemo,loglogistic,738.453541593105,745.793303439066,338,0.004406289347316683
pMMR,PFS,pembro_chemo,intervention,Pembrolizumab + paclitaxel-carboplatin,pMMR_PFS_pembro_chemo,loglogistic,738.453541593105,745.793303439066,339,0.004384008561868713
pMMR,PFS,pembro_chemo,intervention,Pembrolizumab + paclitaxel-carboplatin,pMMR_PFS_pembro_chemo,loglogistic,738.453541593105,745.793303439066,340,0.004361905081311623
pMMR,PFS,pembro_chemo,intervention,Pembrolizumab + paclitaxel-carboplatin,pMMR_PFS_pembro_chemo,loglogistic,738.453541593105,745.793303439066,341,0.004339976984331306
pMMR,PFS,pembro_chemo,intervention,Pembrolizumab + paclitaxel-carboplatin,pMMR_PFS_pembro_chemo,loglogistic,738.453541593105,745.793303439066,342,0.004318222375921166
pMMR,PFS,pembro_chemo,intervention,Pembrolizumab + paclitaxel-carboplatin,pMMR_PFS_pembro_chemo,loglogistic,738.453541593105,745.793303439066,343,0.004296639386947576
pMMR,PFS,pembro_chemo,intervention,Pembrolizumab + paclitaxel-carboplatin,pMMR_PFS_pembro_chemo,loglogistic,738.453541593105,745.793303439066,344,0.0042752261737242225
pMMR,PFS,pembro_chemo,intervention,Pembrolizumab + paclitaxel-carboplatin,pMMR_PFS_pembro_chemo,loglogistic,738.453541593105,745.793303439066,345,0.004253980917592548
pMMR,PFS,pembro_chemo,intervention,Pembrolizumab + paclitaxel-carboplatin,pMMR_PFS_pembro_chemo,loglogistic,738.453541593105,745.793303439066,346,0.00423290182451308
pMMR,PFS,pembro_chemo,intervention,Pembrolizumab + paclitaxel-carboplatin,pMMR_PFS_pembro_chemo,loglogistic,738.453541593105,745.793303439066,347,0.0042119871246619756
pMMR,PFS,pembro_chemo,intervention,Pembrolizumab + paclitaxel-carboplatin,pMMR_PFS_pembro_chemo,loglogistic,738.453541593105,745.793303439066,348,0.004191235072037003
pMMR,PFS,pembro_chemo,intervention,Pembrolizumab + paclitaxel-carboplatin,pMMR_PFS_pembro_chemo,loglogistic,738.453541593105,745.793303439066,349,0.004170643944070629
pMMR,PFS,pembro_chemo,intervention,Pembrolizumab + paclitaxel-carboplatin,pMMR_PFS_pembro_chemo,loglogistic,738.453541593105,745.793303439066,350,0.004150212041250101
pMMR,PFS,pembro_chemo,intervention,Pembrolizumab + paclitaxel-carboplatin,pMMR_PFS_pembro_chemo,loglogistic,738.453541593105,745.793303439066,351,0.004129937686744745
pMMR,PFS,pembro_chemo,intervention,Pembrolizumab + paclitaxel-carboplatin,pMMR_PFS_pembro_chemo,loglogistic,738.453541593105,745.793303439066,352,0.004109819226041034
pMMR,PFS,pembro_chemo,intervention,Pembrolizumab + paclitaxel-carboplatin,pMMR_PFS_pembro_chemo,loglogistic,738.453541593105,745.793303439066,353,0.004089855026583433
pMMR,PFS,pembro_chemo,intervention,Pembrolizumab + paclitaxel-carboplatin,pMMR_PFS_pembro_chemo,loglogistic,738.453541593105,745.793303439066,354,0.004070043477423346
pMMR,PFS,pembro_chemo,intervention,Pembrolizumab + paclitaxel-carboplatin,pMMR_PFS_pembro_chemo,loglogistic,738.453541593105,745.793303439066,355,0.004050382988873169
pMMR,PFS,pembro_chemo,intervention,Pembrolizumab + paclitaxel-carboplatin,pMMR_PFS_pembro_chemo,loglogistic,738.453541593105,745.793303439066,356,0.004030871992168117
pMMR,PFS,pembro_chemo,intervention,Pembrolizumab + paclitaxel-carboplatin,pMMR_PFS_pembro_chemo,loglogistic,738.453541593105,745.793303439066,357,0.004011508939132824
pMMR,PFS,pembro_chemo,intervention,Pembrolizumab + paclitaxel-carboplatin,pMMR_PFS_pembro_chemo,loglogistic,738.453541593105,745.793303439066,358,0.003992292301856826
pMMR,PFS,pembro_chemo,intervention,Pembrolizumab + paclitaxel-carboplatin,pMMR_PFS_pembro_chemo,loglogistic,738.453541593105,745.793303439066,359,0.00397322057237226
pMMR,PFS,pembro_chemo,intervention,Pembrolizumab + paclitaxel-carboplatin,pMMR_PFS_pembro_chemo,loglogistic,738.453541593105,745.793303439066,360,0.003954292262341452
pMMR,OS,placebo_chemo,comparator,Placebo + paclitaxel-carboplatin,pMMR_OS_placebo_chemo,weibull,593.59828297911,600.9722336917896,0,1
pMMR,OS,placebo_chemo,comparator,Placebo + paclitaxel-carboplatin,pMMR_OS_placebo_chemo,weibull,593.59828297911,600.9722336917896,1,0.9961919074220403
pMMR,OS,placebo_chemo,comparator,Placebo + paclitaxel-carboplatin,pMMR_OS_placebo_chemo,weibull,593.59828297911,600.9722336917896,2,0.9884575851061583
pMMR,OS,placebo_chemo,comparator,Placebo + paclitaxel-carboplatin,pMMR_OS_placebo_chemo,weibull,593.59828297911,600.9722336917896,3,0.9779864046762018
pMMR,OS,placebo_chemo,comparator,Placebo + paclitaxel-carboplatin,pMMR_OS_placebo_chemo,weibull,593.59828297911,600.9722336917896,4,0.9652906604581581
pMMR,OS,placebo_chemo,comparator,Placebo + paclitaxel-carboplatin,pMMR_OS_placebo_chemo,weibull,593.59828297911,600.9722336917896,5,0.9507113933792081
pMMR,OS,placebo_chemo,comparator,Placebo + paclitaxel-carboplatin,pMMR_OS_placebo_chemo,weibull,593.59828297911,600.9722336917896,6,0.9345107144642846
pMMR,OS,placebo_chemo,comparator,Placebo + paclitaxel-carboplatin,pMMR_OS_placebo_chemo,weibull,593.59828297911,600.9722336917896,7,0.9169056873206246
pMMR,OS,placebo_chemo,comparator,Placebo + paclitaxel-carboplatin,pMMR_OS_placebo_chemo,weibull,593.59828297911,600.9722336917896,8,0.8980841370707447
pMMR,OS,placebo_chemo,comparator,Placebo + paclitaxel-carboplatin,pMMR_OS_placebo_chemo,weibull,593.59828297911,600.9722336917896,9,0.8782131000183584
pMMR,OS,placebo_chemo,comparator,Placebo + paclitaxel-carboplatin,pMMR_OS_placebo_chemo,weibull,593.59828297911,600.9722336917896,10,0.8574437597350288
pMMR,OS,placebo_chemo,comparator,Placebo + paclitaxel-carboplatin,pMMR_OS_placebo_chemo,weibull,593.59828297911,600.9722336917896,11,0.835914519582171
pMMR,OS,placebo_chemo,comparator,Placebo + paclitaxel-carboplatin,pMMR_OS_placebo_chemo,weibull,593.59828297911,600.9722336917896,12,0.8137530107567112
pMMR,OS,placebo_chemo,comparator,Placebo + paclitaxel-carboplatin,pMMR_OS_placebo_chemo,weibull,593.59828297911,600.9722336917896,13,0.7910774585834863
pMMR,OS,placebo_chemo,comparator,Placebo + paclitaxel-carboplatin,pMMR_OS_placebo_chemo,weibull,593.59828297911,600.9722336917896,14,0.7679976462354232
pMMR,OS,placebo_chemo,comparator,Placebo + paclitaxel-carboplatin,pMMR_OS_placebo_chemo,weibull,593.59828297911,600.9722336917896,15,0.7446156185205066
pMMR,OS,placebo_chemo,comparator,Placebo + paclitaxel-carboplatin,pMMR_OS_placebo_chemo,weibull,593.59828297911,600.9722336917896,16,0.721026214422208
pMMR,OS,placebo_chemo,comparator,Placebo + paclitaxel-carboplatin,pMMR_OS_placebo_chemo,weibull,593.59828297911,600.9722336917896,17,0.6973174853919362
pMMR,OS,placebo_chemo,comparator,Placebo + paclitaxel-carboplatin,pMMR_OS_placebo_chemo,weibull,593.59828297911,600.9722336917896,18,0.6735710369912273
pMMR,OS,placebo_chemo,comparator,Placebo + paclitaxel-carboplatin,pMMR_OS_placebo_chemo,weibull,593.59828297911,600.9722336917896,19,0.6498623191786745
pMMR,OS,placebo_chemo,comparator,Placebo + paclitaxel-carboplatin,pMMR_OS_placebo_chemo,weibull,593.59828297911,600.9722336917896,20,0.6262608824980109
pMMR,OS,placebo_chemo,comparator,Placebo + paclitaxel-carboplatin,pMMR_OS_placebo_chemo,weibull,593.59828297911,600.9722336917896,21,0.6028306120355016
pMMR,OS,placebo_chemo,comparator,Placebo + paclitaxel-carboplatin,pMMR_OS_placebo_chemo,weibull,593.59828297911,600.9722336917896,22,0.579629947323907
pMMR,OS,placebo_chemo,comparator,Placebo + paclitaxel-carboplatin,pMMR_OS_placebo_chemo,weibull,593.59828297911,600.9722336917896,23,0.5567120937957775
pMMR,OS,placebo_chemo,comparator,Placebo + paclitaxel-carboplatin,pMMR_OS_placebo_chemo,weibull,593.59828297911,600.9722336917896,24,0.5341252295663586
pMMR,OS,placebo_chemo,comparator,Placebo + paclitaxel-carboplatin,pMMR_OS_placebo_chemo,weibull,593.59828297911,600.9722336917896,25,0.5119127100215108
pMMR,OS,placebo_chemo,comparator,Placebo + paclitaxel-carboplatin,pMMR_OS_placebo_chemo,weibull,593.59828297911,600.9722336917896,26,0.49011327174441766
pMMR,OS,placebo_chemo,comparator,Placebo + paclitaxel-carboplatin,pMMR_OS_placebo_chemo,weibull,593.59828297911,600.9722336917896,27,0.46876123663268454
pMMR,OS,placebo_chemo,comparator,Placebo + paclitaxel-carboplatin,pMMR_OS_placebo_chemo,weibull,593.59828297911,600.9722336917896,28,0.44788671656351886
pMMR,OS,placebo_chemo,comparator,Placebo + paclitaxel-carboplatin,pMMR_OS_placebo_chemo,weibull,593.59828297911,600.9722336917896,29,0.42751581860928856
pMMR,OS,placebo_chemo,comparator,Placebo + paclitaxel-carboplatin,pMMR_OS_placebo_chemo,weibull,593.59828297911,600.9722336917896,30,0.407670850553557
pMMR,OS,placebo_chemo,comparator,Placebo + paclitaxel-carboplatin,pMMR_OS_placebo_chemo,weibull,593.59828297911,600.9722336917896,31,0.38837052628312063
pMMR,OS,placebo_chemo,comparator,Placebo + paclitaxel-carboplatin,pMMR_OS_placebo_chemo,weibull,593.59828297911,600.9722336917896,32,0.3696301705159146
pMMR,OS,placebo_chemo,comparator,Placebo + paclitaxel-carboplatin,pMMR_OS_placebo_chemo,weibull,593.59828297911,600.9722336917896,33,0.35146192225393647
pMMR,OS,placebo_chemo,comparator,Placebo + paclitaxel-carboplatin,pMMR_OS_placebo_chemo,weibull,593.59828297911,600.9722336917896,34,0.33387493631402076
pMMR,OS,placebo_chemo,comparator,Placebo + paclitaxel-carboplatin,pMMR_OS_placebo_chemo,weibull,593.59828297911,600.9722336917896,35,0.3168755822793269
pMMR,OS,placebo_chemo,comparator,Placebo + paclitaxel-carboplatin,pMMR_OS_placebo_chemo,weibull,593.59828297911,600.9722336917896,36,0.300467640224511
pMMR,OS,placebo_chemo,comparator,Placebo + paclitaxel-carboplatin,pMMR_OS_placebo_chemo,weibull,593.59828297911,600.9722336917896,37,0.2846524925928644
pMMR,OS,placebo_chemo,comparator,Placebo + paclitaxel-carboplatin,pMMR_OS_placebo_chemo,weibull,593.59828297911,600.9722336917896,38,0.2694293116403227
pMMR,OS,placebo_chemo,comparator,Placebo + paclitaxel-carboplatin,pMMR_OS_placebo_chemo,weibull,593.59828297911,600.9722336917896,39,0.2547952419061075
pMMR,OS,placebo_chemo,comparator,Placebo + paclitaxel-carboplatin,pMMR_OS_placebo_chemo,weibull,593.59828297911,600.9722336917896,40,0.24074557722036471
pMMR,OS,placebo_chemo,comparator,Placebo + paclitaxel-carboplatin,pMMR_OS_placebo_chemo,weibull,593.59828297911,600.9722336917896,41,0.22727393181350897
pMMR,OS,placebo_chemo,comparator,Placebo + paclitaxel-carboplatin,pMMR_OS_placebo_chemo,weibull,593.59828297911,600.9722336917896,42,0.21437240514844613
pMMR,OS,placebo_chemo,comparator,Placebo + paclitaxel-carboplatin,pMMR_OS_placebo_chemo,weibull,593.59828297911,600.9722336917896,43,0.20203174015411351
pMMR,OS,placebo_chemo,comparator,Placebo + paclitaxel-carboplatin,pMMR_OS_placebo_chemo,weibull,593.59828297911,600.9722336917896,44,0.19024147459578156
pMMR,OS,placebo_chemo,comparator,Placebo + paclitaxel-carboplatin,pMMR_OS_placebo_chemo,weibull,593.59828297911,600.9722336917896,45,0.1789900853734423
pMMR,OS,placebo_chemo,comparator,Placebo + paclitaxel-carboplatin,pMMR_OS_placebo_chemo,weibull,593.59828297911,600.9722336917896,46,0.16826512559368922
pMMR,OS,placebo_chemo,comparator,Placebo + paclitaxel-carboplatin,pMMR_OS_placebo_chemo,weibull,593.59828297911,600.9722336917896,47,0.15805335431222345
pMMR,OS,placebo_chemo,comparator,Placebo + paclitaxel-carboplatin,pMMR_OS_placebo_chemo,weibull,593.59828297911,600.9722336917896,48,0.1483408588930928
pMMR,OS,placebo_chemo,comparator,Placebo + paclitaxel-carboplatin,pMMR_OS_placebo_chemo,weibull,593.59828297911,600.9722336917896,49,0.1391131699766529
pMMR,OS,placebo_chemo,comparator,Placebo + paclitaxel-carboplatin,pMMR_OS_placebo_chemo,weibull,593.59828297911,600.9722336917896,50,0.13035536909083867
pMMR,OS,placebo_chemo,comparator,Placebo + paclitaxel-carboplatin,pMMR_OS_placebo_chemo,weibull,593.59828297911,600.9722336917896,51,0.12205218897946435
pMMR,OS,placebo_chemo,comparator,Placebo + paclitaxel-carboplatin,pMMR_OS_placebo_chemo,weibull,593.59828297911,600.9722336917896,52,0.11418810675687852
pMMR,OS,placebo_chemo,comparator,Placebo + paclitaxel-carboplatin,pMMR_OS_placebo_chemo,weibull,593.59828297911,600.9722336917896,53,0.10674743003034148
pMMR,OS,placebo_chemo,comparator,Placebo + paclitaxel-carboplatin,pMMR_OS_placebo_chemo,weibull,593.59828297911,600.9722336917896,54,0.09971437615998602
pMMR,OS,placebo_chemo,comparator,Placebo + paclitaxel-carboplatin,pMMR_OS_placebo_chemo,weibull,593.59828297911,600.9722336917896,55,0.09307314485123452
pMMR,OS,placebo_chemo,comparator,Placebo + paclitaxel-carboplatin,pMMR_OS_placebo_chemo,weibull,593.59828297911,600.9722336917896,56,0.08680798429615844
pMMR,OS,placebo_chemo,comparator,Placebo + paclitaxel-carboplatin,pMMR_OS_placebo_chemo,weibull,593.59828297911,600.9722336917896,57,0.0809032510985983
pMMR,OS,placebo_chemo,comparator,Placebo + paclitaxel-carboplatin,pMMR_OS_placebo_chemo,weibull,593.59828297911,600.9722336917896,58,0.07534346423306615
pMMR,OS,placebo_chemo,comparator,Placebo + paclitaxel-carboplatin,pMMR_OS_placebo_chemo,weibull,593.59828297911,600.9722336917896,59,0.0701133532996645
pMMR,OS,placebo_chemo,comparator,Placebo + paclitaxel-carboplatin,pMMR_OS_placebo_chemo,weibull,593.59828297911,600.9722336917896,60,0.0651979013466727
pMMR,OS,placebo_chemo,comparator,Placebo + paclitaxel-carboplatin,pMMR_OS_placebo_chemo,weibull,593.59828297911,600.9722336917896,61,0.06058238253922965
pMMR,OS,placebo_chemo,comparator,Placebo + paclitaxel-carboplatin,pMMR_OS_placebo_chemo,weibull,593.59828297911,600.9722336917896,62,0.05625239495689227
pMMR,OS,placebo_chemo,comparator,Placebo + paclitaxel-carboplatin,pMMR_OS_placebo_chemo,weibull,593.59828297911,600.9722336917896,63,0.05219388880494624
pMMR,OS,placebo_chemo,comparator,Placebo + paclitaxel-carboplatin,pMMR_OS_placebo_chemo,weibull,593.59828297911,600.9722336917896,64,0.048393190324390156
pMMR,OS,placebo_chemo,comparator,Placebo + paclitaxel-carboplatin,pMMR_OS_placebo_chemo,weibull,593.59828297911,600.9722336917896,65,0.04483702168370052
pMMR,OS,placebo_chemo,comparator,Placebo + paclitaxel-carboplatin,pMMR_OS_placebo_chemo,weibull,593.59828297911,600.9722336917896,66,0.04151251713199844
pMMR,OS,placebo_chemo,comparator,Placebo + paclitaxel-carboplatin,pMMR_OS_placebo_chemo,weibull,593.59828297911,600.9722336917896,67,0.038407235688265096
pMMR,OS,placebo_chemo,comparator,Placebo + paclitaxel-carboplatin,pMMR_OS_placebo_chemo,weibull,593.59828297911,600.9722336917896,68,0.0355091706349735
pMMR,OS,placebo_chemo,comparator,Placebo + paclitaxel-carboplatin,pMMR_OS_placebo_chemo,weibull,593.59828297911,600.9722336917896,69,0.0328067560770916
pMMR,OS,placebo_chemo,comparator,Placebo + paclitaxel-carboplatin,pMMR_OS_placebo_chemo,weibull,593.59828297911,600.9722336917896,70,0.03028887081902698
pMMR,OS,placebo_chemo,comparator,Placebo + paclitaxel-carboplatin,pMMR_OS_placebo_chemo,weibull,593.59828297911,600.9722336917896,71,0.02794483980288831
pMMR,OS,placebo_chemo,comparator,Placebo + paclitaxel-carboplatin,pMMR_OS_placebo_chemo,weibull,593.59828297911,600.9722336917896,72,0.025764433341575743
pMMR,OS,placebo_chemo,comparator,Placebo + paclitaxel-carboplatin,pMMR_OS_placebo_chemo,weibull,593.59828297911,600.9722336917896,73,0.023737864369821504
pMMR,OS,placebo_chemo,comparator,Placebo + paclitaxel-carboplatin,pMMR_OS_placebo_chemo,weibull,593.59828297911,600.9722336917896,74,0.021855783925508243
pMMR,OS,placebo_chemo,comparator,Placebo + paclitaxel-carboplatin,pMMR_OS_placebo_chemo,weibull,593.59828297911,600.9722336917896,75,0.02010927506252258
pMMR,OS,placebo_chemo,comparator,Placebo + paclitaxel-carboplatin,pMMR_OS_placebo_chemo,weibull,593.59828297911,600.9722336917896,76,0.018489845385144532
pMMR,OS,placebo_chemo,comparator,Placebo + paclitaxel-carboplatin,pMMR_OS_placebo_chemo,weibull,593.59828297911,600.9722336917896,77,0.01698941838265433
pMMR,OS,placebo_chemo,comparator,Placebo + paclitaxel-carboplatin,pMMR_OS_placebo_chemo,weibull,593.59828297911,600.9722336917896,78,0.015600323731518873
pMMR,OS,placebo_chemo,comparator,Placebo + paclitaxel-carboplatin,pMMR_OS_placebo_chemo,weibull,593.59828297911,600.9722336917896,79,0.014315286721298337
pMMR,OS,placebo_chemo,comparator,Placebo + paclitaxel-carboplatin,pMMR_OS_placebo_chemo,weibull,593.59828297911,600.9722336917896,80,0.0131274169493526
pMMR,OS,placebo_chemo,comparator,Placebo + paclitaxel-carboplatin,pMMR_OS_placebo_chemo,weibull,593.59828297911,600.9722336917896,81,0.012030196418586159
pMMR,OS,placebo_chemo,comparator,Placebo + paclitaxel-carboplatin,pMMR_OS_placebo_chemo,weibull,593.59828297911,600.9722336917896,82,0.011017467161908656
pMMR,OS,placebo_chemo,comparator,Placebo + paclitaxel-carboplatin,pMMR_OS_placebo_chemo,weibull,593.59828297911,600.9722336917896,83,0.010083418506845132
pMMR,OS,placebo_chemo,comparator,Placebo + paclitaxel-carboplatin,pMMR_OS_placebo_chemo,weibull,593.59828297911,600.9722336917896,84,0.009222574083849744
pMMR,OS,placebo_chemo,comparator,Placebo + paclitaxel-carboplatin,pMMR_OS_placebo_chemo,weibull,593.59828297911,600.9722336917896,85,0.008429778672380706
pMMR,OS,placebo_chemo,comparator,Placebo + paclitaxel-carboplatin,pMMR_OS_placebo_chemo,weibull,593.59828297911,600.9722336917896,86,0.00770018496972269
pMMR,OS,placebo_chemo,comparator,Placebo + paclitaxel-carboplatin,pMMR_OS_placebo_chemo,weibull,593.59828297911,600.9722336917896,87,0.007029240358896405
pMMR,OS,placebo_chemo,comparator,Placebo + paclitaxel-carboplatin,pMMR_OS_placebo_chemo,weibull,593.59828297911,600.9722336917896,88,0.006412673743800168
pMMR,OS,placebo_chemo,comparator,Placebo + paclitaxel-carboplatin,pMMR_OS_placebo_chemo,weibull,593.59828297911,600.9722336917896,89,0.0058464825119892705
pMMR,OS,placebo_chemo,comparator,Placebo + paclitaxel-carboplatin,pMMR_OS_placebo_chemo,weibull,593.59828297911,600.9722336917896,90,0.005326919678221298
pMMR,OS,placebo_chemo,comparator,Placebo + paclitaxel-carboplatin,pMMR_OS_placebo_chemo,weibull,593.59828297911,600.9722336917896,91,0.0048504812550713705
pMMR,OS,placebo_chemo,comparator,Placebo + paclitaxel-carboplatin,pMMR_OS_placebo_chemo,weibull,593.59828297911,600.9722336917896,92,0.004413893890563014
pMMR,OS,placebo_chemo,comparator,Placebo + paclitaxel-carboplatin,pMMR_OS_placebo_chemo,weibull,593.59828297911,600.9722336917896,93,0.004014102806846442
pMMR,OS,placebo_chemo,comparator,Placebo + paclitaxel-carboplatin,pMMR_OS_placebo_chemo,weibull,593.59828297911,600.9722336917896,94,0.003648260068483067
pMMR,OS,placebo_chemo,comparator,Placebo + paclitaxel-carboplatin,pMMR_OS_placebo_chemo,weibull,593.59828297911,600.9722336917896,95,0.003313713203853652
pMMR,OS,placebo_chemo,comparator,Placebo + paclitaxel-carboplatin,pMMR_OS_placebo_chemo,weibull,593.59828297911,600.9722336917896,96,0.0030079941985833303
pMMR,OS,placebo_chemo,comparator,Placebo + paclitaxel-carboplatin,pMMR_OS_placebo_chemo,weibull,593.59828297911,600.9722336917896,97,0.002728808875647748
pMMR,OS,placebo_chemo,comparator,Placebo + paclitaxel-carboplatin,pMMR_OS_placebo_chemo,weibull,593.59828297911,600.9722336917896,98,0.0024740266729867955
pMMR,OS,placebo_chemo,comparator,Placebo + paclitaxel-carboplatin,pMMR_OS_placebo_chemo,weibull,593.59828297911,600.9722336917896,99,0.0022416708259788143
pMMR,OS,placebo_chemo,comparator,Placebo + paclitaxel-carboplatin,pMMR_OS_placebo_chemo,weibull,593.59828297911,600.9722336917896,100,0.0020299089590022357
pMMR,OS,placebo_chemo,comparator,Placebo + paclitaxel-carboplatin,pMMR_OS_placebo_chemo,weibull,593.59828297911,600.9722336917896,101,0.0018370440875189464
pMMR,OS,placebo_chemo,comparator,Placebo + paclitaxel-carboplatin,pMMR_OS_placebo_chemo,weibull,593.59828297911,600.9722336917896,102,0.0016615060296311102
pMMR,OS,placebo_chemo,comparator,Placebo + paclitaxel-carboplatin,pMMR_OS_placebo_chemo,weibull,593.59828297911,600.9722336917896,103,0.001501843223873367
pMMR,OS,placebo_chemo,comparator,Placebo + paclitaxel-carboplatin,pMMR_OS_placebo_chemo,weibull,593.59828297911,600.9722336917896,104,0.0013567149480838703
pMMR,OS,placebo_chemo,comparator,Placebo + paclitaxel-carboplatin,pMMR_OS_placebo_chemo,weibull,593.59828297911,600.9722336917896,105,0.0012248839325381677
pMMR,OS,placebo_chemo,comparator,Placebo + paclitaxel-carboplatin,pMMR_OS_placebo_chemo,weibull,593.59828297911,600.9722336917896,106,0.0011052093591019663
pMMR,OS,placebo_chemo,comparator,Placebo + paclitaxel-carboplatin,pMMR_OS_placebo_chemo,weibull,593.59828297911,600.9722336917896,107,9.966402369496752e-4
pMMR,OS,placebo_chemo,comparator,Placebo + paclitaxel-carboplatin,pMMR_OS_placebo_chemo,weibull,593.59828297911,600.9722336917896,108,8.982091443914264e-4
pMMR,OS,placebo_chemo,comparator,Placebo + paclitaxel-carboplatin,pMMR_OS_placebo_chemo,weibull,593.59828297911,600.9722336917896,109,8.090263255227104e-4
pMMR,OS,placebo_chemo,comparator,Placebo + paclitaxel-carboplatin,pMMR_OS_placebo_chemo,weibull,593.59828297911,600.9722336917896,110,7.282741297569562e-4
pMMR,OS,placebo_chemo,comparator,Placebo + paclitaxel-carboplatin,pMMR_OS_placebo_chemo,weibull,593.59828297911,600.9722336917896,111,6.552017817944567e-4
pMMR,OS,placebo_chemo,comparator,Placebo + paclitaxel-carboplatin,pMMR_OS_placebo_chemo,weibull,593.59828297911,600.9722336917896,112,5.891204692132224e-4
pMMR,OS,placebo_chemo,comparator,Placebo + paclitaxel-carboplatin,pMMR_OS_placebo_chemo,weibull,593.59828297911,600.9722336917896,113,5.293987346224327e-4
pMMR,OS,placebo_chemo,comparator,Placebo + paclitaxel-carboplatin,pMMR_OS_placebo_chemo,weibull,593.59828297911,600.9722336917896,114,4.7545815918237366e-4
pMMR,OS,placebo_chemo,comparator,Placebo + paclitaxel-carboplatin,pMMR_OS_placebo_chemo,weibull,593.59828297911,600.9722336917896,115,4.2676932425855796e-4
pMMR,OS,placebo_chemo,comparator,Placebo + paclitaxel-carboplatin,pMMR_OS_placebo_chemo,weibull,593.59828297911,600.9722336917896,116,3.8284803802246525e-4
pMMR,OS,placebo_chemo,comparator,Placebo + paclitaxel-carboplatin,pMMR_OS_placebo_chemo,weibull,593.59828297911,600.9722336917896,117,3.4325181393701776e-4
pMMR,OS,placebo_chemo,comparator,Placebo + paclitaxel-carboplatin,pMMR_OS_placebo_chemo,weibull,593.59828297911,600.9722336917896,118,3.075765882506465e-4
pMMR,OS,placebo_chemo,comparator,Placebo + paclitaxel-carboplatin,pMMR_OS_placebo_chemo,weibull,593.59828297911,600.9722336917896,119,2.7545366386672043e-4
pMMR,OS,placebo_chemo,comparator,Placebo + paclitaxel-carboplatin,pMMR_OS_placebo_chemo,weibull,593.59828297911,600.9722336917896,120,2.4654686824754357e-4
pMMR,OS,placebo_chemo,comparator,Placebo + paclitaxel-carboplatin,pMMR_OS_placebo_chemo,weibull,593.59828297911,600.9722336917896,121,2.2054991334086171e-4
pMMR,OS,placebo_chemo,comparator,Placebo + paclitaxel-carboplatin,pMMR_OS_placebo_chemo,weibull,593.59828297911,600.9722336917896,122,1.9718394587819876e-4
pMMR,OS,placebo_chemo,comparator,Placebo + paclitaxel-carboplatin,pMMR_OS_placebo_chemo,weibull,593.59828297911,600.9722336917896,123,1.761952767862507e-4
pMMR,OS,placebo_chemo,comparator,Placebo + paclitaxel-carboplatin,pMMR_OS_placebo_chemo,weibull,593.59828297911,600.9722336917896,124,1.5735327885579853e-4
pMMR,OS,placebo_chemo,comparator,Placebo + paclitaxel-carboplatin,pMMR_OS_placebo_chemo,weibull,593.59828297911,600.9722336917896,125,1.404484422400376e-4
pMMR,OS,placebo_chemo,comparator,Placebo + paclitaxel-carboplatin,pMMR_OS_placebo_chemo,weibull,593.59828297911,600.9722336917896,126,1.2529057778687402e-4
pMMR,OS,placebo_chemo,comparator,Placebo + paclitaxel-carboplatin,pMMR_OS_placebo_chemo,weibull,593.59828297911,600.9722336917896,127,1.1170715864539105e-4
pMMR,OS,placebo_chemo,comparator,Placebo + paclitaxel-carboplatin,pMMR_OS_placebo_chemo,weibull,593.59828297911,600.9722336917896,128,9.954179103477401e-5
pMMR,OS,placebo_chemo,comparator,Placebo + paclitaxel-carboplatin,pMMR_OS_placebo_chemo,weibull,593.59828297911,600.9722336917896,129,8.865280549952281e-5
pMMR,OS,placebo_chemo,comparator,Placebo + paclitaxel-carboplatin,pMMR_OS_placebo_chemo,weibull,593.59828297911,600.9722336917896,130,7.891196041476256e-5
pMMR,OS,placebo_chemo,comparator,Placebo + paclitaxel-carboplatin,pMMR_OS_placebo_chemo,weibull,593.59828297911,600.9722336917896,131,7.020324993445293e-5
pMMR,OS,placebo_chemo,comparator,Placebo + paclitaxel-carboplatin,pMMR_OS_placebo_chemo,weibull,593.59828297911,600.9722336917896,132,6.242180900217775e-5
pMMR,OS,placebo_chemo,comparator,Placebo + paclitaxel-carboplatin,pMMR_OS_placebo_chemo,weibull,593.59828297911,600.9722336917896,133,5.547290845231423e-5
pMMR,OS,placebo_chemo,comparator,Placebo + paclitaxel-carboplatin,pMMR_OS_placebo_chemo,weibull,593.59828297911,600.9722336917896,134,4.927103363538965e-5
pMMR,OS,placebo_chemo,comparator,Placebo + paclitaxel-carboplatin,pMMR_OS_placebo_chemo,weibull,593.59828297911,600.9722336917896,135,4.373904038745824e-5
pMMR,OS,placebo_chemo,comparator,Placebo + paclitaxel-carboplatin,pMMR_OS_placebo_chemo,weibull,593.59828297911,600.9722336917896,136,3.880738254369298e-5
pMMR,OS,placebo_chemo,comparator,Placebo + paclitaxel-carboplatin,pMMR_OS_placebo_chemo,weibull,593.59828297911,600.9722336917896,137,3.441340555188077e-5
pMMR,OS,placebo_chemo,comparator,Placebo + paclitaxel-carboplatin,pMMR_OS_placebo_chemo,weibull,593.59828297911,600.9722336917896,138,3.0500701095115268e-5
pMMR,OS,placebo_chemo,comparator,Placebo + paclitaxel-carboplatin,pMMR_OS_placebo_chemo,weibull,593.59828297911,600.9722336917896,139,2.701851796149679e-5
pMMR,OS,placebo_chemo,comparator,Placebo + paclitaxel-carboplatin,pMMR_OS_placebo_chemo,weibull,593.59828297911,600.9722336917896,140,2.3921224716394462e-5
pMMR,OS,placebo_chemo,comparator,Placebo + paclitaxel-carboplatin,pMMR_OS_placebo_chemo,weibull,593.59828297911,600.9722336917896,141,2.116782003480644e-5
pMMR,OS,placebo_chemo,comparator,Placebo + paclitaxel-carboplatin,pMMR_OS_placebo_chemo,weibull,593.59828297911,600.9722336917896,142,1.8721486839345935e-5
pMMR,OS,placebo_chemo,comparator,Placebo + paclitaxel-carboplatin,pMMR_OS_placebo_chemo,weibull,593.59828297911,600.9722336917896,143,1.654918665738858e-5
pMMR,OS,placebo_chemo,comparator,Placebo + paclitaxel-carboplatin,pMMR_OS_placebo_chemo,weibull,593.59828297911,600.9722336917896,144,1.462129087370645e-5
pMMR,OS,placebo_chemo,comparator,Placebo + paclitaxel-carboplatin,pMMR_OS_placebo_chemo,weibull,593.59828297911,600.9722336917896,145,1.2911245789726244e-5
pMMR,OS,placebo_chemo,comparator,Placebo + paclitaxel-carboplatin,pMMR_OS_placebo_chemo,weibull,593.59828297911,600.9722336917896,146,1.13952686366936e-5
pMMR,OS,placebo_chemo,comparator,Placebo + paclitaxel-carboplatin,pMMR_OS_placebo_chemo,weibull,593.59828297911,600.9722336917896,147,1.0052071898414283e-5
pMMR,OS,placebo_chemo,comparator,Placebo + paclitaxel-carboplatin,pMMR_OS_placebo_chemo,weibull,593.59828297911,600.9722336917896,148,8.862613504412309e-6
pMMR,OS,placebo_chemo,comparator,Placebo + paclitaxel-carboplatin,pMMR_OS_placebo_chemo,weibull,593.59828297911,600.9722336917896,149,7.809870640529404e-6
pMMR,OS,placebo_chemo,comparator,Placebo + paclitaxel-carboplatin,pMMR_OS_placebo_chemo,weibull,593.59828297911,600.9722336917896,150,6.878635104401454e-6
pMMR,OS,placebo_chemo,comparator,Placebo + paclitaxel-carboplatin,pMMR_OS_placebo_chemo,weibull,593.59828297911,600.9722336917896,151,6.0553282912323425e-6
pMMR,OS,placebo_chemo,comparator,Placebo + paclitaxel-carboplatin,pMMR_OS_placebo_chemo,weibull,593.59828297911,600.9722336917896,152,5.3278340573781335e-6
pMMR,OS,placebo_chemo,comparator,Placebo + paclitaxel-carboplatin,pMMR_OS_placebo_chemo,weibull,593.59828297911,600.9722336917896,153,4.68534784425767e-6
pMMR,OS,placebo_chemo,comparator,Placebo + paclitaxel-carboplatin,pMMR_OS_placebo_chemo,weibull,593.59828297911,600.9722336917896,154,4.118240584771726e-6
pMMR,OS,placebo_chemo,comparator,Placebo + paclitaxel-carboplatin,pMMR_OS_placebo_chemo,weibull,593.59828297911,600.9722336917896,155,3.617936031874436e-6
pMMR,OS,placebo_chemo,comparator,Placebo + paclitaxel-carboplatin,pMMR_OS_placebo_chemo,weibull,593.59828297911,600.9722336917896,156,3.176800269288904e-6
pMMR,OS,placebo_chemo,comparator,Placebo + paclitaxel-carboplatin,pMMR_OS_placebo_chemo,weibull,593.59828297911,600.9722336917896,157,2.7880422643900005e-6
pMMR,OS,placebo_chemo,comparator,Placebo + paclitaxel-carboplatin,pMMR_OS_placebo_chemo,weibull,593.59828297911,600.9722336917896,158,2.4456244258619364e-6
pMMR,OS,placebo_chemo,comparator,Placebo + paclitaxel-carboplatin,pMMR_OS_placebo_chemo,weibull,593.59828297911,600.9722336917896,159,2.144182216556878e-6
pMMR,OS,placebo_chemo,comparator,Placebo + paclitaxel-carboplatin,pMMR_OS_placebo_chemo,weibull,593.59828297911,600.9722336917896,160,1.8789519563577883e-6
pMMR,OS,placebo_chemo,comparator,Placebo + paclitaxel-carboplatin,pMMR_OS_placebo_chemo,weibull,593.59828297911,600.9722336917896,161,1.6457060260099965e-6
pMMR,OS,placebo_chemo,comparator,Placebo + paclitaxel-carboplatin,pMMR_OS_placebo_chemo,weibull,593.59828297911,600.9722336917896,162,1.4406947542733306e-6
pMMR,OS,placebo_chemo,comparator,Placebo + paclitaxel-carboplatin,pMMR_OS_placebo_chemo,weibull,593.59828297911,600.9722336917896,163,1.2605943355836757e-6
pMMR,OS,placebo_chemo,comparator,Placebo + paclitaxel-carboplatin,pMMR_OS_placebo_chemo,weibull,593.59828297911,600.9722336917896,164,1.1024601834774828e-6
pMMR,OS,placebo_chemo,comparator,Placebo + paclitaxel-carboplatin,pMMR_OS_placebo_chemo,weibull,593.59828297911,600.9722336917896,165,9.636851824312842e-7
pMMR,OS,placebo_chemo,comparator,Placebo + paclitaxel-carboplatin,pMMR_OS_placebo_chemo,weibull,593.59828297911,600.9722336917896,166,8.419623486188854e-7
pMMR,OS,placebo_chemo,comparator,Placebo + paclitaxel-carboplatin,pMMR_OS_placebo_chemo,weibull,593.59828297911,600.9722336917896,167,7.352514566072443e-7
pMMR,OS,placebo_chemo,comparator,Placebo + paclitaxel-carboplatin,pMMR_OS_placebo_chemo,weibull,593.59828297911,600.9722336917896,168,6.417492304233718e-7
pMMR,OS,placebo_chemo,comparator,Placebo + paclitaxel-carboplatin,pMMR_OS_placebo_chemo,weibull,593.59828297911,600.9722336917896,169,5.59862736837502e-7
pMMR,OS,placebo_chemo,comparator,Placebo + paclitaxel-carboplatin,pMMR_OS_placebo_chemo,weibull,593.59828297911,600.9722336917896,170,4.8818565190345e-7
pMMR,OS,placebo_chemo,comparator,Placebo + paclitaxel-carboplatin,pMMR_OS_placebo_chemo,weibull,593.59828297911,600.9722336917896,171,4.2547710554785567e-7
pMMR,OS,placebo_chemo,comparator,Placebo + paclitaxel-carboplatin,pMMR_OS_placebo_chemo,weibull,593.59828297911,600.9722336917896,172,3.706428346461621e-7
pMMR,OS,placebo_chemo,comparator,Placebo + paclitaxel-carboplatin,pMMR_OS_placebo_chemo,weibull,593.59828297911,600.9722336917896,173,3.227184056653343e-7
pMMR,OS,placebo_chemo,comparator,Placebo + paclitaxel-carboplatin,pMMR_OS_placebo_chemo,weibull,593.59828297911,600.9722336917896,174,2.8085428804836e-7
pMMR,OS,placebo_chemo,comparator,Placebo + paclitaxel-carboplatin,pMMR_OS_placebo_chemo,weibull,593.59828297911,600.9722336917896,175,2.4430258271923577e-7
pMMR,OS,placebo_chemo,comparator,Placebo + paclitaxel-carboplatin,pMMR_OS_placebo_chemo,weibull,593.59828297911,600.9722336917896,176,2.1240523118137844e-7
pMMR,OS,placebo_chemo,comparator,Placebo + paclitaxel-carboplatin,pMMR_OS_placebo_chemo,weibull,593.59828297911,600.9722336917896,177,1.8458354422712375e-7
pMMR,OS,placebo_chemo,comparator,Placebo + paclitaxel-carboplatin,pMMR_OS_placebo_chemo,weibull,593.59828297911,600.9722336917896,178,1.6032891092532253e-7
pMMR,OS,placebo_chemo,comparator,Placebo + paclitaxel-carboplatin,pMMR_OS_placebo_chemo,weibull,593.59828297911,600.9722336917896,179,1.391945585460519e-7
pMMR,OS,placebo_chemo,comparator,Placebo + paclitaxel-carboplatin,pMMR_OS_placebo_chemo,weibull,593.59828297911,600.9722336917896,180,1.2078824940253696e-7
pMMR,OS,placebo_chemo,comparator,Placebo + paclitaxel-carboplatin,pMMR_OS_placebo_chemo,weibull,593.59828297911,600.9722336917896,181,1.04765812913854e-7
pMMR,OS,placebo_chemo,comparator,Placebo + paclitaxel-carboplatin,pMMR_OS_placebo_chemo,weibull,593.59828297911,600.9722336917896,182,9.082541907456942e-8
pMMR,OS,placebo_chemo,comparator,Placebo + paclitaxel-carboplatin,pMMR_OS_placebo_chemo,weibull,593.59828297911,600.9722336917896,183,7.870251439445752e-8
pMMR,OS,placebo_chemo,comparator,Placebo + paclitaxel-carboplatin,pMMR_OS_placebo_chemo,weibull,593.59828297911,600.9722336917896,184,6.816534292575227e-8
pMMR,OS,placebo_chemo,comparator,Placebo + paclitaxel-carboplatin,pMMR_OS_placebo_chemo,weibull,593.59828297911,600.9722336917896,185,5.901099031646595e-8
pMMR,OS,placebo_chemo,comparator,Placebo + paclitaxel-carboplatin,pMMR_OS_placebo_chemo,weibull,593.59828297911,600.9722336917896,186,5.1061889827508367e-8
pMMR,OS,placebo_chemo,comparator,Placebo + paclitaxel-carboplatin,pMMR_OS_placebo_chemo,weibull,593.59828297911,600.9722336917896,187,4.416273935436976e-8
pMMR,OS,placebo_chemo,comparator,Placebo + paclitaxel-carboplatin,pMMR_OS_placebo_chemo,weibull,593.59828297911,600.9722336917896,188,3.81777820468443e-8
pMMR,OS,placebo_chemo,comparator,Placebo + paclitaxel-carboplatin,pMMR_OS_placebo_chemo,weibull,593.59828297911,600.9722336917896,189,3.298841022569832e-8
pMMR,OS,placebo_chemo,comparator,Placebo + paclitaxel-carboplatin,pMMR_OS_placebo_chemo,weibull,593.59828297911,600.9722336917896,190,2.8491053405410582e-8
pMMR,OS,placebo_chemo,comparator,Placebo + paclitaxel-carboplatin,pMMR_OS_placebo_chemo,weibull,593.59828297911,600.9722336917896,191,2.4595320002873677e-8
pMMR,OS,placebo_chemo,comparator,Placebo + paclitaxel-carboplatin,pMMR_OS_placebo_chemo,weibull,593.59828297911,600.9722336917896,192,2.1222361978878723e-8
pMMR,OS,placebo_chemo,comparator,Placebo + paclitaxel-carboplatin,pMMR_OS_placebo_chemo,weibull,593.59828297911,600.9722336917896,193,1.830343698827619e-8
pMMR,OS,placebo_chemo,comparator,Placebo + paclitaxel-carboplatin,pMMR_OS_placebo_chemo,weibull,593.59828297911,600.9722336917896,194,1.5778644169017753e-8
pMMR,OS,placebo_chemo,comparator,Placebo + paclitaxel-carboplatin,pMMR_OS_placebo_chemo,weibull,593.59828297911,600.9722336917896,195,1.3595814474243184e-8
pMMR,OS,placebo_chemo,comparator,Placebo + paclitaxel-carboplatin,pMMR_OS_placebo_chemo,weibull,593.59828297911,600.9722336917896,196,1.1709536451576241e-8
pMMR,OS,placebo_chemo,comparator,Placebo + paclitaxel-carboplatin,pMMR_OS_placebo_chemo,weibull,593.59828297911,600.9722336917896,197,1.0080301038328798e-8
pMMR,OS,placebo_chemo,comparator,Placebo + paclitaxel-carboplatin,pMMR_OS_placebo_chemo,weibull,593.59828297911,600.9722336917896,198,8.673752605048435e-9
pMMR,OS,placebo_chemo,comparator,Placebo + paclitaxel-carboplatin,pMMR_OS_placebo_chemo,weibull,593.59828297911,600.9722336917896,199,7.460031925532462e-9
pMMR,OS,placebo_chemo,comparator,Placebo + paclitaxel-carboplatin,pMMR_OS_placebo_chemo,weibull,593.59828297911,600.9722336917896,200,6.4132013033457724e-9
pMMR,OS,placebo_chemo,comparator,Placebo + paclitaxel-carboplatin,pMMR_OS_placebo_chemo,weibull,593.59828297911,600.9722336917896,201,5.510740752612264e-9
pMMR,OS,placebo_chemo,comparator,Placebo + paclitaxel-carboplatin,pMMR_OS_placebo_chemo,weibull,593.59828297911,600.9722336917896,202,4.733107905607881e-9
pMMR,OS,placebo_chemo,comparator,Placebo + paclitaxel-carboplatin,pMMR_OS_placebo_chemo,weibull,593.59828297911,600.9722336917896,203,4.063352765371064e-9
pMMR,OS,placebo_chemo,comparator,Placebo + paclitaxel-carboplatin,pMMR_OS_placebo_chemo,weibull,593.59828297911,600.9722336917896,204,3.4867815301709015e-9
pMMR,OS,placebo_chemo,comparator,Placebo + paclitaxel-carboplatin,pMMR_OS_placebo_chemo,weibull,593.59828297911,600.9722336917896,205,2.9906626064502007e-9
pMMR,OS,placebo_chemo,comparator,Placebo + paclitaxel-carboplatin,pMMR_OS_placebo_chemo,weibull,593.59828297911,600.9722336917896,206,2.563970036284502e-9
pMMR,OS,placebo_chemo,comparator,Placebo + paclitaxel-carboplatin,pMMR_OS_placebo_chemo,weibull,593.59828297911,600.9722336917896,207,2.1971601205095226e-9
pMMR,OS,placebo_chemo,comparator,Placebo + paclitaxel-carboplatin,pMMR_OS_placebo_chemo,weibull,593.59828297911,600.9722336917896,208,1.881976019468823e-9
pMMR,OS,placebo_chemo,comparator,Placebo + paclitaxel-carboplatin,pMMR_OS_placebo_chemo,weibull,593.59828297911,600.9722336917896,209,1.611277777868736e-9
pMMR,OS,placebo_chemo,comparator,Placebo + paclitaxel-carboplatin,pMMR_OS_placebo_chemo,weibull,593.59828297911,600.9722336917896,210,1.3788947761383952e-9
pMMR,OS,placebo_chemo,comparator,Placebo + paclitaxel-carboplatin,pMMR_OS_placebo_chemo,weibull,593.59828297911,600.9722336917896,211,1.1794961674027604e-9
pMMR,OS,placebo_chemo,comparator,Placebo + paclitaxel-carboplatin,pMMR_OS_placebo_chemo,weibull,593.59828297911,600.9722336917896,212,1.0084794110909456e-9
pMMR,OS,placebo_chemo,comparator,Placebo + paclitaxel-carboplatin,pMMR_OS_placebo_chemo,weibull,593.59828297911,600.9722336917896,213,8.618723512654469e-10
pMMR,OS,placebo_chemo,comparator,Placebo + paclitaxel-carboplatin,pMMR_OS_placebo_chemo,weibull,593.59828297911,600.9722336917896,214,7.362489506945735e-10
pMMR,OS,placebo_chemo,comparator,Placebo + paclitaxel-carboplatin,pMMR_OS_placebo_chemo,weibull,593.59828297911,600.9722336917896,215,6.286553499990077e-10
pMMR,OS,placebo_chemo,comparator,Placebo + paclitaxel-carboplatin,pMMR_OS_placebo_chemo,weibull,593.59828297911,600.9722336917896,216,5.365461408501915e-10
pMMR,OS,placebo_chemo,comparator,Placebo + paclitaxel-carboplatin,pMMR_OS_placebo_chemo,weibull,593.59828297911,600.9722336917896,217,4.5772896584139744e-10
pMMR,OS,placebo_chemo,comparator,Placebo + paclitaxel-carboplatin,pMMR_OS_placebo_chemo,weibull,593.59828297911,600.9722336917896,218,3.903165568530653e-10
pMMR,OS,placebo_chemo,comparator,Placebo + paclitaxel-carboplatin,pMMR_OS_placebo_chemo,weibull,593.59828297911,600.9722336917896,219,3.3268487964477345e-10
pMMR,OS,placebo_chemo,comparator,Placebo + paclitaxel-carboplatin,pMMR_OS_placebo_chemo,weibull,593.59828297911,600.9722336917896,220,2.8343738467384583e-10
pMMR,OS,placebo_chemo,comparator,Placebo + paclitaxel-carboplatin,pMMR_OS_placebo_chemo,weibull,593.59828297911,600.9722336917896,221,2.4137336573915036e-10
pMMR,OS,placebo_chemo,comparator,Placebo + paclitaxel-carboplatin,pMMR_OS_placebo_chemo,weibull,593.59828297911,600.9722336917896,222,2.0546142565081027e-10
pMMR,OS,placebo_chemo,comparator,Placebo + paclitaxel-carboplatin,pMMR_OS_placebo_chemo,weibull,593.59828297911,600.9722336917896,223,1.7481560643517469e-10
pMMR,OS,placebo_chemo,comparator,Placebo + paclitaxel-carboplatin,pMMR_OS_placebo_chemo,weibull,593.59828297911,600.9722336917896,224,1.4867551634267784e-10
pMMR,OS,placebo_chemo,comparator,Placebo + paclitaxel-carboplatin,pMMR_OS_placebo_chemo,weibull,593.59828297911,600.9722336917896,225,1.2638867730174752e-10
pMMR,OS,placebo_chemo,comparator,Placebo + paclitaxel-carboplatin,pMMR_OS_placebo_chemo,weibull,593.59828297911,600.9722336917896,226,1.0739575895257758e-10
pMMR,OS,placebo_chemo,comparator,Placebo + paclitaxel-carboplatin,pMMR_OS_placebo_chemo,weibull,593.59828297911,600.9722336917896,227,9.121703392622749e-11
pMMR,OS,placebo_chemo,comparator,Placebo + paclitaxel-carboplatin,pMMR_OS_placebo_chemo,weibull,593.59828297911,600.9722336917896,228,7.74418307258884e-11
pMMR,OS,placebo_chemo,comparator,Placebo + paclitaxel-carboplatin,pMMR_OS_placebo_chemo,weibull,593.59828297911,600.9722336917896,229,6.571831967505659e-11
pMMR,OS,placebo_chemo,comparator,Placebo + paclitaxel-carboplatin,pMMR_OS_placebo_chemo,weibull,593.59828297911,600.9722336917896,230,5.574529726715127e-11
pMMR,OS,placebo_chemo,comparator,Placebo + paclitaxel-carboplatin,pMMR_OS_placebo_chemo,weibull,593.59828297911,600.9722336917896,231,4.72651917604594e-11
pMMR,OS,placebo_chemo,comparator,Placebo + paclitaxel-carboplatin,pMMR_OS_placebo_chemo,weibull,593.59828297911,600.9722336917896,232,4.005784592919781e-11
pMMR,OS,placebo_chemo,comparator,Placebo + paclitaxel-carboplatin,pMMR_OS_placebo_chemo,weibull,593.59828297911,600.9722336917896,233,3.393474390378515e-11
pMMR,OS,placebo_chemo,comparator,Placebo + paclitaxel-carboplatin,pMMR_OS_placebo_chemo,weibull,593.59828297911,600.9722336917896,234,2.8735236412558152e-11
pMMR,OS,placebo_chemo,comparator,Placebo + paclitaxel-carboplatin,pMMR_OS_placebo_chemo,weibull,593.59828297911,600.9722336917896,235,2.4321988867370692e-11
pMMR,OS,placebo_chemo,comparator,Placebo + paclitaxel-carboplatin,pMMR_OS_placebo_chemo,weibull,593.59828297911,600.9722336917896,236,2.0577539672217426e-11
pMMR,OS,placebo_chemo,comparator,Placebo + paclitaxel-carboplatin,pMMR_OS_placebo_chemo,weibull,593.59828297911,600.9722336917896,237,1.7402190799487016e-11
pMMR,OS,placebo_chemo,comparator,Placebo + paclitaxel-carboplatin,pMMR_OS_placebo_chemo,weibull,593.59828297911,600.9722336917896,238,1.4710566098585787e-11
pMMR,OS,placebo_chemo,comparator,Placebo + paclitaxel-carboplatin,pMMR_OS_placebo_chemo,weibull,593.59828297911,600.9722336917896,239,1.2429834939098328e-11
pMMR,OS,placebo_chemo,comparator,Placebo + paclitaxel-carboplatin,pMMR_OS_placebo_chemo,weibull,593.59828297911,600.9722336917896,240,1.049826892085548e-11
pMMR,OS,placebo_chemo,comparator,Placebo + paclitaxel-carboplatin,pMMR_OS_placebo_chemo,weibull,593.59828297911,600.9722336917896,241,8.86313245018755e-12
pMMR,OS,placebo_chemo,comparator,Placebo + paclitaxel-carboplatin,pMMR_OS_placebo_chemo,weibull,593.59828297911,600.9722336917896,242,7.479350472294755e-12
pMMR,OS,placebo_chemo,comparator,Placebo + paclitaxel-carboplatin,pMMR_OS_placebo_chemo,weibull,593.59828297911,600.9722336917896,243,6.309064382037377e-12
pMMR,OS,placebo_chemo,comparator,Placebo + paclitaxel-carboplatin,pMMR_OS_placebo_chemo,weibull,593.59828297911,600.9722336917896,244,5.319522600188975e-12
pMMR,OS,placebo_chemo,comparator,Placebo + paclitaxel-carboplatin,pMMR_OS_placebo_chemo,weibull,593.59828297911,600.9722336917896,245,4.48341364034377e-12
pMMR,OS,placebo_chemo,comparator,Placebo + paclitaxel-carboplatin,pMMR_OS_placebo_chemo,weibull,593.59828297911,600.9722336917896,246,3.777089752077245e-12
pMMR,OS,placebo_chemo,comparator,Placebo + paclitaxel-carboplatin,pMMR_OS_placebo_chemo,weibull,593.59828297911,600.9722336917896,247,3.180677943248611e-12
pMMR,OS,placebo_chemo,comparator,Placebo + paclitaxel-carboplatin,pMMR_OS_placebo_chemo,weibull,593.59828297911,600.9722336917896,248,2.677302823883565e-12
pMMR,OS,placebo_chemo,comparator,Placebo + paclitaxel-carboplatin,pMMR_OS_placebo_chemo,weibull,593.59828297911,600.9722336917896,249,2.2526425169644426e-12
pMMR,OS,placebo_chemo,comparator,Placebo + paclitaxel-carboplatin,pMMR_OS_placebo_chemo,weibull,593.59828297911,600.9722336917896,250,1.894484569220367e-12
pMMR,OS,placebo_chemo,comparator,Placebo + paclitaxel-carboplatin,pMMR_OS_placebo_chemo,weibull,593.59828297911,600.9722336917896,251,1.5927259511272496e-12
pMMR,OS,placebo_chemo,comparator,Placebo + paclitaxel-carboplatin,pMMR_OS_placebo_chemo,weibull,593.59828297911,600.9722336917896,252,1.3383738561856262e-12
pMMR,OS,placebo_chemo,comparator,Placebo + paclitaxel-carboplatin,pMMR_OS_placebo_chemo,weibull,593.59828297911,600.9722336917896,253,1.1242118347354335e-12
pMMR,OS,placebo_chemo,comparator,Placebo + paclitaxel-carboplatin,pMMR_OS_placebo_chemo,weibull,593.59828297911,600.9722336917896,254,9.43911615536308e-13
pMMR,OS,placebo_chemo,comparator,Placebo + paclitaxel-carboplatin,pMMR_OS_placebo_chemo,weibull,593.59828297911,600.9722336917896,255,7.922551503725117e-13
pMMR,OS,placebo_chemo,comparator,Placebo + paclitaxel-carboplatin,pMMR_OS_placebo_chemo,weibull,593.59828297911,600.9722336917896,256,6.645795025406187e-13
pMMR,OS,placebo_chemo,comparator,Placebo + paclitaxel-carboplatin,pMMR_OS_placebo_chemo,weibull,593.59828297911,600.9722336917896,257,5.573319583618286e-13
pMMR,OS,placebo_chemo,comparator,Placebo + paclitaxel-carboplatin,pMMR_OS_placebo_chemo,weibull,593.59828297911,600.9722336917896,258,4.671818487622659e-13
pMMR,OS,placebo_chemo,comparator,Placebo + paclitaxel-carboplatin,pMMR_OS_placebo_chemo,weibull,593.59828297911,600.9722336917896,259,3.914646384828302e-13
pMMR,OS,placebo_chemo,comparator,Placebo + paclitaxel-carboplatin,pMMR_OS_placebo_chemo,weibull,593.59828297911,600.9722336917896,260,3.2784885917180873e-13
pMMR,OS,placebo_chemo,comparator,Placebo + paclitaxel-carboplatin,pMMR_OS_placebo_chemo,weibull,593.59828297911,600.9722336917896,261,2.744471316873387e-13
pMMR,OS,placebo_chemo,comparator,Placebo + paclitaxel-carboplatin,pMMR_OS_placebo_chemo,weibull,593.59828297911,600.9722336917896,262,2.297051437949449e-13
pMMR,OS,placebo_chemo,comparator,Placebo + paclitaxel-carboplatin,pMMR_OS_placebo_chemo,weibull,593.59828297911,600.9722336917896,263,1.921796055626146e-13
pMMR,OS,placebo_chemo,comparator,Placebo + paclitaxel-carboplatin,pMMR_OS_placebo_chemo,weibull,593.59828297911,600.9722336917896,264,1.6064927166326015e-13
pMMR,OS,placebo_chemo,comparator,Placebo + paclitaxel-carboplatin,pMMR_OS_placebo_chemo,weibull,593.59828297911,600.9722336917896,265,1.3422596367718143e-13
pMMR,OS,placebo_chemo,comparator,Placebo + paclitaxel-carboplatin,pMMR_OS_placebo_chemo,weibull,593.59828297911,600.9722336917896,266,1.1213252548714081e-13
pMMR,OS,placebo_chemo,comparator,Placebo + paclitaxel-carboplatin,pMMR_OS_placebo_chemo,weibull,593.59828297911,600.9722336917896,267,9.370282327836321e-14
pMMR,OS,placebo_chemo,comparator,Placebo + paclitaxel-carboplatin,pMMR_OS_placebo_chemo,weibull,593.59828297911,600.9722336917896,268,7.815970093361102e-14
pMMR,OS,placebo_chemo,comparator,Placebo + paclitaxel-carboplatin,pMMR_OS_placebo_chemo,weibull,593.59828297911,600.9722336917896,269,6.52811138479592e-14
pMMR,OS,placebo_chemo,comparator,Placebo + paclitaxel-carboplatin,pMMR_OS_placebo_chemo,weibull,593.59828297911,600.9722336917896,270,5.440092820663267e-14
pMMR,OS,placebo_chemo,comparator,Placebo + paclitaxel-carboplatin,pMMR_OS_placebo_chemo,weibull,593.59828297911,600.9722336917896,271,4.54081217071689e-14
pMMR,OS,placebo_chemo,comparator,Placebo + paclitaxel-carboplatin,pMMR_OS_placebo_chemo,weibull,593.59828297911,600.9722336917896,272,3.785860513971784e-14
pMMR,OS,placebo_chemo,comparator,Placebo + paclitaxel-carboplatin,pMMR_OS_placebo_chemo,weibull,593.59828297911,600.9722336917896,273,3.1530333899354446e-14
pMMR,OS,placebo_chemo,comparator,Placebo + paclitaxel-carboplatin,pMMR_OS_placebo_chemo,weibull,593.59828297911,600.9722336917896,274,2.6201263381153694e-14
pMMR,OS,placebo_chemo,comparator,Placebo + paclitaxel-carboplatin,pMMR_OS_placebo_chemo,weibull,593.59828297911,600.9722336917896,275,2.1871393585115584e-14
pMMR,OS,placebo_chemo,comparator,Placebo + paclitaxel-carboplatin,pMMR_OS_placebo_chemo,weibull,593.59828297911,600.9722336917896,276,1.8207657603852567e-14
pMMR,OS,placebo_chemo,comparator,Placebo + paclitaxel-carboplatin,pMMR_OS_placebo_chemo,weibull,593.59828297911,600.9722336917896,277,1.509903313490213e-14
pMMR,OS,placebo_chemo,comparator,Placebo + paclitaxel-carboplatin,pMMR_OS_placebo_chemo,weibull,593.59828297911,600.9722336917896,278,1.2545520178264269e-14
pMMR,OS,placebo_chemo,comparator,Placebo + paclitaxel-carboplatin,pMMR_OS_placebo_chemo,weibull,593.59828297911,600.9722336917896,279,1.0436096431476471e-14
pMMR,OS,placebo_chemo,comparator,Placebo + paclitaxel-carboplatin,pMMR_OS_placebo_chemo,weibull,593.59828297911,600.9722336917896,280,8.659739592076221e-15
pMMR,OS,placebo_chemo,comparator,Placebo + paclitaxel-carboplatin,pMMR_OS_placebo_chemo,weibull,593.59828297911,600.9722336917896,281,7.216449660063518e-15
pMMR,OS,placebo_chemo,comparator,Placebo + paclitaxel-carboplatin,pMMR_OS_placebo_chemo,weibull,593.59828297911,600.9722336917896,282,5.995204332975845e-15
pMMR,OS,placebo_chemo,comparator,Placebo + paclitaxel-carboplatin,pMMR_OS_placebo_chemo,weibull,593.59828297911,600.9722336917896,283,4.9960036108132044e-15
pMMR,OS,placebo_chemo,comparator,Placebo + paclitaxel-carboplatin,pMMR_OS_placebo_chemo,weibull,593.59828297911,600.9722336917896,284,4.107825191113079e-15
pMMR,OS,placebo_chemo,comparator,Placebo + paclitaxel-carboplatin,pMMR_OS_placebo_chemo,weibull,593.59828297911,600.9722336917896,285,3.4416913763379853e-15
pMMR,OS,placebo_chemo,comparator,Placebo + paclitaxel-carboplatin,pMMR_OS_placebo_chemo,weibull,593.59828297911,600.9722336917896,286,2.7755575615628914e-15
pMMR,OS,placebo_chemo,comparator,Placebo + paclitaxel-carboplatin,pMMR_OS_placebo_chemo,weibull,593.59828297911,600.9722336917896,287,2.3314683517128287e-15
pMMR,OS,placebo_chemo,comparator,Placebo + paclitaxel-carboplatin,pMMR_OS_placebo_chemo,weibull,593.59828297911,600.9722336917896,288,1.887379141862766e-15
pMMR,OS,placebo_chemo,comparator,Placebo + paclitaxel-carboplatin,pMMR_OS_placebo_chemo,weibull,593.59828297911,600.9722336917896,289,1.5543122344752192e-15
pMMR,OS,placebo_chemo,comparator,Placebo + paclitaxel-carboplatin,pMMR_OS_placebo_chemo,weibull,593.59828297911,600.9722336917896,290,1.3322676295501878e-15
pMMR,OS,placebo_chemo,comparator,Placebo + paclitaxel-carboplatin,pMMR_OS_placebo_chemo,weibull,593.59828297911,600.9722336917896,291,1.1102230246251565e-15
pMMR,OS,placebo_chemo,comparator,Placebo + paclitaxel-carboplatin,pMMR_OS_placebo_chemo,weibull,593.59828297911,600.9722336917896,292,8.881784197001252e-16
pMMR,OS,placebo_chemo,comparator,Placebo + paclitaxel-carboplatin,pMMR_OS_placebo_chemo,weibull,593.59828297911,600.9722336917896,293,7.771561172376096e-16
pMMR,OS,placebo_chemo,comparator,Placebo + paclitaxel-carboplatin,pMMR_OS_placebo_chemo,weibull,593.59828297911,600.9722336917896,294,6.661338147750939e-16
pMMR,OS,placebo_chemo,comparator,Placebo + paclitaxel-carboplatin,pMMR_OS_placebo_chemo,weibull,593.59828297911,600.9722336917896,295,5.551115123125783e-16
pMMR,OS,placebo_chemo,comparator,Placebo + paclitaxel-carboplatin,pMMR_OS_placebo_chemo,weibull,593.59828297911,600.9722336917896,296,4.440892098500626e-16
pMMR,OS,placebo_chemo,comparator,Placebo + paclitaxel-carboplatin,pMMR_OS_placebo_chemo,weibull,593.59828297911,600.9722336917896,297,3.3306690738754696e-16
pMMR,OS,placebo_chemo,comparator,Placebo + paclitaxel-carboplatin,pMMR_OS_placebo_chemo,weibull,593.59828297911,600.9722336917896,298,3.3306690738754696e-16
pMMR,OS,placebo_chemo,comparator,Placebo + paclitaxel-carboplatin,pMMR_OS_placebo_chemo,weibull,593.59828297911,600.9722336917896,299,2.220446049250313e-16
pMMR,OS,placebo_chemo,comparator,Placebo + paclitaxel-carboplatin,pMMR_OS_placebo_chemo,weibull,593.59828297911,600.9722336917896,300,2.220446049250313e-16
pMMR,OS,placebo_chemo,comparator,Placebo + paclitaxel-carboplatin,pMMR_OS_placebo_chemo,weibull,593.59828297911,600.9722336917896,301,1.1102230246251565e-16
pMMR,OS,placebo_chemo,comparator,Placebo + paclitaxel-carboplatin,pMMR_OS_placebo_chemo,weibull,593.59828297911,600.9722336917896,302,1.1102230246251565e-16
pMMR,OS,placebo_chemo,comparator,Placebo + paclitaxel-carboplatin,pMMR_OS_placebo_chemo,weibull,593.59828297911,600.9722336917896,303,1.1102230246251565e-16
pMMR,OS,placebo_chemo,comparator,Placebo + paclitaxel-carboplatin,pMMR_OS_placebo_chemo,weibull,593.59828297911,600.9722336917896,304,1.1102230246251565e-16
pMMR,OS,placebo_chemo,comparator,Placebo + paclitaxel-carboplatin,pMMR_OS_placebo_chemo,weibull,593.59828297911,600.9722336917896,305,1.1102230246251565e-16
pMMR,OS,placebo_chemo,comparator,Placebo + paclitaxel-carboplatin,pMMR_OS_placebo_chemo,weibull,593.59828297911,600.9722336917896,306,1.1102230246251565e-16
pMMR,OS,placebo_chemo,comparator,Placebo + paclitaxel-carboplatin,pMMR_OS_placebo_chemo,weibull,593.59828297911,600.9722336917896,307,0
pMMR,OS,placebo_chemo,comparator,Placebo + paclitaxel-carboplatin,pMMR_OS_placebo_chemo,weibull,593.59828297911,600.9722336917896,308,0
pMMR,OS,placebo_chemo,comparator,Placebo + paclitaxel-carboplatin,pMMR_OS_placebo_chemo,weibull,593.59828297911,600.9722336917896,309,0
pMMR,OS,placebo_chemo,comparator,Placebo + paclitaxel-carboplatin,pMMR_OS_placebo_chemo,weibull,593.59828297911,600.9722336917896,310,0
pMMR,OS,placebo_chemo,comparator,Placebo + paclitaxel-carboplatin,pMMR_OS_placebo_chemo,weibull,593.59828297911,600.9722336917896,311,0
pMMR,OS,placebo_chemo,comparator,Placebo + paclitaxel-carboplatin,pMMR_OS_placebo_chemo,weibull,593.59828297911,600.9722336917896,312,0
pMMR,OS,placebo_chemo,comparator,Placebo + paclitaxel-carboplatin,pMMR_OS_placebo_chemo,weibull,593.59828297911,600.9722336917896,313,0
pMMR,OS,placebo_chemo,comparator,Placebo + paclitaxel-carboplatin,pMMR_OS_placebo_chemo,weibull,593.59828297911,600.9722336917896,314,0
pMMR,OS,placebo_chemo,comparator,Placebo + paclitaxel-carboplatin,pMMR_OS_placebo_chemo,weibull,593.59828297911,600.9722336917896,315,0
pMMR,OS,placebo_chemo,comparator,Placebo + paclitaxel-carboplatin,pMMR_OS_placebo_chemo,weibull,593.59828297911,600.9722336917896,316,0
pMMR,OS,placebo_chemo,comparator,Placebo + paclitaxel-carboplatin,pMMR_OS_placebo_chemo,weibull,593.59828297911,600.9722336917896,317,0
pMMR,OS,placebo_chemo,comparator,Placebo + paclitaxel-carboplatin,pMMR_OS_placebo_chemo,weibull,593.59828297911,600.9722336917896,318,0
pMMR,OS,placebo_chemo,comparator,Placebo + paclitaxel-carboplatin,pMMR_OS_placebo_chemo,weibull,593.59828297911,600.9722336917896,319,0
pMMR,OS,placebo_chemo,comparator,Placebo + paclitaxel-carboplatin,pMMR_OS_placebo_chemo,weibull,593.59828297911,600.9722336917896,320,0
pMMR,OS,placebo_chemo,comparator,Placebo + paclitaxel-carboplatin,pMMR_OS_placebo_chemo,weibull,593.59828297911,600.9722336917896,321,0
pMMR,OS,placebo_chemo,comparator,Placebo + paclitaxel-carboplatin,pMMR_OS_placebo_chemo,weibull,593.59828297911,600.9722336917896,322,0
pMMR,OS,placebo_chemo,comparator,Placebo + paclitaxel-carboplatin,pMMR_OS_placebo_chemo,weibull,593.59828297911,600.9722336917896,323,0
pMMR,OS,placebo_chemo,comparator,Placebo + paclitaxel-carboplatin,pMMR_OS_placebo_chemo,weibull,593.59828297911,600.9722336917896,324,0
pMMR,OS,placebo_chemo,comparator,Placebo + paclitaxel-carboplatin,pMMR_OS_placebo_chemo,weibull,593.59828297911,600.9722336917896,325,0
pMMR,OS,placebo_chemo,comparator,Placebo + paclitaxel-carboplatin,pMMR_OS_placebo_chemo,weibull,593.59828297911,600.9722336917896,326,0
pMMR,OS,placebo_chemo,comparator,Placebo + paclitaxel-carboplatin,pMMR_OS_placebo_chemo,weibull,593.59828297911,600.9722336917896,327,0
pMMR,OS,placebo_chemo,comparator,Placebo + paclitaxel-carboplatin,pMMR_OS_placebo_chemo,weibull,593.59828297911,600.9722336917896,328,0
pMMR,OS,placebo_chemo,comparator,Placebo + paclitaxel-carboplatin,pMMR_OS_placebo_chemo,weibull,593.59828297911,600.9722336917896,329,0
pMMR,OS,placebo_chemo,comparator,Placebo + paclitaxel-carboplatin,pMMR_OS_placebo_chemo,weibull,593.59828297911,600.9722336917896,330,0
pMMR,OS,placebo_chemo,comparator,Placebo + paclitaxel-carboplatin,pMMR_OS_placebo_chemo,weibull,593.59828297911,600.9722336917896,331,0
pMMR,OS,placebo_chemo,comparator,Placebo + paclitaxel-carboplatin,pMMR_OS_placebo_chemo,weibull,593.59828297911,600.9722336917896,332,0
pMMR,OS,placebo_chemo,comparator,Placebo + paclitaxel-carboplatin,pMMR_OS_placebo_chemo,weibull,593.59828297911,600.9722336917896,333,0
pMMR,OS,placebo_chemo,comparator,Placebo + paclitaxel-carboplatin,pMMR_OS_placebo_chemo,weibull,593.59828297911,600.9722336917896,334,0
pMMR,OS,placebo_chemo,comparator,Placebo + paclitaxel-carboplatin,pMMR_OS_placebo_chemo,weibull,593.59828297911,600.9722336917896,335,0
pMMR,OS,placebo_chemo,comparator,Placebo + paclitaxel-carboplatin,pMMR_OS_placebo_chemo,weibull,593.59828297911,600.9722336917896,336,0
pMMR,OS,placebo_chemo,comparator,Placebo + paclitaxel-carboplatin,pMMR_OS_placebo_chemo,weibull,593.59828297911,600.9722336917896,337,0
pMMR,OS,placebo_chemo,comparator,Placebo + paclitaxel-carboplatin,pMMR_OS_placebo_chemo,weibull,593.59828297911,600.9722336917896,338,0
pMMR,OS,placebo_chemo,comparator,Placebo + paclitaxel-carboplatin,pMMR_OS_placebo_chemo,weibull,593.59828297911,600.9722336917896,339,0
pMMR,OS,placebo_chemo,comparator,Placebo + paclitaxel-carboplatin,pMMR_OS_placebo_chemo,weibull,593.59828297911,600.9722336917896,340,0
pMMR,OS,placebo_chemo,comparator,Placebo + paclitaxel-carboplatin,pMMR_OS_placebo_chemo,weibull,593.59828297911,600.9722336917896,341,0
pMMR,OS,placebo_chemo,comparator,Placebo + paclitaxel-carboplatin,pMMR_OS_placebo_chemo,weibull,593.59828297911,600.9722336917896,342,0
pMMR,OS,placebo_chemo,comparator,Placebo + paclitaxel-carboplatin,pMMR_OS_placebo_chemo,weibull,593.59828297911,600.9722336917896,343,0
pMMR,OS,placebo_chemo,comparator,Placebo + paclitaxel-carboplatin,pMMR_OS_placebo_chemo,weibull,593.59828297911,600.9722336917896,344,0
pMMR,OS,placebo_chemo,comparator,Placebo + paclitaxel-carboplatin,pMMR_OS_placebo_chemo,weibull,593.59828297911,600.9722336917896,345,0
pMMR,OS,placebo_chemo,comparator,Placebo + paclitaxel-carboplatin,pMMR_OS_placebo_chemo,weibull,593.59828297911,600.9722336917896,346,0
pMMR,OS,placebo_chemo,comparator,Placebo + paclitaxel-carboplatin,pMMR_OS_placebo_chemo,weibull,593.59828297911,600.9722336917896,347,0
pMMR,OS,placebo_chemo,comparator,Placebo + paclitaxel-carboplatin,pMMR_OS_placebo_chemo,weibull,593.59828297911,600.9722336917896,348,0
pMMR,OS,placebo_chemo,comparator,Placebo + paclitaxel-carboplatin,pMMR_OS_placebo_chemo,weibull,593.59828297911,600.9722336917896,349,0
pMMR,OS,placebo_chemo,comparator,Placebo + paclitaxel-carboplatin,pMMR_OS_placebo_chemo,weibull,593.59828297911,600.9722336917896,350,0
pMMR,OS,placebo_chemo,comparator,Placebo + paclitaxel-carboplatin,pMMR_OS_placebo_chemo,weibull,593.59828297911,600.9722336917896,351,0
pMMR,OS,placebo_chemo,comparator,Placebo + paclitaxel-carboplatin,pMMR_OS_placebo_chemo,weibull,593.59828297911,600.9722336917896,352,0
pMMR,OS,placebo_chemo,comparator,Placebo + paclitaxel-carboplatin,pMMR_OS_placebo_chemo,weibull,593.59828297911,600.9722336917896,353,0
pMMR,OS,placebo_chemo,comparator,Placebo + paclitaxel-carboplatin,pMMR_OS_placebo_chemo,weibull,593.59828297911,600.9722336917896,354,0
pMMR,OS,placebo_chemo,comparator,Placebo + paclitaxel-carboplatin,pMMR_OS_placebo_chemo,weibull,593.59828297911,600.9722336917896,355,0
pMMR,OS,placebo_chemo,comparator,Placebo + paclitaxel-carboplatin,pMMR_OS_placebo_chemo,weibull,593.59828297911,600.9722336917896,356,0
pMMR,OS,placebo_chemo,comparator,Placebo + paclitaxel-carboplatin,pMMR_OS_placebo_chemo,weibull,593.59828297911,600.9722336917896,357,0
pMMR,OS,placebo_chemo,comparator,Placebo + paclitaxel-carboplatin,pMMR_OS_placebo_chemo,weibull,593.59828297911,600.9722336917896,358,0
pMMR,OS,placebo_chemo,comparator,Placebo + paclitaxel-carboplatin,pMMR_OS_placebo_chemo,weibull,593.59828297911,600.9722336917896,359,0
pMMR,OS,placebo_chemo,comparator,Placebo + paclitaxel-carboplatin,pMMR_OS_placebo_chemo,weibull,593.59828297911,600.9722336917896,360,0
pMMR,OS,pembro_chemo,intervention,Pembrolizumab + paclitaxel-carboplatin,pMMR_OS_pembro_chemo,weibull,538.7426331985223,546.1029784165564,0,1
pMMR,OS,pembro_chemo,intervention,Pembrolizumab + paclitaxel-carboplatin,pMMR_OS_pembro_chemo,weibull,538.7426331985223,546.1029784165564,1,0.9947502182429736
pMMR,OS,pembro_chemo,intervention,Pembrolizumab + paclitaxel-carboplatin,pMMR_OS_pembro_chemo,weibull,538.7426331985223,546.1029784165564,2,0.9859893785333104
pMMR,OS,pembro_chemo,intervention,Pembrolizumab + paclitaxel-carboplatin,pMMR_OS_pembro_chemo,weibull,538.7426331985223,546.1029784165564,3,0.9751929468736154
pMMR,OS,pembro_chemo,intervention,Pembrolizumab + paclitaxel-carboplatin,pMMR_OS_pembro_chemo,weibull,538.7426331985223,546.1029784165564,4,0.9628837202368217
pMMR,OS,pembro_chemo,intervention,Pembrolizumab + paclitaxel-carboplatin,pMMR_OS_pembro_chemo,weibull,538.7426331985223,546.1029784165564,5,0.9493733113503519
pMMR,OS,pembro_chemo,intervention,Pembrolizumab + paclitaxel-carboplatin,pMMR_OS_pembro_chemo,weibull,538.7426331985223,546.1029784165564,6,0.9348802862874441
pMMR,OS,pembro_chemo,intervention,Pembrolizumab + paclitaxel-carboplatin,pMMR_OS_pembro_chemo,weibull,538.7426331985223,546.1029784165564,7,0.9195717814781041
pMMR,OS,pembro_chemo,intervention,Pembrolizumab + paclitaxel-carboplatin,pMMR_OS_pembro_chemo,weibull,538.7426331985223,546.1029784165564,8,0.9035825800753339
pMMR,OS,pembro_chemo,intervention,Pembrolizumab + paclitaxel-carboplatin,pMMR_OS_pembro_chemo,weibull,538.7426331985223,546.1029784165564,9,0.8870252809917174
pMMR,OS,pembro_chemo,intervention,Pembrolizumab + paclitaxel-carboplatin,pMMR_OS_pembro_chemo,weibull,538.7426331985223,546.1029784165564,10,0.8699962934650775
pMMR,OS,pembro_chemo,intervention,Pembrolizumab + paclitaxel-carboplatin,pMMR_OS_pembro_chemo,weibull,538.7426331985223,546.1029784165564,11,0.8525796380315512
pMMR,OS,pembro_chemo,intervention,Pembrolizumab + paclitaxel-carboplatin,pMMR_OS_pembro_chemo,weibull,538.7426331985223,546.1029784165564,12,0.8348494950810255
pMMR,OS,pembro_chemo,intervention,Pembrolizumab + paclitaxel-carboplatin,pMMR_OS_pembro_chemo,weibull,538.7426331985223,546.1029784165564,13,0.8168719916571645
pMMR,OS,pembro_chemo,intervention,Pembrolizumab + paclitaxel-carboplatin,pMMR_OS_pembro_chemo,weibull,538.7426331985223,546.1029784165564,14,0.7987065011923359
pMMR,OS,pembro_chemo,intervention,Pembrolizumab + paclitaxel-carboplatin,pMMR_OS_pembro_chemo,weibull,538.7426331985223,546.1029784165564,15,0.7804066189162531
pMMR,OS,pembro_chemo,intervention,Pembrolizumab + paclitaxel-carboplatin,pMMR_OS_pembro_chemo,weibull,538.7426331985223,546.1029784165564,16,0.7620209139034128
pMMR,OS,pembro_chemo,intervention,Pembrolizumab + paclitaxel-carboplatin,pMMR_OS_pembro_chemo,weibull,538.7426331985223,546.1029784165564,17,0.743593522846244
pMMR,OS,pembro_chemo,intervention,Pembrolizumab + paclitaxel-carboplatin,pMMR_OS_pembro_chemo,weibull,538.7426331985223,546.1029784165564,18,0.7251646288909761
pMMR,OS,pembro_chemo,intervention,Pembrolizumab + paclitaxel-carboplatin,pMMR_OS_pembro_chemo,weibull,538.7426331985223,546.1029784165564,19,0.7067708551998629
pMMR,OS,pembro_chemo,intervention,Pembrolizumab + paclitaxel-carboplatin,pMMR_OS_pembro_chemo,weibull,538.7426331985223,546.1029784165564,20,0.6884455940344936
pMMR,OS,pembro_chemo,intervention,Pembrolizumab + paclitaxel-carboplatin,pMMR_OS_pembro_chemo,weibull,538.7426331985223,546.1029784165564,21,0.6702192862439742
pMMR,OS,pembro_chemo,intervention,Pembrolizumab + paclitaxel-carboplatin,pMMR_OS_pembro_chemo,weibull,538.7426331985223,546.1029784165564,22,0.6521196620073797
pMMR,OS,pembro_chemo,intervention,Pembrolizumab + paclitaxel-carboplatin,pMMR_OS_pembro_chemo,weibull,538.7426331985223,546.1029784165564,23,0.634171950867861
pMMR,OS,pembro_chemo,intervention,Pembrolizumab + paclitaxel-carboplatin,pMMR_OS_pembro_chemo,weibull,538.7426331985223,546.1029784165564,24,0.6163990670989201
pMMR,OS,pembro_chemo,intervention,Pembrolizumab + paclitaxel-carboplatin,pMMR_OS_pembro_chemo,weibull,538.7426331985223,546.1029784165564,25,0.5988217750015381
pMMR,OS,pembro_chemo,intervention,Pembrolizumab + paclitaxel-carboplatin,pMMR_OS_pembro_chemo,weibull,538.7426331985223,546.1029784165564,26,0.581458837674173
pMMR,OS,pembro_chemo,intervention,Pembrolizumab + paclitaxel-carboplatin,pMMR_OS_pembro_chemo,weibull,538.7426331985223,546.1029784165564,27,0.5643271520127944
pMMR,OS,pembro_chemo,intervention,Pembrolizumab + paclitaxel-carboplatin,pMMR_OS_pembro_chemo,weibull,538.7426331985223,546.1029784165564,28,0.5474418721080926
pMMR,OS,pembro_chemo,intervention,Pembrolizumab + paclitaxel-carboplatin,pMMR_OS_pembro_chemo,weibull,538.7426331985223,546.1029784165564,29,0.5308165227585748
pMMR,OS,pembro_chemo,intervention,Pembrolizumab + paclitaxel-carboplatin,pMMR_OS_pembro_chemo,weibull,538.7426331985223,546.1029784165564,30,0.5144631044740773
pMMR,OS,pembro_chemo,intervention,Pembrolizumab + paclitaxel-carboplatin,pMMR_OS_pembro_chemo,weibull,538.7426331985223,546.1029784165564,31,0.49839219107768673
pMMR,OS,pembro_chemo,intervention,Pembrolizumab + paclitaxel-carboplatin,pMMR_OS_pembro_chemo,weibull,538.7426331985223,546.1029784165564,32,0.4826130208059808
pMMR,OS,pembro_chemo,intervention,Pembrolizumab + paclitaxel-carboplatin,pMMR_OS_pembro_chemo,weibull,538.7426331985223,546.1029784165564,33,0.46713358164385643
pMMR,OS,pembro_chemo,intervention,Pembrolizumab + paclitaxel-carboplatin,pMMR_OS_pembro_chemo,weibull,538.7426331985223,546.1029784165564,34,0.4519606915006722
pMMR,OS,pembro_chemo,intervention,Pembrolizumab + paclitaxel-carboplatin,pMMR_OS_pembro_chemo,weibull,538.7426331985223,546.1029784165564,35,0.4371000737312529
pMMR,OS,pembro_chemo,intervention,Pembrolizumab + paclitaxel-carboplatin,pMMR_OS_pembro_chemo,weibull,538.7426331985223,546.1029784165564,36,0.4225564284226897
pMMR,OS,pembro_chemo,intervention,Pembrolizumab + paclitaxel-carboplatin,pMMR_OS_pembro_chemo,weibull,538.7426331985223,546.1029784165564,37,0.4083334998013831
pMMR,OS,pembro_chemo,intervention,Pembrolizumab + paclitaxel-carboplatin,pMMR_OS_pembro_chemo,weibull,538.7426331985223,546.1029784165564,38,0.3944341400610263
pMMR,OS,pembro_chemo,intervention,Pembrolizumab + paclitaxel-carboplatin,pMMR_OS_pembro_chemo,weibull,538.7426331985223,546.1029784165564,39,0.3808603698686073
pMMR,OS,pembro_chemo,intervention,Pembrolizumab + paclitaxel-carboplatin,pMMR_OS_pembro_chemo,weibull,538.7426331985223,546.1029784165564,40,0.3676134357699623
pMMR,OS,pembro_chemo,intervention,Pembrolizumab + paclitaxel-carboplatin,pMMR_OS_pembro_chemo,weibull,538.7426331985223,546.1029784165564,41,0.35469386468735487
pMMR,OS,pembro_chemo,intervention,Pembrolizumab + paclitaxel-carboplatin,pMMR_OS_pembro_chemo,weibull,538.7426331985223,546.1029784165564,42,0.3421015156777204
pMMR,OS,pembro_chemo,intervention,Pembrolizumab + paclitaxel-carboplatin,pMMR_OS_pembro_chemo,weibull,538.7426331985223,546.1029784165564,43,0.32983562910060393
pMMR,OS,pembro_chemo,intervention,Pembrolizumab + paclitaxel-carboplatin,pMMR_OS_pembro_chemo,weibull,538.7426331985223,546.1029784165564,44,0.31789487332863287
pMMR,OS,pembro_chemo,intervention,Pembrolizumab + paclitaxel-carboplatin,pMMR_OS_pembro_chemo,weibull,538.7426331985223,546.1029784165564,45,0.30627738911997493
pMMR,OS,pembro_chemo,intervention,Pembrolizumab + paclitaxel-carboplatin,pMMR_OS_pembro_chemo,weibull,538.7426331985223,546.1029784165564,46,0.2949808317611007
pMMR,OS,pembro_chemo,intervention,Pembrolizumab + paclitaxel-carboplatin,pMMR_OS_pembro_chemo,weibull,538.7426331985223,546.1029784165564,47,0.28400241107891
pMMR,OS,pembro_chemo,intervention,Pembrolizumab + paclitaxel-carboplatin,pMMR_OS_pembro_chemo,weibull,538.7426331985223,546.1029784165564,48,0.273338929413531
pMMR,OS,pembro_chemo,intervention,Pembrolizumab + paclitaxel-carboplatin,pMMR_OS_pembro_chemo,weibull,538.7426331985223,546.1029784165564,49,0.2629868176365968
pMMR,OS,pembro_chemo,intervention,Pembrolizumab + paclitaxel-carboplatin,pMMR_OS_pembro_chemo,weibull,538.7426331985223,546.1029784165564,50,0.25294216929432556
pMMR,OS,pembro_chemo,intervention,Pembrolizumab + paclitaxel-carboplatin,pMMR_OS_pembro_chemo,weibull,538.7426331985223,546.1029784165564,51,0.24320077295007447
pMMR,OS,pembro_chemo,intervention,Pembrolizumab + paclitaxel-carboplatin,pMMR_OS_pembro_chemo,weibull,538.7426331985223,546.1029784165564,52,0.23375814279707896
pMMR,OS,pembro_chemo,intervention,Pembrolizumab + paclitaxel-carboplatin,pMMR_OS_pembro_chemo,weibull,538.7426331985223,546.1029784165564,53,0.22460954760867968
pMMR,OS,pembro_chemo,intervention,Pembrolizumab + paclitaxel-carboplatin,pMMR_OS_pembro_chemo,weibull,538.7426331985223,546.1029784165564,54,0.21575003809039228
pMMR,OS,pembro_chemo,intervention,Pembrolizumab + paclitaxel-carboplatin,pMMR_OS_pembro_chemo,weibull,538.7426331985223,546.1029784165564,55,0.2071744726956014
pMMR,OS,pembro_chemo,intervention,Pembrolizumab + paclitaxel-carboplatin,pMMR_OS_pembro_chemo,weibull,538.7426331985223,546.1029784165564,56,0.1988775419643818
pMMR,OS,pembro_chemo,intervention,Pembrolizumab + paclitaxel-carboplatin,pMMR_OS_pembro_chemo,weibull,538.7426331985223,546.1029784165564,57,0.1908537914429307
pMMR,OS,pembro_chemo,intervention,Pembrolizumab + paclitaxel-carboplatin,pMMR_OS_pembro_chemo,weibull,538.7426331985223,546.1029784165564,58,0.18309764323925548
pMMR,OS,pembro_chemo,intervention,Pembrolizumab + paclitaxel-carboplatin,pMMR_OS_pembro_chemo,weibull,538.7426331985223,546.1029784165564,59,0.17560341626910048
pMMR,OS,pembro_chemo,intervention,Pembrolizumab + paclitaxel-carboplatin,pMMR_OS_pembro_chemo,weibull,538.7426331985223,546.1029784165564,60,0.16836534524454538
pMMR,OS,pembro_chemo,intervention,Pembrolizumab + paclitaxel-carboplatin,pMMR_OS_pembro_chemo,weibull,538.7426331985223,546.1029784165564,61,0.16137759845627053
pMMR,OS,pembro_chemo,intervention,Pembrolizumab + paclitaxel-carboplatin,pMMR_OS_pembro_chemo,weibull,538.7426331985223,546.1029784165564,62,0.1546342943991179
pMMR,OS,pembro_chemo,intervention,Pembrolizumab + paclitaxel-carboplatin,pMMR_OS_pembro_chemo,weibull,538.7426331985223,546.1029784165564,63,0.14812951728927426
pMMR,OS,pembro_chemo,intervention,Pembrolizumab + paclitaxel-carboplatin,pMMR_OS_pembro_chemo,weibull,538.7426331985223,546.1029784165564,64,0.1418573315201549
pMMR,OS,pembro_chemo,intervention,Pembrolizumab + paclitaxel-carboplatin,pMMR_OS_pembro_chemo,weibull,538.7426331985223,546.1029784165564,65,0.13581179510284191
pMMR,OS,pembro_chemo,intervention,Pembrolizumab + paclitaxel-carboplatin,pMMR_OS_pembro_chemo,weibull,538.7426331985223,546.1029784165564,66,0.12998697213574772
pMMR,OS,pembro_chemo,intervention,Pembrolizumab + paclitaxel-carboplatin,pMMR_OS_pembro_chemo,weibull,538.7426331985223,546.1029784165564,67,0.1243769443470023
pMMR,OS,pembro_chemo,intervention,Pembrolizumab + paclitaxel-carboplatin,pMMR_OS_pembro_chemo,weibull,538.7426331985223,546.1029784165564,68,0.11897582175191079
pMMR,OS,pembro_chemo,intervention,Pembrolizumab + paclitaxel-carboplatin,pMMR_OS_pembro_chemo,weibull,538.7426331985223,546.1029784165564,69,0.11377775246668764
pMMR,OS,pembro_chemo,intervention,Pembrolizumab + paclitaxel-carboplatin,pMMR_OS_pembro_chemo,weibull,538.7426331985223,546.1029784165564,70,0.1087769317185362
pMMR,OS,pembro_chemo,intervention,Pembrolizumab + paclitaxel-carboplatin,pMMR_OS_pembro_chemo,weibull,538.7426331985223,546.1029784165564,71,0.1039676100910204
pMMR,OS,pembro_chemo,intervention,Pembrolizumab + paclitaxel-carboplatin,pMMR_OS_pembro_chemo,weibull,538.7426331985223,546.1029784165564,72,0.09934410104255031
pMMR,OS,pembro_chemo,intervention,Pembrolizumab + paclitaxel-carboplatin,pMMR_OS_pembro_chemo,weibull,538.7426331985223,546.1029784165564,73,0.09490078773468724
pMMR,OS,pembro_chemo,intervention,Pembrolizumab + paclitaxel-carboplatin,pMMR_OS_pembro_chemo,weibull,538.7426331985223,546.1029784165564,74,0.09063212920586128
pMMR,OS,pembro_chemo,intervention,Pembrolizumab + paclitaxel-carboplatin,pMMR_OS_pembro_chemo,weibull,538.7426331985223,546.1029784165564,75,0.08653266592498765
pMMR,OS,pembro_chemo,intervention,Pembrolizumab + paclitaxel-carboplatin,pMMR_OS_pembro_chemo,weibull,538.7426331985223,546.1029784165564,76,0.08259702475836295
pMMR,OS,pembro_chemo,intervention,Pembrolizumab + paclitaxel-carboplatin,pMMR_OS_pembro_chemo,weibull,538.7426331985223,546.1029784165564,77,0.07881992338212851
pMMR,OS,pembro_chemo,intervention,Pembrolizumab + paclitaxel-carboplatin,pMMR_OS_pembro_chemo,weibull,538.7426331985223,546.1029784165564,78,0.07519617417149715
pMMR,OS,pembro_chemo,intervention,Pembrolizumab + paclitaxel-carboplatin,pMMR_OS_pembro_chemo,weibull,538.7426331985223,546.1029784165564,79,0.07172068759685801
pMMR,OS,pembro_chemo,intervention,Pembrolizumab + paclitaxel-carboplatin,pMMR_OS_pembro_chemo,weibull,538.7426331985223,546.1029784165564,80,0.06838847515580448
pMMR,OS,pembro_chemo,intervention,Pembrolizumab + paclitaxel-carboplatin,pMMR_OS_pembro_chemo,weibull,538.7426331985223,546.1029784165564,81,0.0651946518690647
pMMR,OS,pembro_chemo,intervention,Pembrolizumab + paclitaxel-carboplatin,pMMR_OS_pembro_chemo,weibull,538.7426331985223,546.1029784165564,82,0.062134438367269174
pMMR,OS,pembro_chemo,intervention,Pembrolizumab + paclitaxel-carboplatin,pMMR_OS_pembro_chemo,weibull,538.7426331985223,546.1029784165564,83,0.05920316259444858
pMMR,OS,pembro_chemo,intervention,Pembrolizumab + paclitaxel-carboplatin,pMMR_OS_pembro_chemo,weibull,538.7426331985223,546.1029784165564,84,0.05639626115313823
pMMR,OS,pembro_chemo,intervention,Pembrolizumab + paclitaxel-carboplatin,pMMR_OS_pembro_chemo,weibull,538.7426331985223,546.1029784165564,85,0.05370928031495137
pMMR,OS,pembro_chemo,intervention,Pembrolizumab + paclitaxel-carboplatin,pMMR_OS_pembro_chemo,weibull,538.7426331985223,546.1029784165564,86,0.051137876719501096
pMMR,OS,pembro_chemo,intervention,Pembrolizumab + paclitaxel-carboplatin,pMMR_OS_pembro_chemo,weibull,538.7426331985223,546.1029784165564,87,0.04867781778357061
pMMR,OS,pembro_chemo,intervention,Pembrolizumab + paclitaxel-carboplatin,pMMR_OS_pembro_chemo,weibull,538.7426331985223,546.1029784165564,88,0.04632498184148304
pMMR,OS,pembro_chemo,intervention,Pembrolizumab + paclitaxel-carboplatin,pMMR_OS_pembro_chemo,weibull,538.7426331985223,546.1029784165564,89,0.044075358036683054
pMMR,OS,pembro_chemo,intervention,Pembrolizumab + paclitaxel-carboplatin,pMMR_OS_pembro_chemo,weibull,538.7426331985223,546.1029784165564,90,0.04192504598363134
pMMR,OS,pembro_chemo,intervention,Pembrolizumab + paclitaxel-carboplatin,pMMR_OS_pembro_chemo,weibull,538.7426331985223,546.1029784165564,91,0.03987025521821663
pMMR,OS,pembro_chemo,intervention,Pembrolizumab + paclitaxel-carboplatin,pMMR_OS_pembro_chemo,weibull,538.7426331985223,546.1029784165564,92,0.03790730445402135
pMMR,OS,pembro_chemo,intervention,Pembrolizumab + paclitaxel-carboplatin,pMMR_OS_pembro_chemo,weibull,538.7426331985223,546.1029784165564,93,0.036032620660924386
pMMR,OS,pembro_chemo,intervention,Pembrolizumab + paclitaxel-carboplatin,pMMR_OS_pembro_chemo,weibull,538.7426331985223,546.1029784165564,94,0.03424273798170174
pMMR,OS,pembro_chemo,intervention,Pembrolizumab + paclitaxel-carboplatin,pMMR_OS_pembro_chemo,weibull,538.7426331985223,546.1029784165564,95,0.032534296501477766
pMMR,OS,pembro_chemo,intervention,Pembrolizumab + paclitaxel-carboplatin,pMMR_OS_pembro_chemo,weibull,538.7426331985223,546.1029784165564,96,0.030904040884104478
pMMR,OS,pembro_chemo,intervention,Pembrolizumab + paclitaxel-carboplatin,pMMR_OS_pembro_chemo,weibull,538.7426331985223,546.1029784165564,97,0.029348818888786044
pMMR,OS,pembro_chemo,intervention,Pembrolizumab + paclitaxel-carboplatin,pMMR_OS_pembro_chemo,weibull,538.7426331985223,546.1029784165564,98,0.02786557977953774
pMMR,OS,pembro_chemo,intervention,Pembrolizumab + paclitaxel-carboplatin,pMMR_OS_pembro_chemo,weibull,538.7426331985223,546.1029784165564,99,0.026451372639356152
pMMR,OS,pembro_chemo,intervention,Pembrolizumab + paclitaxel-carboplatin,pMMR_OS_pembro_chemo,weibull,538.7426331985223,546.1029784165564,100,0.025103344600296285
pMMR,OS,pembro_chemo,intervention,Pembrolizumab + paclitaxel-carboplatin,pMMR_OS_pembro_chemo,weibull,538.7426331985223,546.1029784165564,101,0.023818738999990874
pMMR,OS,pembro_chemo,intervention,Pembrolizumab + paclitaxel-carboplatin,pMMR_OS_pembro_chemo,weibull,538.7426331985223,546.1029784165564,102,0.02259489347450916
pMMR,OS,pembro_chemo,intervention,Pembrolizumab + paclitaxel-carboplatin,pMMR_OS_pembro_chemo,weibull,538.7426331985223,546.1029784165564,103,0.02142923799684382
pMMR,OS,pembro_chemo,intervention,Pembrolizumab + paclitaxel-carboplatin,pMMR_OS_pembro_chemo,weibull,538.7426331985223,546.1029784165564,104,0.02031929286972156
pMMR,OS,pembro_chemo,intervention,Pembrolizumab + paclitaxel-carboplatin,pMMR_OS_pembro_chemo,weibull,538.7426331985223,546.1029784165564,105,0.019262666680871954
pMMR,OS,pembro_chemo,intervention,Pembrolizumab + paclitaxel-carboplatin,pMMR_OS_pembro_chemo,weibull,538.7426331985223,546.1029784165564,106,0.01825705422834445
pMMR,OS,pembro_chemo,intervention,Pembrolizumab + paclitaxel-carboplatin,pMMR_OS_pembro_chemo,weibull,538.7426331985223,546.1029784165564,107,0.01730023442294437
pMMR,OS,pembro_chemo,intervention,Pembrolizumab + paclitaxel-carboplatin,pMMR_OS_pembro_chemo,weibull,538.7426331985223,546.1029784165564,108,0.016390068174363392
pMMR,OS,pembro_chemo,intervention,Pembrolizumab + paclitaxel-carboplatin,pMMR_OS_pembro_chemo,weibull,538.7426331985223,546.1029784165564,109,0.015524496267101506
pMMR,OS,pembro_chemo,intervention,Pembrolizumab + paclitaxel-carboplatin,pMMR_OS_pembro_chemo,weibull,538.7426331985223,546.1029784165564,110,0.01470153723182932
pMMR,OS,pembro_chemo,intervention,Pembrolizumab + paclitaxel-carboplatin,pMMR_OS_pembro_chemo,weibull,538.7426331985223,546.1029784165564,111,0.013919285217401156
pMMR,OS,pembro_chemo,intervention,Pembrolizumab + paclitaxel-carboplatin,pMMR_OS_pembro_chemo,weibull,538.7426331985223,546.1029784165564,112,0.013175907868322234
pMMR,OS,pembro_chemo,intervention,Pembrolizumab + paclitaxel-carboplatin,pMMR_OS_pembro_chemo,weibull,538.7426331985223,546.1029784165564,113,0.012469644212080078
pMMR,OS,pembro_chemo,intervention,Pembrolizumab + paclitaxel-carboplatin,pMMR_OS_pembro_chemo,weibull,538.7426331985223,546.1029784165564,114,0.011798802560376909
pMMR,OS,pembro_chemo,intervention,Pembrolizumab + paclitaxel-carboplatin,pMMR_OS_pembro_chemo,weibull,538.7426331985223,546.1029784165564,115,0.011161758427949309
pMMR,OS,pembro_chemo,intervention,Pembrolizumab + paclitaxel-carboplatin,pMMR_OS_pembro_chemo,weibull,538.7426331985223,546.1029784165564,116,0.010556952472324022
pMMR,OS,pembro_chemo,intervention,Pembrolizumab + paclitaxel-carboplatin,pMMR_OS_pembro_chemo,weibull,538.7426331985223,546.1029784165564,117,0.009982888457545358
pMMR,OS,pembro_chemo,intervention,Pembrolizumab + paclitaxel-carboplatin,pMMR_OS_pembro_chemo,weibull,538.7426331985223,546.1029784165564,118,0.009438131244607684
pMMR,OS,pembro_chemo,intervention,Pembrolizumab + paclitaxel-carboplatin,pMMR_OS_pembro_chemo,weibull,538.7426331985223,546.1029784165564,119,0.008921304811045139
pMMR,OS,pembro_chemo,intervention,Pembrolizumab + paclitaxel-carboplatin,pMMR_OS_pembro_chemo,weibull,538.7426331985223,546.1029784165564,120,0.008431090301865285
pMMR,OS,pembro_chemo,intervention,Pembrolizumab + paclitaxel-carboplatin,pMMR_OS_pembro_chemo,weibull,538.7426331985223,546.1029784165564,121,0.007966224113761466
pMMR,OS,pembro_chemo,intervention,Pembrolizumab + paclitaxel-carboplatin,pMMR_OS_pembro_chemo,weibull,538.7426331985223,546.1029784165564,122,0.007525496014304411
pMMR,OS,pembro_chemo,intervention,Pembrolizumab + paclitaxel-carboplatin,pMMR_OS_pembro_chemo,weibull,538.7426331985223,546.1029784165564,123,0.007107747297592115
pMMR,OS,pembro_chemo,intervention,Pembrolizumab + paclitaxel-carboplatin,pMMR_OS_pembro_chemo,weibull,538.7426331985223,546.1029784165564,124,0.006711868977629543
pMMR,OS,pembro_chemo,intervention,Pembrolizumab + paclitaxel-carboplatin,pMMR_OS_pembro_chemo,weibull,538.7426331985223,546.1029784165564,125,0.006336800020518285
pMMR,OS,pembro_chemo,intervention,Pembrolizumab + paclitaxel-carboplatin,pMMR_OS_pembro_chemo,weibull,538.7426331985223,546.1029784165564,126,0.005981525616352346
pMMR,OS,pembro_chemo,intervention,Pembrolizumab + paclitaxel-carboplatin,pMMR_OS_pembro_chemo,weibull,538.7426331985223,546.1029784165564,127,0.0056450754915509105
pMMR,OS,pembro_chemo,intervention,Pembrolizumab + paclitaxel-carboplatin,pMMR_OS_pembro_chemo,weibull,538.7426331985223,546.1029784165564,128,0.005326522262199318
pMMR,OS,pembro_chemo,intervention,Pembrolizumab + paclitaxel-carboplatin,pMMR_OS_pembro_chemo,weibull,538.7426331985223,546.1029784165564,129,0.005024979828828102
pMMR,OS,pembro_chemo,intervention,Pembrolizumab + paclitaxel-carboplatin,pMMR_OS_pembro_chemo,weibull,538.7426331985223,546.1029784165564,130,0.004739601812918992
pMMR,OS,pembro_chemo,intervention,Pembrolizumab + paclitaxel-carboplatin,pMMR_OS_pembro_chemo,weibull,538.7426331985223,546.1029784165564,131,0.004469580035310283
pMMR,OS,pembro_chemo,intervention,Pembrolizumab + paclitaxel-carboplatin,pMMR_OS_pembro_chemo,weibull,538.7426331985223,546.1029784165564,132,0.004214143036550544
pMMR,OS,pembro_chemo,intervention,Pembrolizumab + paclitaxel-carboplatin,pMMR_OS_pembro_chemo,weibull,538.7426331985223,546.1029784165564,133,0.003972554639151471
pMMR,OS,pembro_chemo,intervention,Pembrolizumab + paclitaxel-carboplatin,pMMR_OS_pembro_chemo,weibull,538.7426331985223,546.1029784165564,134,0.0037441125515891294
pMMR,OS,pembro_chemo,intervention,Pembrolizumab + paclitaxel-carboplatin,pMMR_OS_pembro_chemo,weibull,538.7426331985223,546.1029784165564,135,0.0035281470138160964
pMMR,OS,pembro_chemo,intervention,Pembrolizumab + paclitaxel-carboplatin,pMMR_OS_pembro_chemo,weibull,538.7426331985223,546.1029784165564,136,0.003324019483966212
pMMR,OS,pembro_chemo,intervention,Pembrolizumab + paclitaxel-carboplatin,pMMR_OS_pembro_chemo,weibull,538.7426331985223,546.1029784165564,137,0.0031311213658600234
pMMR,OS,pembro_chemo,intervention,Pembrolizumab + paclitaxel-carboplatin,pMMR_OS_pembro_chemo,weibull,538.7426331985223,546.1029784165564,138,0.0029488727768541834
pMMR,OS,pembro_chemo,intervention,Pembrolizumab + paclitaxel-carboplatin,pMMR_OS_pembro_chemo,weibull,538.7426331985223,546.1029784165564,139,0.0027767213555149883
pMMR,OS,pembro_chemo,intervention,Pembrolizumab + paclitaxel-carboplatin,pMMR_OS_pembro_chemo,weibull,538.7426331985223,546.1029784165564,140,0.00261414110854874
pMMR,OS,pembro_chemo,intervention,Pembrolizumab + paclitaxel-carboplatin,pMMR_OS_pembro_chemo,weibull,538.7426331985223,546.1029784165564,141,0.0024606312963668664
pMMR,OS,pembro_chemo,intervention,Pembrolizumab + paclitaxel-carboplatin,pMMR_OS_pembro_chemo,weibull,538.7426331985223,546.1029784165564,142,0.002315715356629111
pMMR,OS,pembro_chemo,intervention,Pembrolizumab + paclitaxel-carboplatin,pMMR_OS_pembro_chemo,weibull,538.7426331985223,546.1029784165564,143,0.0021789398650647884
pMMR,OS,pembro_chemo,intervention,Pembrolizumab + paclitaxel-carboplatin,pMMR_OS_pembro_chemo,weibull,538.7426331985223,546.1029784165564,144,0.002049873532845914
pMMR,OS,pembro_chemo,intervention,Pembrolizumab + paclitaxel-carboplatin,pMMR_OS_pembro_chemo,weibull,538.7426331985223,546.1029784165564,145,0.0019281062397529247
pMMR,OS,pembro_chemo,intervention,Pembrolizumab + paclitaxel-carboplatin,pMMR_OS_pembro_chemo,weibull,538.7426331985223,546.1029784165564,146,0.0018132481023561686
pMMR,OS,pembro_chemo,intervention,Pembrolizumab + paclitaxel-carboplatin,pMMR_OS_pembro_chemo,weibull,538.7426331985223,546.1029784165564,147,0.0017049285764112465
pMMR,OS,pembro_chemo,intervention,Pembrolizumab + paclitaxel-carboplatin,pMMR_OS_pembro_chemo,weibull,538.7426331985223,546.1029784165564,148,0.0016027955926566362
pMMR,OS,pembro_chemo,intervention,Pembrolizumab + paclitaxel-carboplatin,pMMR_OS_pembro_chemo,weibull,538.7426331985223,546.1029784165564,149,0.0015065147251838162
pMMR,OS,pembro_chemo,intervention,Pembrolizumab + paclitaxel-carboplatin,pMMR_OS_pembro_chemo,weibull,538.7426331985223,546.1029784165564,150,0.0014157683915457797
pMMR,OS,pembro_chemo,intervention,Pembrolizumab + paclitaxel-carboplatin,pMMR_OS_pembro_chemo,weibull,538.7426331985223,546.1029784165564,151,0.001330255083761278
pMMR,OS,pembro_chemo,intervention,Pembrolizumab + paclitaxel-carboplatin,pMMR_OS_pembro_chemo,weibull,538.7426331985223,546.1029784165564,152,0.0012496886293675846
pMMR,OS,pembro_chemo,intervention,Pembrolizumab + paclitaxel-carboplatin,pMMR_OS_pembro_chemo,weibull,538.7426331985223,546.1029784165564,153,0.001173797481676786
pMMR,OS,pembro_chemo,intervention,Pembrolizumab + paclitaxel-carboplatin,pMMR_OS_pembro_chemo,weibull,538.7426331985223,546.1029784165564,154,0.0011023240383882804
pMMR,OS,pembro_chemo,intervention,Pembrolizumab + paclitaxel-carboplatin,pMMR_OS_pembro_chemo,weibull,538.7426331985223,546.1029784165564,155,0.0010350239877153777
pMMR,OS,pembro_chemo,intervention,Pembrolizumab + paclitaxel-carboplatin,pMMR_OS_pembro_chemo,weibull,538.7426331985223,546.1029784165564,156,9.716656811883384e-4
pMMR,OS,pembro_chemo,intervention,Pembrolizumab + paclitaxel-carboplatin,pMMR_OS_pembro_chemo,weibull,538.7426331985223,546.1029784165564,157,9.120295323024052e-4
pMMR,OS,pembro_chemo,intervention,Pembrolizumab + paclitaxel-carboplatin,pMMR_OS_pembro_chemo,weibull,538.7426331985223,546.1029784165564,158,8.55907440189374e-4
pMMR,OS,pembro_chemo,intervention,Pembrolizumab + paclitaxel-carboplatin,pMMR_OS_pembro_chemo,weibull,538.7426331985223,546.1029784165564,159,8.031022374987984e-4
pMMR,OS,pembro_chemo,intervention,Pembrolizumab + paclitaxel-carboplatin,pMMR_OS_pembro_chemo,weibull,538.7426331985223,546.1029784165564,160,7.534271616869148e-4
pMMR,OS,pembro_chemo,intervention,Pembrolizumab + paclitaxel-carboplatin,pMMR_OS_pembro_chemo,weibull,538.7426331985223,546.1029784165564,161,7.067053489245856e-4
pMMR,OS,pembro_chemo,intervention,Pembrolizumab + paclitaxel-carboplatin,pMMR_OS_pembro_chemo,weibull,538.7426331985223,546.1029784165564,162,6.627693498451048e-4
pMMR,OS,pembro_chemo,intervention,Pembrolizumab + paclitaxel-carboplatin,pMMR_OS_pembro_chemo,weibull,538.7426331985223,546.1029784165564,163,6.21460666371032e-4
pMMR,OS,pembro_chemo,intervention,Pembrolizumab + paclitaxel-carboplatin,pMMR_OS_pembro_chemo,weibull,538.7426331985223,546.1029784165564,164,5.826293088700973e-4
pMMR,OS,pembro_chemo,intervention,Pembrolizumab + paclitaxel-carboplatin,pMMR_OS_pembro_chemo,weibull,538.7426331985223,546.1029784165564,165,5.461333729077644e-4
pMMR,OS,pembro_chemo,intervention,Pembrolizumab + paclitaxel-carboplatin,pMMR_OS_pembro_chemo,weibull,538.7426331985223,546.1029784165564,166,5.118386348784698e-4
pMMR,OS,pembro_chemo,intervention,Pembrolizumab + paclitaxel-carboplatin,pMMR_OS_pembro_chemo,weibull,538.7426331985223,546.1029784165564,167,4.7961816581554295e-4
pMMR,OS,pembro_chemo,intervention,Pembrolizumab + paclitaxel-carboplatin,pMMR_OS_pembro_chemo,weibull,538.7426331985223,546.1029784165564,168,4.493519626932452e-4
pMMR,OS,pembro_chemo,intervention,Pembrolizumab + paclitaxel-carboplatin,pMMR_OS_pembro_chemo,weibull,538.7426331985223,546.1029784165564,169,4.2092659655612596e-4
pMMR,OS,pembro_chemo,intervention,Pembrolizumab + paclitaxel-carboplatin,pMMR_OS_pembro_chemo,weibull,538.7426331985223,546.1029784165564,170,3.942348768229964e-4
pMMR,OS,pembro_chemo,intervention,Pembrolizumab + paclitaxel-carboplatin,pMMR_OS_pembro_chemo,weibull,538.7426331985223,546.1029784165564,171,3.6917553113413604e-4
pMMR,OS,pembro_chemo,intervention,Pembrolizumab + paclitaxel-carboplatin,pMMR_OS_pembro_chemo,weibull,538.7426331985223,546.1029784165564,172,3.456529001252262e-4
pMMR,OS,pembro_chemo,intervention,Pembrolizumab + paclitaxel-carboplatin,pMMR_OS_pembro_chemo,weibull,538.7426331985223,546.1029784165564,173,3.2357664653015483e-4
pMMR,OS,pembro_chemo,intervention,Pembrolizumab + paclitaxel-carboplatin,pMMR_OS_pembro_chemo,weibull,538.7426331985223,546.1029784165564,174,3.0286147803271213e-4
pMMR,OS,pembro_chemo,intervention,Pembrolizumab + paclitaxel-carboplatin,pMMR_OS_pembro_chemo,weibull,538.7426331985223,546.1029784165564,175,2.834268833028508e-4
pMMR,OS,pembro_chemo,intervention,Pembrolizumab + paclitaxel-carboplatin,pMMR_OS_pembro_chemo,weibull,538.7426331985223,546.1029784165564,176,2.6519688067339064e-4
pMMR,OS,pembro_chemo,intervention,Pembrolizumab + paclitaxel-carboplatin,pMMR_OS_pembro_chemo,weibull,538.7426331985223,546.1029784165564,177,2.4809977892625845e-4
pMMR,OS,pembro_chemo,intervention,Pembrolizumab + paclitaxel-carboplatin,pMMR_OS_pembro_chemo,weibull,538.7426331985223,546.1029784165564,178,0.00023206794967922661
pMMR,OS,pembro_chemo,intervention,Pembrolizumab + paclitaxel-carboplatin,pMMR_OS_pembro_chemo,weibull,538.7426331985223,546.1029784165564,179,2.170376108767691e-4
pMMR,OS,pembro_chemo,intervention,Pembrolizumab + paclitaxel-carboplatin,pMMR_OS_pembro_chemo,weibull,538.7426331985223,546.1029784165564,180,2.0294862090730614e-4
pMMR,OS,pembro_chemo,intervention,Pembrolizumab + paclitaxel-carboplatin,pMMR_OS_pembro_chemo,weibull,538.7426331985223,546.1029784165564,181,1.8974428288576206e-4
pMMR,OS,pembro_chemo,intervention,Pembrolizumab + paclitaxel-carboplatin,pMMR_OS_pembro_chemo,weibull,538.7426331985223,546.1029784165564,182,1.7737115865490427e-4
pMMR,OS,pembro_chemo,intervention,Pembrolizumab + paclitaxel-carboplatin,pMMR_OS_pembro_chemo,weibull,538.7426331985223,546.1029784165564,183,1.657788920761405e-4
pMMR,OS,pembro_chemo,intervention,Pembrolizumab + paclitaxel-carboplatin,pMMR_OS_pembro_chemo,weibull,538.7426331985223,546.1029784165564,184,1.5492004119610492e-4
pMMR,OS,pembro_chemo,intervention,Pembrolizumab + paclitaxel-carboplatin,pMMR_OS_pembro_chemo,weibull,538.7426331985223,546.1029784165564,185,1.4474991888913102e-4
pMMR,OS,pembro_chemo,intervention,Pembrolizumab + paclitaxel-carboplatin,pMMR_OS_pembro_chemo,weibull,538.7426331985223,546.1029784165564,186,1.3522644159080777e-4
pMMR,OS,pembro_chemo,intervention,Pembrolizumab + paclitaxel-carboplatin,pMMR_OS_pembro_chemo,weibull,538.7426331985223,546.1029784165564,187,1.2630998575524632e-4
pMMR,OS,pembro_chemo,intervention,Pembrolizumab + paclitaxel-carboplatin,pMMR_OS_pembro_chemo,weibull,538.7426331985223,546.1029784165564,188,1.1796325167789945e-4
pMMR,OS,pembro_chemo,intervention,Pembrolizumab + paclitaxel-carboplatin,pMMR_OS_pembro_chemo,weibull,538.7426331985223,546.1029784165564,189,1.1015113434398316e-4
pMMR,OS,pembro_chemo,intervention,Pembrolizumab + paclitaxel-carboplatin,pMMR_OS_pembro_chemo,weibull,538.7426331985223,546.1029784165564,190,1.028406009728755e-4
pMMR,OS,pembro_chemo,intervention,Pembrolizumab + paclitaxel-carboplatin,pMMR_OS_pembro_chemo,weibull,538.7426331985223,546.1029784165564,191,9.600057494518754e-5
pMMR,OS,pembro_chemo,intervention,Pembrolizumab + paclitaxel-carboplatin,pMMR_OS_pembro_chemo,weibull,538.7426331985223,546.1029784165564,192,8.960182580719511e-5
pMMR,OS,pembro_chemo,intervention,Pembrolizumab + paclitaxel-carboplatin,pMMR_OS_pembro_chemo,weibull,538.7426331985223,546.1029784165564,193,8.361686506574983e-5
pMMR,OS,pembro_chemo,intervention,Pembrolizumab + paclitaxel-carboplatin,pMMR_OS_pembro_chemo,weibull,538.7426331985223,546.1029784165564,194,7.801984749267188e-5
pMMR,OS,pembro_chemo,intervention,Pembrolizumab + paclitaxel-carboplatin,pMMR_OS_pembro_chemo,weibull,538.7426331985223,546.1029784165564,195,7.27864776739473e-5
pMMR,OS,pembro_chemo,intervention,Pembrolizumab + paclitaxel-carboplatin,pMMR_OS_pembro_chemo,weibull,538.7426331985223,546.1029784165564,196,6.789392154726848e-5
pMMR,OS,pembro_chemo,intervention,Pembrolizumab + paclitaxel-carboplatin,pMMR_OS_pembro_chemo,weibull,538.7426331985223,546.1029784165564,197,6.33207226841126e-5
pMMR,OS,pembro_chemo,intervention,Pembrolizumab + paclitaxel-carboplatin,pMMR_OS_pembro_chemo,weibull,538.7426331985223,546.1029784165564,198,5.904672308187919e-5
pMMR,OS,pembro_chemo,intervention,Pembrolizumab + paclitaxel-carboplatin,pMMR_OS_pembro_chemo,weibull,538.7426331985223,546.1029784165564,199,5.5052988243597945e-5
pMMR,OS,pembro_chemo,intervention,Pembrolizumab + paclitaxel-carboplatin,pMMR_OS_pembro_chemo,weibull,538.7426331985223,546.1029784165564,200,5.132173632893533e-5
pMMR,OS,pembro_chemo,intervention,Pembrolizumab + paclitaxel-carboplatin,pMMR_OS_pembro_chemo,weibull,538.7426331985223,546.1029784165564,201,4.7836271174217515e-5
pMMR,OS,pembro_chemo,intervention,Pembrolizumab + paclitaxel-carboplatin,pMMR_OS_pembro_chemo,weibull,538.7426331985223,546.1029784165564,202,4.4580918985626106e-5
pMMR,OS,pembro_chemo,intervention,Pembrolizumab + paclitaxel-carboplatin,pMMR_OS_pembro_chemo,weibull,538.7426331985223,546.1029784165564,203,4.154096851793909e-5
pMMR,OS,pembro_chemo,intervention,Pembrolizumab + paclitaxel-carboplatin,pMMR_OS_pembro_chemo,weibull,538.7426331985223,546.1029784165564,204,3.870261456162538e-5
pMMR,OS,pembro_chemo,intervention,Pembrolizumab + paclitaxel-carboplatin,pMMR_OS_pembro_chemo,weibull,538.7426331985223,546.1029784165564,205,3.6052904569094935e-5
pMMR,OS,pembro_chemo,intervention,Pembrolizumab + paclitaxel-carboplatin,pMMR_OS_pembro_chemo,weibull,538.7426331985223,546.1029784165564,206,3.357968825612456e-5
pMMR,OS,pembro_chemo,intervention,Pembrolizumab + paclitaxel-carboplatin,pMMR_OS_pembro_chemo,weibull,538.7426331985223,546.1029784165564,207,3.1271570025692697e-5
pMMR,OS,pembro_chemo,intervention,Pembrolizumab + paclitaxel-carboplatin,pMMR_OS_pembro_chemo,weibull,538.7426331985223,546.1029784165564,208,2.9117864066674493e-5
pMMR,OS,pembro_chemo,intervention,Pembrolizumab + paclitaxel-carboplatin,pMMR_OS_pembro_chemo,weibull,538.7426331985223,546.1029784165564,209,2.7108551985399743e-5
pMMR,OS,pembro_chemo,intervention,Pembrolizumab + paclitaxel-carboplatin,pMMR_OS_pembro_chemo,weibull,538.7426331985223,546.1029784165564,210,2.5234242839511367e-5
pMMR,OS,pembro_chemo,intervention,Pembrolizumab + paclitaxel-carboplatin,pMMR_OS_pembro_chemo,weibull,538.7426331985223,546.1029784165564,211,2.3486135443784306e-5
pMMR,OS,pembro_chemo,intervention,Pembrolizumab + paclitaxel-carboplatin,pMMR_OS_pembro_chemo,weibull,538.7426331985223,546.1029784165564,212,2.1855982829110943e-5
pMMR,OS,pembro_chemo,intervention,Pembrolizumab + paclitaxel-carboplatin,pMMR_OS_pembro_chemo,weibull,538.7426331985223,546.1029784165564,213,2.0336058738301688e-5
pMMR,OS,pembro_chemo,intervention,Pembrolizumab + paclitaxel-carboplatin,pMMR_OS_pembro_chemo,weibull,538.7426331985223,546.1029784165564,214,1.8919126049232737e-5
pMMR,OS,pembro_chemo,intervention,Pembrolizumab + paclitaxel-carboplatin,pMMR_OS_pembro_chemo,weibull,538.7426331985223,546.1029784165564,215,1.7598407022090257e-5
pMMR,OS,pembro_chemo,intervention,Pembrolizumab + paclitaxel-carboplatin,pMMR_OS_pembro_chemo,weibull,538.7426331985223,546.1029784165564,216,1.636755527012479e-5
pMMR,OS,pembro_chemo,intervention,Pembrolizumab + paclitaxel-carboplatin,pMMR_OS_pembro_chemo,weibull,538.7426331985223,546.1029784165564,217,1.5220629361878402e-5
pMMR,OS,pembro_chemo,intervention,Pembrolizumab + paclitaxel-carboplatin,pMMR_OS_pembro_chemo,weibull,538.7426331985223,546.1029784165564,218,1.4152067963624226e-5
pMMR,OS,pembro_chemo,intervention,Pembrolizumab + paclitaxel-carboplatin,pMMR_OS_pembro_chemo,weibull,538.7426331985223,546.1029784165564,219,1.315666643897373e-5
pMMR,OS,pembro_chemo,intervention,Pembrolizumab + paclitaxel-carboplatin,pMMR_OS_pembro_chemo,weibull,538.7426331985223,546.1029784165564,220,1.2229554823273148e-5
pMMR,OS,pembro_chemo,intervention,Pembrolizumab + paclitaxel-carboplatin,pMMR_OS_pembro_chemo,weibull,538.7426331985223,546.1029784165564,221,1.1366177098293129e-5
pMMR,OS,pembro_chemo,intervention,Pembrolizumab + paclitaxel-carboplatin,pMMR_OS_pembro_chemo,weibull,538.7426331985223,546.1029784165564,222,1.0562271694047887e-5
pMMR,OS,pembro_chemo,intervention,Pembrolizumab + paclitaxel-carboplatin,pMMR_OS_pembro_chemo,weibull,538.7426331985223,546.1029784165564,223,9.813853147910834e-6
pMMR,OS,pembro_chemo,intervention,Pembrolizumab + paclitaxel-carboplatin,pMMR_OS_pembro_chemo,weibull,538.7426331985223,546.1029784165564,224,9.117194858077049e-6
pMMR,OS,pembro_chemo,intervention,Pembrolizumab + paclitaxel-carboplatin,pMMR_OS_pembro_chemo,weibull,538.7426331985223,546.1029784165564,225,8.46881286764578e-6
pMMR,OS,pembro_chemo,intervention,Pembrolizumab + paclitaxel-carboplatin,pMMR_OS_pembro_chemo,weibull,538.7426331985223,546.1029784165564,226,7.865450622701609e-6
pMMR,OS,pembro_chemo,intervention,Pembrolizumab + paclitaxel-carboplatin,pMMR_OS_pembro_chemo,weibull,538.7426331985223,546.1029784165564,227,7.304064646773689e-6
pMMR,OS,pembro_chemo,intervention,Pembrolizumab + paclitaxel-carboplatin,pMMR_OS_pembro_chemo,weibull,538.7426331985223,546.1029784165564,228,6.781811081379985e-6
pMMR,OS,pembro_chemo,intervention,Pembrolizumab + paclitaxel-carboplatin,pMMR_OS_pembro_chemo,weibull,538.7426331985223,546.1029784165564,229,6.296033042252347e-6
pMMR,OS,pembro_chemo,intervention,Pembrolizumab + paclitaxel-carboplatin,pMMR_OS_pembro_chemo,weibull,538.7426331985223,546.1029784165564,230,5.844248743502867e-6
pMMR,OS,pembro_chemo,intervention,Pembrolizumab + paclitaxel-carboplatin,pMMR_OS_pembro_chemo,weibull,538.7426331985223,546.1029784165564,231,5.4241403462107485e-6
pMMR,OS,pembro_chemo,intervention,Pembrolizumab + paclitaxel-carboplatin,pMMR_OS_pembro_chemo,weibull,538.7426331985223,546.1029784165564,232,5.0335434896853215e-6
pMMR,OS,pembro_chemo,intervention,Pembrolizumab + paclitaxel-carboplatin,pMMR_OS_pembro_chemo,weibull,538.7426331985223,546.1029784165564,233,4.6704374643269375e-6
pMMR,OS,pembro_chemo,intervention,Pembrolizumab + paclitaxel-carboplatin,pMMR_OS_pembro_chemo,weibull,538.7426331985223,546.1029784165564,234,4.332935989670439e-6
pMMR,OS,pembro_chemo,intervention,Pembrolizumab + paclitaxel-carboplatin,pMMR_OS_pembro_chemo,weibull,538.7426331985223,546.1029784165564,235,4.019278562195083e-6
pMMR,OS,pembro_chemo,intervention,Pembrolizumab + paclitaxel-carboplatin,pMMR_OS_pembro_chemo,weibull,538.7426331985223,546.1029784165564,236,3.7278223382619657e-6
pMMR,OS,pembro_chemo,intervention,Pembrolizumab + paclitaxel-carboplatin,pMMR_OS_pembro_chemo,weibull,538.7426331985223,546.1029784165564,237,3.4570345214257614e-6
pMMR,OS,pembro_chemo,intervention,Pembrolizumab + paclitaxel-carboplatin,pMMR_OS_pembro_chemo,weibull,538.7426331985223,546.1029784165564,238,3.2054852242557885e-6
pMMR,OS,pembro_chemo,intervention,Pembrolizumab + paclitaxel-carboplatin,pMMR_OS_pembro_chemo,weibull,538.7426331985223,546.1029784165564,239,2.9718407763557053e-6
pMMR,OS,pembro_chemo,intervention,Pembrolizumab + paclitaxel-carboplatin,pMMR_OS_pembro_chemo,weibull,538.7426331985223,546.1029784165564,240,2.7548574503821754e-6
pMMR,OS,pembro_chemo,intervention,Pembrolizumab + paclitaxel-carboplatin,pMMR_OS_pembro_chemo,weibull,538.7426331985223,546.1029784165564,241,2.5533755841911088e-6
pMMR,OS,pembro_chemo,intervention,Pembrolizumab + paclitaxel-carboplatin,pMMR_OS_pembro_chemo,weibull,538.7426331985223,546.1029784165564,242,2.3663140723551024e-6
pMMR,OS,pembro_chemo,intervention,Pembrolizumab + paclitaxel-carboplatin,pMMR_OS_pembro_chemo,weibull,538.7426331985223,546.1029784165564,243,2.1926652059578444e-6
pMMR,OS,pembro_chemo,intervention,Pembrolizumab + paclitaxel-carboplatin,pMMR_OS_pembro_chemo,weibull,538.7426331985223,546.1029784165564,244,2.0314898393491987e-6
pMMR,OS,pembro_chemo,intervention,Pembrolizumab + paclitaxel-carboplatin,pMMR_OS_pembro_chemo,weibull,538.7426331985223,546.1029784165564,245,1.8819128649871786e-6
pMMR,OS,pembro_chemo,intervention,Pembrolizumab + paclitaxel-carboplatin,pMMR_OS_pembro_chemo,weibull,538.7426331985223,546.1029784165564,246,1.7431189754946175e-6
pMMR,OS,pembro_chemo,intervention,Pembrolizumab + paclitaxel-carboplatin,pMMR_OS_pembro_chemo,weibull,538.7426331985223,546.1029784165564,247,1.614348697276391e-6
pMMR,OS,pembro_chemo,intervention,Pembrolizumab + paclitaxel-carboplatin,pMMR_OS_pembro_chemo,weibull,538.7426331985223,546.1029784165564,248,1.494894678488734e-6
pMMR,OS,pembro_chemo,intervention,Pembrolizumab + paclitaxel-carboplatin,pMMR_OS_pembro_chemo,weibull,538.7426331985223,546.1029784165564,249,1.3840982150403747e-6
pMMR,OS,pembro_chemo,intervention,Pembrolizumab + paclitaxel-carboplatin,pMMR_OS_pembro_chemo,weibull,538.7426331985223,546.1029784165564,250,1.2813460007476962e-6
pMMR,OS,pembro_chemo,intervention,Pembrolizumab + paclitaxel-carboplatin,pMMR_OS_pembro_chemo,weibull,538.7426331985223,546.1029784165564,251,1.1860670874330737e-6
pMMR,OS,pembro_chemo,intervention,Pembrolizumab + paclitaxel-carboplatin,pMMR_OS_pembro_chemo,weibull,538.7426331985223,546.1029784165564,252,1.097730042198819e-6
pMMR,OS,pembro_chemo,intervention,Pembrolizumab + paclitaxel-carboplatin,pMMR_OS_pembro_chemo,weibull,538.7426331985223,546.1029784165564,253,1.0158402887761042e-6
pMMR,OS,pembro_chemo,intervention,Pembrolizumab + paclitaxel-carboplatin,pMMR_OS_pembro_chemo,weibull,538.7426331985223,546.1029784165564,254,9.399376224017431e-7
pMMR,OS,pembro_chemo,intervention,Pembrolizumab + paclitaxel-carboplatin,pMMR_OS_pembro_chemo,weibull,538.7426331985223,546.1029784165564,255,8.69593887120601e-7
pMMR,OS,pembro_chemo,intervention,Pembrolizumab + paclitaxel-carboplatin,pMMR_OS_pembro_chemo,weibull,538.7426331985223,546.1029784165564,256,8.044108046334486e-7
pMMR,OS,pembro_chemo,intervention,Pembrolizumab + paclitaxel-carboplatin,pMMR_OS_pembro_chemo,weibull,538.7426331985223,546.1029784165564,257,7.440179460305174e-7
pMMR,OS,pembro_chemo,intervention,Pembrolizumab + paclitaxel-carboplatin,pMMR_OS_pembro_chemo,weibull,538.7426331985223,546.1029784165564,258,6.880708368628419e-7
pMMR,OS,pembro_chemo,intervention,Pembrolizumab + paclitaxel-carboplatin,pMMR_OS_pembro_chemo,weibull,538.7426331985223,546.1029784165564,259,6.36249187113691e-7
pMMR,OS,pembro_chemo,intervention,Pembrolizumab + paclitaxel-carboplatin,pMMR_OS_pembro_chemo,weibull,538.7426331985223,546.1029784165564,260,5.882552384095519e-7
pMMR,OS,pembro_chemo,intervention,Pembrolizumab + paclitaxel-carboplatin,pMMR_OS_pembro_chemo,weibull,538.7426331985223,546.1029784165564,261,5.438122206991025e-7
pMMR,OS,pembro_chemo,intervention,Pembrolizumab + paclitaxel-carboplatin,pMMR_OS_pembro_chemo,weibull,538.7426331985223,546.1029784165564,262,5.026629112947489e-7
pMMR,OS,pembro_chemo,intervention,Pembrolizumab + paclitaxel-carboplatin,pMMR_OS_pembro_chemo,weibull,538.7426331985223,546.1029784165564,263,4.64568290059475e-7
pMMR,OS,pembro_chemo,intervention,Pembrolizumab + paclitaxel-carboplatin,pMMR_OS_pembro_chemo,weibull,538.7426331985223,546.1029784165564,264,4.293062847438023e-7
pMMR,OS,pembro_chemo,intervention,Pembrolizumab + paclitaxel-carboplatin,pMMR_OS_pembro_chemo,weibull,538.7426331985223,546.1029784165564,265,3.9667059981152164e-7
pMMR,OS,pembro_chemo,intervention,Pembrolizumab + paclitaxel-carboplatin,pMMR_OS_pembro_chemo,weibull,538.7426331985223,546.1029784165564,266,3.6646962375819214e-7
pMMR,OS,pembro_chemo,intervention,Pembrolizumab + paclitaxel-carboplatin,pMMR_OS_pembro_chemo,weibull,538.7426331985223,546.1029784165564,267,3.38525410814583e-7
pMMR,OS,pembro_chemo,intervention,Pembrolizumab + paclitaxel-carboplatin,pMMR_OS_pembro_chemo,weibull,538.7426331985223,546.1029784165564,268,3.126727300406529e-7
pMMR,OS,pembro_chemo,intervention,Pembrolizumab + paclitaxel-carboplatin,pMMR_OS_pembro_chemo,weibull,538.7426331985223,546.1029784165564,269,2.88758179589621e-7
pMMR,OS,pembro_chemo,intervention,Pembrolizumab + paclitaxel-carboplatin,pMMR_OS_pembro_chemo,weibull,538.7426331985223,546.1029784165564,270,2.6663936103510366e-7
pMMR,OS,pembro_chemo,intervention,Pembrolizumab + paclitaxel-carboplatin,pMMR_OS_pembro_chemo,weibull,538.7426331985223,546.1029784165564,271,2.46184108876335e-7
pMMR,OS,pembro_chemo,intervention,Pembrolizumab + paclitaxel-carboplatin,pMMR_OS_pembro_chemo,weibull,538.7426331985223,546.1029784165564,272,2.2726977311204877e-7
pMMR,OS,pembro_chemo,intervention,Pembrolizumab + paclitaxel-carboplatin,pMMR_OS_pembro_chemo,weibull,538.7426331985223,546.1029784165564,273,2.0978255133030643e-7
pMMR,OS,pembro_chemo,intervention,Pembrolizumab + paclitaxel-carboplatin,pMMR_OS_pembro_chemo,weibull,538.7426331985223,546.1029784165564,274,1.9361686476315754e-7
pMMR,OS,pembro_chemo,intervention,Pembrolizumab + paclitaxel-carboplatin,pMMR_OS_pembro_chemo,weibull,538.7426331985223,546.1029784165564,275,1.7867477886124306e-7
pMMR,OS,pembro_chemo,intervention,Pembrolizumab + paclitaxel-carboplatin,pMMR_OS_pembro_chemo,weibull,538.7426331985223,546.1029784165564,276,1.6486546261518242e-7
pMMR,OS,pembro_chemo,intervention,Pembrolizumab + paclitaxel-carboplatin,pMMR_OS_pembro_chemo,weibull,538.7426331985223,546.1029784165564,277,1.5210468573556568e-7
pMMR,OS,pembro_chemo,intervention,Pembrolizumab + paclitaxel-carboplatin,pMMR_OS_pembro_chemo,weibull,538.7426331985223,546.1029784165564,278,1.4031434936168097e-7
pMMR,OS,pembro_chemo,intervention,Pembrolizumab + paclitaxel-carboplatin,pMMR_OS_pembro_chemo,weibull,538.7426331985223,546.1029784165564,279,1.2942205107613347e-7
pMMR,OS,pembro_chemo,intervention,Pembrolizumab + paclitaxel-carboplatin,pMMR_OS_pembro_chemo,weibull,538.7426331985223,546.1029784165564,280,1.193606781191292e-7
pMMR,OS,pembro_chemo,intervention,Pembrolizumab + paclitaxel-carboplatin,pMMR_OS_pembro_chemo,weibull,538.7426331985223,546.1029784165564,281,1.1006803024571354e-7
pMMR,OS,pembro_chemo,intervention,Pembrolizumab + paclitaxel-carboplatin,pMMR_OS_pembro_chemo,weibull,538.7426331985223,546.1029784165564,282,1.0148646811813933e-7
pMMR,OS,pembro_chemo,intervention,Pembrolizumab + paclitaxel-carboplatin,pMMR_OS_pembro_chemo,weibull,538.7426331985223,546.1029784165564,283,9.35625862341638e-8
pMMR,OS,pembro_chemo,intervention,Pembrolizumab + paclitaxel-carboplatin,pMMR_OS_pembro_chemo,weibull,538.7426331985223,546.1029784165564,284,8.624690928105139e-8
pMMR,OS,pembro_chemo,intervention,Pembrolizumab + paclitaxel-carboplatin,pMMR_OS_pembro_chemo,weibull,538.7426331985223,546.1029784165564,285,7.949360891768009e-8
pMMR,OS,pembro_chemo,intervention,Pembrolizumab + paclitaxel-carboplatin,pMMR_OS_pembro_chemo,weibull,538.7426331985223,546.1029784165564,286,7.32602413178185e-8
pMMR,OS,pembro_chemo,intervention,Pembrolizumab + paclitaxel-carboplatin,pMMR_OS_pembro_chemo,weibull,538.7426331985223,546.1029784165564,287,6.750750225492652e-8
pMMR,OS,pembro_chemo,intervention,Pembrolizumab + paclitaxel-carboplatin,pMMR_OS_pembro_chemo,weibull,538.7426331985223,546.1029784165564,288,6.219900017256919e-8
pMMR,OS,pembro_chemo,intervention,Pembrolizumab + paclitaxel-carboplatin,pMMR_OS_pembro_chemo,weibull,538.7426331985223,546.1029784165564,289,5.730104490897503e-8
pMMR,OS,pembro_chemo,intervention,Pembrolizumab + paclitaxel-carboplatin,pMMR_OS_pembro_chemo,weibull,538.7426331985223,546.1029784165564,290,5.278245163164996e-8
pMMR,OS,pembro_chemo,intervention,Pembrolizumab + paclitaxel-carboplatin,pMMR_OS_pembro_chemo,weibull,538.7426331985223,546.1029784165564,291,4.8614358316712014e-8
pMMR,OS,pembro_chemo,intervention,Pembrolizumab + paclitaxel-carboplatin,pMMR_OS_pembro_chemo,weibull,538.7426331985223,546.1029784165564,292,4.477005643988008e-8
pMMR,OS,pembro_chemo,intervention,Pembrolizumab + paclitaxel-carboplatin,pMMR_OS_pembro_chemo,weibull,538.7426331985223,546.1029784165564,293,4.1224833990938237e-8
pMMR,OS,pembro_chemo,intervention,Pembrolizumab + paclitaxel-carboplatin,pMMR_OS_pembro_chemo,weibull,538.7426331985223,546.1029784165564,294,3.79558289242965e-8
pMMR,OS,pembro_chemo,intervention,Pembrolizumab + paclitaxel-carboplatin,pMMR_OS_pembro_chemo,weibull,538.7426331985223,546.1029784165564,295,3.49418936007595e-8
pMMR,OS,pembro_chemo,intervention,Pembrolizumab + paclitaxel-carboplatin,pMMR_OS_pembro_chemo,weibull,538.7426331985223,546.1029784165564,296,3.216346922130242e-8
pMMR,OS,pembro_chemo,intervention,Pembrolizumab + paclitaxel-carboplatin,pMMR_OS_pembro_chemo,weibull,538.7426331985223,546.1029784165564,297,2.9602468698541884e-8
pMMR,OS,pembro_chemo,intervention,Pembrolizumab + paclitaxel-carboplatin,pMMR_OS_pembro_chemo,weibull,538.7426331985223,546.1029784165564,298,2.7242168187946447e-8
pMMR,OS,pembro_chemo,intervention,Pembrolizumab + paclitaxel-carboplatin,pMMR_OS_pembro_chemo,weibull,538.7426331985223,546.1029784165564,299,2.506710616856367e-8
pMMR,OS,pembro_chemo,intervention,Pembrolizumab + paclitaxel-carboplatin,pMMR_OS_pembro_chemo,weibull,538.7426331985223,546.1029784165564,300,2.306299073939755e-8
pMMR,OS,pembro_chemo,intervention,Pembrolizumab + paclitaxel-carboplatin,pMMR_OS_pembro_chemo,weibull,538.7426331985223,546.1029784165564,301,2.1216612244856492e-8
pMMR,OS,pembro_chemo,intervention,Pembrolizumab + paclitaxel-carboplatin,pMMR_OS_pembro_chemo,weibull,538.7426331985223,546.1029784165564,302,1.9515763338695535e-8
pMMR,OS,pembro_chemo,intervention,Pembrolizumab + paclitaxel-carboplatin,pMMR_OS_pembro_chemo,weibull,538.7426331985223,546.1029784165564,303,1.794916426600679e-8
pMMR,OS,pembro_chemo,intervention,Pembrolizumab + paclitaxel-carboplatin,pMMR_OS_pembro_chemo,weibull,538.7426331985223,546.1029784165564,304,1.650639391836961e-8
pMMR,OS,pembro_chemo,intervention,Pembrolizumab + paclitaxel-carboplatin,pMMR_OS_pembro_chemo,weibull,538.7426331985223,546.1029784165564,305,1.5177825662959776e-8
pMMR,OS,pembro_chemo,intervention,Pembrolizumab + paclitaxel-carboplatin,pMMR_OS_pembro_chemo,weibull,538.7426331985223,546.1029784165564,306,1.3954567723573064e-8
pMMR,OS,pembro_chemo,intervention,Pembrolizumab + paclitaxel-carboplatin,pMMR_OS_pembro_chemo,weibull,538.7426331985223,546.1029784165564,307,1.282840866867474e-8
pMMR,OS,pembro_chemo,intervention,Pembrolizumab + paclitaxel-carboplatin,pMMR_OS_pembro_chemo,weibull,538.7426331985223,546.1029784165564,308,1.1791766008073523e-8
pMMR,OS,pembro_chemo,intervention,Pembrolizumab + paclitaxel-carboplatin,pMMR_OS_pembro_chemo,weibull,538.7426331985223,546.1029784165564,309,1.0837638897420732e-8
pMMR,OS,pembro_chemo,intervention,Pembrolizumab + paclitaxel-carboplatin,pMMR_OS_pembro_chemo,weibull,538.7426331985223,546.1029784165564,310,9.95956461746772e-9
pMMR,OS,pembro_chemo,intervention,Pembrolizumab + paclitaxel-carboplatin,pMMR_OS_pembro_chemo,weibull,538.7426331985223,546.1029784165564,311,9.151577939903177e-9
pMMR,OS,pembro_chemo,intervention,Pembrolizumab + paclitaxel-carboplatin,pMMR_OS_pembro_chemo,weibull,538.7426331985223,546.1029784165564,312,8.408173157725685e-9
pMMR,OS,pembro_chemo,intervention,Pembrolizumab + paclitaxel-carboplatin,pMMR_OS_pembro_chemo,weibull,538.7426331985223,546.1029784165564,313,7.724270112419163e-9
pMMR,OS,pembro_chemo,intervention,Pembrolizumab + paclitaxel-carboplatin,pMMR_OS_pembro_chemo,weibull,538.7426331985223,546.1029784165564,314,7.095180998284434e-9
pMMR,OS,pembro_chemo,intervention,Pembrolizumab + paclitaxel-carboplatin,pMMR_OS_pembro_chemo,weibull,538.7426331985223,546.1029784165564,315,6.516581274595978e-9
pMMR,OS,pembro_chemo,intervention,Pembrolizumab + paclitaxel-carboplatin,pMMR_OS_pembro_chemo,weibull,538.7426331985223,546.1029784165564,316,5.9844820210486205e-9
pMMR,OS,pembro_chemo,intervention,Pembrolizumab + paclitaxel-carboplatin,pMMR_OS_pembro_chemo,weibull,538.7426331985223,546.1029784165564,317,5.4952039585387524e-9
pMMR,OS,pembro_chemo,intervention,Pembrolizumab + paclitaxel-carboplatin,pMMR_OS_pembro_chemo,weibull,538.7426331985223,546.1029784165564,318,5.045354134480817e-9
pMMR,OS,pembro_chemo,intervention,Pembrolizumab + paclitaxel-carboplatin,pMMR_OS_pembro_chemo,weibull,538.7426331985223,546.1029784165564,319,4.631804051413724e-9
pMMR,OS,pembro_chemo,intervention,Pembrolizumab + paclitaxel-carboplatin,pMMR_OS_pembro_chemo,weibull,538.7426331985223,546.1029784165564,320,4.251669127874891e-9
pMMR,OS,pembro_chemo,intervention,Pembrolizumab + paclitaxel-carboplatin,pMMR_OS_pembro_chemo,weibull,538.7426331985223,546.1029784165564,321,3.902290490742644e-9
pMMR,OS,pembro_chemo,intervention,Pembrolizumab + paclitaxel-carboplatin,pMMR_OS_pembro_chemo,weibull,538.7426331985223,546.1029784165564,322,3.5812174337124247e-9
pMMR,OS,pembro_chemo,intervention,Pembrolizumab + paclitaxel-carboplatin,pMMR_OS_pembro_chemo,weibull,538.7426331985223,546.1029784165564,323,3.2861909859960292e-9
pMMR,OS,pembro_chemo,intervention,Pembrolizumab + paclitaxel-carboplatin,pMMR_OS_pembro_chemo,weibull,538.7426331985223,546.1029784165564,324,3.0151300345337972e-9
pMMR,OS,pembro_chemo,intervention,Pembrolizumab + paclitaxel-carboplatin,pMMR_OS_pembro_chemo,weibull,538.7426331985223,546.1029784165564,325,2.766116669050689e-9
pMMR,OS,pembro_chemo,intervention,Pembrolizumab + paclitaxel-carboplatin,pMMR_OS_pembro_chemo,weibull,538.7426331985223,546.1029784165564,326,2.5373843026699205e-9
pMMR,OS,pembro_chemo,intervention,Pembrolizumab + paclitaxel-carboplatin,pMMR_OS_pembro_chemo,weibull,538.7426331985223,546.1029784165564,327,2.3273053484373918e-9
pMMR,OS,pembro_chemo,intervention,Pembrolizumab + paclitaxel-carboplatin,pMMR_OS_pembro_chemo,weibull,538.7426331985223,546.1029784165564,328,2.134381116292161e-9
pMMR,OS,pembro_chemo,intervention,Pembrolizumab + paclitaxel-carboplatin,pMMR_OS_pembro_chemo,weibull,538.7426331985223,546.1029784165564,329,1.957231043903107e-9
pMMR,OS,pembro_chemo,intervention,Pembrolizumab + paclitaxel-carboplatin,pMMR_OS_pembro_chemo,weibull,538.7426331985223,546.1029784165564,330,1.7945843699962438e-9
pMMR,OS,pembro_chemo,intervention,Pembrolizumab + paclitaxel-carboplatin,pMMR_OS_pembro_chemo,weibull,538.7426331985223,546.1029784165564,331,1.645270808481314e-9
pMMR,OS,pembro_chemo,intervention,Pembrolizumab + paclitaxel-carboplatin,pMMR_OS_pembro_chemo,weibull,538.7426331985223,546.1029784165564,332,1.5082131099575236e-9
pMMR,OS,pembro_chemo,intervention,Pembrolizumab + paclitaxel-carboplatin,pMMR_OS_pembro_chemo,weibull,538.7426331985223,546.1029784165564,333,1.38241973424158e-9
pMMR,OS,pembro_chemo,intervention,Pembrolizumab + paclitaxel-carboplatin,pMMR_OS_pembro_chemo,weibull,538.7426331985223,546.1029784165564,334,1.2669780780072415e-9
pMMR,OS,pembro_chemo,intervention,Pembrolizumab + paclitaxel-carboplatin,pMMR_OS_pembro_chemo,weibull,538.7426331985223,546.1029784165564,335,1.1610483685586814e-9
pMMR,OS,pembro_chemo,intervention,Pembrolizumab + paclitaxel-carboplatin,pMMR_OS_pembro_chemo,weibull,538.7426331985223,546.1029784165564,336,1.0638581127153657e-9
pMMR,OS,pembro_chemo,intervention,Pembrolizumab + paclitaxel-carboplatin,pMMR_OS_pembro_chemo,weibull,538.7426331985223,546.1029784165564,337,9.746962126300218e-10
pMMR,OS,pembro_chemo,intervention,Pembrolizumab + paclitaxel-carboplatin,pMMR_OS_pembro_chemo,weibull,538.7426331985223,546.1029784165564,338,8.929089689857506e-10
pMMR,OS,pembro_chemo,intervention,Pembrolizumab + paclitaxel-carboplatin,pMMR_OS_pembro_chemo,weibull,538.7426331985223,546.1029784165564,339,8.1789486294781e-10
pMMR,OS,pembro_chemo,intervention,Pembrolizumab + paclitaxel-carboplatin,pMMR_OS_pembro_chemo,weibull,538.7426331985223,546.1029784165564,340,7.491007814053319e-10
pMMR,OS,pembro_chemo,intervention,Pembrolizumab + paclitaxel-carboplatin,pMMR_OS_pembro_chemo,weibull,538.7426331985223,546.1029784165564,341,6.860180201684329e-10
pMMR,OS,pembro_chemo,intervention,Pembrolizumab + paclitaxel-carboplatin,pMMR_OS_pembro_chemo,weibull,538.7426331985223,546.1029784165564,342,6.281790643214435e-10
pMMR,OS,pembro_chemo,intervention,Pembrolizumab + paclitaxel-carboplatin,pMMR_OS_pembro_chemo,weibull,538.7426331985223,546.1029784165564,343,5.751539244869264e-10
pMMR,OS,pembro_chemo,intervention,Pembrolizumab + paclitaxel-carboplatin,pMMR_OS_pembro_chemo,weibull,538.7426331985223,546.1029784165564,344,5.265474722904173e-10
pMMR,OS,pembro_chemo,intervention,Pembrolizumab + paclitaxel-carboplatin,pMMR_OS_pembro_chemo,weibull,538.7426331985223,546.1029784165564,345,4.81996442758259e-10
pMMR,OS,pembro_chemo,intervention,Pembrolizumab + paclitaxel-carboplatin,pMMR_OS_pembro_chemo,weibull,538.7426331985223,546.1029784165564,346,4.4116699182694674e-10
pMMR,OS,pembro_chemo,intervention,Pembrolizumab + paclitaxel-carboplatin,pMMR_OS_pembro_chemo,weibull,538.7426331985223,546.1029784165564,347,4.0375258691938143e-10
pMMR,OS,pembro_chemo,intervention,Pembrolizumab + paclitaxel-carboplatin,pMMR_OS_pembro_chemo,weibull,538.7426331985223,546.1029784165564,348,3.694712313873083e-10
pMMR,OS,pembro_chemo,intervention,Pembrolizumab + paclitaxel-carboplatin,pMMR_OS_pembro_chemo,weibull,538.7426331985223,546.1029784165564,349,3.380642432659897e-10
pMMR,OS,pembro_chemo,intervention,Pembrolizumab + paclitaxel-carboplatin,pMMR_OS_pembro_chemo,weibull,538.7426331985223,546.1029784165564,350,3.09293590738946e-10
pMMR,OS,pembro_chemo,intervention,Pembrolizumab + paclitaxel-carboplatin,pMMR_OS_pembro_chemo,weibull,538.7426331985223,546.1029784165564,351,2.829411149818384e-10
pMMR,OS,pembro_chemo,intervention,Pembrolizumab + paclitaxel-carboplatin,pMMR_OS_pembro_chemo,weibull,538.7426331985223,546.1029784165564,352,2.5880619869411703e-10
pMMR,OS,pembro_chemo,intervention,Pembrolizumab + paclitaxel-carboplatin,pMMR_OS_pembro_chemo,weibull,538.7426331985223,546.1029784165564,353,2.3670465587599665e-10
pMMR,OS,pembro_chemo,intervention,Pembrolizumab + paclitaxel-carboplatin,pMMR_OS_pembro_chemo,weibull,538.7426331985223,546.1029784165564,354,2.1646728853852437e-10
pMMR,OS,pembro_chemo,intervention,Pembrolizumab + paclitaxel-carboplatin,pMMR_OS_pembro_chemo,weibull,538.7426331985223,546.1029784165564,355,1.9793910954746252e-10
pMMR,OS,pembro_chemo,intervention,Pembrolizumab + paclitaxel-carboplatin,pMMR_OS_pembro_chemo,weibull,538.7426331985223,546.1029784165564,356,1.8097745524414677e-10
pMMR,OS,pembro_chemo,intervention,Pembrolizumab + paclitaxel-carboplatin,pMMR_OS_pembro_chemo,weibull,538.7426331985223,546.1029784165564,357,1.654517634008812e-10
pMMR,OS,pembro_chemo,intervention,Pembrolizumab + paclitaxel-carboplatin,pMMR_OS_pembro_chemo,weibull,538.7426331985223,546.1029784165564,358,1.512417968640989e-10
pMMR,OS,pembro_chemo,intervention,Pembrolizumab + paclitaxel-carboplatin,pMMR_OS_pembro_chemo,weibull,538.7426331985223,546.1029784165564,359,1.3823764355436197e-10
pMMR,OS,pembro_chemo,intervention,Pembrolizumab + paclitaxel-carboplatin,pMMR_OS_pembro_chemo,weibull,538.7426331985223,546.1029784165564,360,1.2633827317642954e-10
